stop_id,stop_code,name,description,latitude,longitude,routes,ridership,match_method,city_nbr_shelters_raw,valley_shelters_raw,valley_shelter_raw,valley_shade_raw,historical_photo_url,shelter_status
2121,11679,27th Av & Van Buren St,NB 27th Av & FS Van Buren St,33.4517020000001,-112.117385,27,115,stop_id,,0,0,,,unknown
100,16619,Bell Rd & 44th St,EB Bell Rd & FS 44th St,33.6404830000001,-111.986084,170,3,stop_id,,0,0,,,unknown
2122,11686,27th Av & Virginia Av,NB 27th Av & FS Virginia Av,33.4773920000001,-112.116957,27,6,stop_id,,0,0,,,unknown
1003,13532,Atlanta Av & 11th Av,EB Atlanta Av & FS 11th Av,33.4000360000001,-112.085804,52,6,stop_id,,0,0,,,unknown
2123,11682,27th Av & I-10 Fwy,NB 27th Av & FS I-10 Fwy,33.462864,-112.117078,27,3,stop_id,,0,0,,,unknown
1004,14926,Baseline Rd & 19th Av,EB Baseline Rd & FS 19th Av,33.377644,-112.098529,77,39,stop_id,,0,0,,,unknown
1005,11503,Baseline Rd & 35th Av,EB Baseline Rd & FS 35th Av,33.377511,-112.133145,"77, 35",66,stop_id,,0,0,,,unknown
2124,11678,27th Av & Adams St,NB 27th Av & FS Adams St,33.449618,-112.117401,27,2,stop_id,,0,0,,,unknown
1006,10819,Baseline Rd & 7th Av,EB Baseline Rd & FS 7th Av,33.3776080000001,-112.082137,77,17,stop_id,,0,0,,,unknown
2125,18308,27th Av & Belmont Av,NB 27th Av & FS Belmont Av,33.549522,-112.116845,27,12,stop_id,,0,0,,,unknown
2126,11680,27th Av & Fillmore St,NB 27th Av & FS Fillmore St,33.4551010000001,-112.117314,27,7,stop_id,,0,0,,,unknown
1008,14928,Baseline Rd & 15th Av,EB Baseline Rd & FS 15th Av,33.3776140000001,-112.091452,77,5,stop_id,,0,0,,,unknown
2127,11708,27th Av & Griswold Rd,NB 27th Av & FS Griswold Rd,33.5571420000001,-112.116858,27,5,stop_id,,0,0,,,unknown
1009,14722,Baseline Rd & 27th Av PNR,EB Baseline Rd & AT 27th Av PNR,33.3775450000001,-112.118008,"SMW, 77, 35",51,stop_id,,0,0,,,unknown
2128,11681,27th Av & Roosevelt St,NB 27th Av & FS Roosevelt St,33.4590650000001,-112.117191,27,13,stop_id,,0,0,,,unknown
101,16620,Bell Rd & 4612 East,EB Bell Rd & AT 4612 East,33.6404390000001,-111.979856,170,6,stop_id,,0,0,,,unknown
2129,11702,27th Av & Ocotillo Rd,NB 27th Av & NS Ocotillo Rd,33.53463,-112.116783,27,10,stop_id,,0,0,,,unknown
1010,11505,Baseline Rd & 29th Av,EB Baseline Rd & FS 29th Av,33.377575,-112.121448,"77, 35",5,stop_id,,0,0,,,unknown
2130,11737,28th Av & Kathleen Rd,NB 28th Av & FS Kathleen Rd,33.630749,-112.118016,27,2,stop_id,,0,0,,,unknown
1011,10760,Baseline Rd & 4th Av,EB Baseline Rd & FS 4th Av,33.377642,-112.078664,"8, 77",15,stop_id,,0,0,,,unknown
2131,11736,28th Av & 28th Dr,NB 28th Av & FS 28th Dr,33.6275650000001,-112.118154,27,1,stop_id,,0,0,,,unknown
2132,11739,28th Av & Kelton Ln,NB 28th Av & NS Kelton Ln,33.6355130000001,-112.118592,27,2,stop_id,,0,0,,,unknown
10142,10765,Sunnyslope TC,Sunnyslope TC (Bay 1 north side),33.567123,-112.069363,SMRT,,unmatched,,0,,,,unknown
1015,18460,7th St & Union Hills Dr,NB 7th St & FS Union Hills Dr,33.6552580000001,-112.065362,7,9,stop_id,,0,0,,,unknown
1019,18461,7th St & Westcott Dr,NB 7th St & FS Westcott Dr,33.65909,-112.065462,7,1,stop_id,,0,0,,,unknown
102,16623,Bell Rd & 52nd St,EB Bell Rd & FS 52nd St,33.6403690000001,-111.968269,170,0,stop_id,,0,0,,,unknown
1022,18462,7th St & Utopia Dr,NB 7th St & FS Utopia Dr,33.66256,-112.065473,7,0,stop_id,,0,0,,,unknown
1023,18463,7th St & Behrend Dr,NB 7th St & FS Behrend Dr,33.666252,-112.065443,7,2,stop_id,,0,0,,,unknown
1024,16585,Bell Rd & 41st Av,EB Bell Rd & FS 41st Av,33.63926,-112.146273,170,9,stop_id,,0,0,,,unknown
1025,16597,Bell Rd & 11th Av,EB Bell Rd & FS 11th Av,33.6400370000001,-112.08671,170,30,stop_id,,0,0,,,unknown
1026,16596,Bell Rd & 15th Av,EB Bell Rd & FS 15th Av,33.6400140000001,-112.090995,170,21,stop_id,,0,0,,,unknown
1027,16595,Bell Rd & 17th Av,EB Bell Rd & FS 17th Av,33.640007,-112.095044,170,31,stop_id,,0,0,,,unknown
10272,10775,Sunnyslope TC,Sunnyslope TC (Bay 8 south side),33.5670250000001,-112.06934,SMRT,,unmatched,,0,0,,https://farm9.staticflickr.com/8753/16796369567_f53509ff42_o.jpg,unknown
1028,16594,Bell Rd & 19th Av,EB Bell Rd & FS 19th Av,33.6399490000001,-112.098775,170,165,stop_id,,0,0,,,unknown
1029,16593,Bell Rd & 21st Av,EB Bell Rd & FS 21st Av,33.639917,-112.102793,170,2,stop_id,,0,0,,,unknown
103,16624,Bell Rd & 54th St,EB Bell Rd & FS 54th St,33.6403480000001,-111.964278,170,0,stop_id,,0,0,,,unknown
1030,16592,Bell Rd & 23rd Av,EB Bell Rd & FS 23rd Av,33.63987,-112.107883,170,31,stop_id,,0,0,,,unknown
1031,16591,Bell Rd & 29th Av,EB Bell Rd & FS 29th Av,33.6396560000001,-112.120832,"27, 170",107,stop_id,,0,0,,,unknown
1032,16590,Bell Rd & 31st Av,EB Bell Rd & FS 31st Av,33.6396110000001,-112.124594,170,2,stop_id,,0,0,,,unknown
1033,16589,Bell Rd & 33rd Dr,EB Bell Rd & FS 33rd Dr,33.639527,-112.129544,170,28,stop_id,,0,0,,,unknown
1034,16588,Bell Rd & 35th Av,EB Bell Rd & FS 35th Av,33.6394310000001,-112.133856,170,67,stop_id,,0,0,,,unknown
1035,16587,Bell Rd & 37th Av,EB Bell Rd & FS 37th Av,33.6393890000001,-112.138293,170,4,stop_id,,0,0,,,unknown
1036,16586,Bell Rd & 39th Av,EB Bell Rd & FS 39th Av,33.6393140000001,-112.142682,170,2,stop_id,,0,0,,,unknown
1037,16599,Bell Rd & 3rd Av,EB Bell Rd & FS 3rd Av,33.640094,-112.078096,170,16,stop_id,,0,0,,,unknown
1038,16584,Bell Rd & 43rd Av,EB Bell Rd & FS 43rd Av,33.639171,-112.150981,170,65,stop_id,,0,0,,,unknown
1039,16472,Bell Rd & 47th Av,EB Bell Rd & FS 47th Av,33.6389980000001,-112.160005,170,2,stop_id,,0,0,,,unknown
104,16625,Bell Rd & 56th St,EB Bell Rd & FS 56th St,33.640296,-111.959522,170,4,stop_id,,0,0,,,unknown
1040,16471,Bell Rd & 49th Av,EB Bell Rd & FS 49th Av,33.638949,-112.164423,170,4,stop_id,,0,0,,,unknown
1041,16470,Bell Rd & 51st Av,EB Bell Rd & FS 51st Av,33.638854,-112.168585,170,51,stop_id,,0,0,,,unknown
105,16626,Bell Rd & 58th St,EB Bell Rd & FS 58th St,33.640293,-111.955386,170,5,stop_id,,0,0,,,unknown
1051,16598,Bell Rd & 7th Av,EB Bell Rd & FS 7th Av,33.640028,-112.082396,170,19,stop_id,,0,0,,,unknown
1052,16473,Bell Rd & Park Pl,EB Bell Rd & FS Park Pl,33.6391090000001,-112.155141,170,3,stop_id,,0,0,,,unknown
1055,13845,Bethany Home Rd & 17th Av,EB Bethany Home Rd & FS 17th Av,33.5238600000001,-112.09511,60,10,stop_id,,0,0,,,unknown
1056,12747,Bethany Home Rd & 11th Av,EB Bethany Home Rd & FS 11th Av,33.5238190000001,-112.086136,60,2,stop_id,,0,0,,,unknown
1057,13846,Bethany Home Rd & 16th Av,EB Bethany Home Rd & FS 16th Av,33.52385,-112.093051,60,29,stop_id,,0,0,,,unknown
1058,13844,Bethany Home Rd & 19th Av,EB Bethany Home Rd & FS 19th Av,33.5239340000001,-112.098957,60,19,stop_id,,0,0,,,unknown
1059,13843,Bethany Home Rd & 21st Av,EB Bethany Home Rd & FS 21st Av,33.5240170000001,-112.103072,60,3,stop_id,,0,0,,,unknown
106,16627,Bell Rd & 60th St,EB Bell Rd & FS 60th St,33.6402640000001,-111.951199,170,0,stop_id,,0,0,,,unknown
1060,13842,Bethany Home Rd & 23rd Av,EB Bethany Home Rd & FS 23rd Av,33.523983,-112.107887,60,23,stop_id,,0,0,,,unknown
1061,13840,Bethany Home Rd & 27th Av,EB Bethany Home Rd & FS 27th Av,33.5239040000001,-112.115905,60,89,stop_id,,0,0,,,unknown
1062,13839,Bethany Home Rd & 29th Av,EB Bethany Home Rd & FS 29th Av,33.523919,-112.120875,60,8,stop_id,,0,0,,,unknown
1063,13838,Bethany Home Rd & 31st Av,EB Bethany Home Rd & FS 31st Av,33.523901,-112.125266,60,21,stop_id,,0,0,,,unknown
1064,13837,Bethany Home Rd & 33rd Av,EB Bethany Home Rd & FS 33rd Av,33.5238810000001,-112.129393,60,27,stop_id,,0,0,,,unknown
1065,12354,Bethany Home Rd & 35th Av,EB Bethany Home Rd & FS 35th Av,33.5238620000001,-112.133681,60,91,stop_id,,0,0,,,unknown
1066,13835,Bethany Home Rd & 37th Av,EB Bethany Home Rd & FS 37th Av,33.5238640000001,-112.13801,60,7,stop_id,,0,0,,,unknown
1067,13834,Bethany Home Rd & 39th Av,EB Bethany Home Rd & FS 39th Av,33.523846,-112.142346,60,21,stop_id,,0,0,,,unknown
1068,13849,Bethany Home Rd & 3rd Av,EB Bethany Home Rd & FS 3rd Av,33.5237270000001,-112.077413,60,0,stop_id,,0,0,,,unknown
1069,13832,Bethany Home Rd & 43rd Av,EB Bethany Home Rd & FS 43rd Av,33.523782,-112.150672,60,110,stop_id,,0,0,,,unknown
107,16628,Bell Rd & 61st Pl,EB Bell Rd & FS 61st Pl,33.640322,-111.947868,170,0,stop_id,,0,0,,,unknown
108,16629,Bell Rd & 64th St,EB Bell Rd & FS 64th St,33.6402600000001,-111.942456,170,0,stop_id,,0,0,,,unknown
1080,13848,Bethany Home Rd & 7th Av,EB Bethany Home Rd & FS 7th Av,33.523758,-112.081716,60,3,stop_id,,0,0,,,unknown
1083,13833,Bethany Home Rd & 41st Av,EB Bethany Home Rd & NS 41st Av,33.523825,-112.147537,60,14,stop_id,,0,0,,,unknown
1085,18194,Bethany Home Rd & 24th Av,EB Bethany Home Rd & NS 24th Av,33.523959,-112.111139,60,6,stop_id,,0,0,,,unknown
1087,13065,Broadway Rd & 15th Av,EB Broadway Rd & FS 15th Av,33.406636,-112.090158,45,13,stop_id,,0,0,,,unknown
1089,10647,Broadway Rd & 7th Av,EB Broadway Rd & FS 7th Av,33.4066050000001,-112.081415,45,48,stop_id,,0,0,,,unknown
109,16630,Bell Rd & 66th St,EB Bell Rd & FS 66th St,33.6402570000001,-111.937968,170,0,stop_id,,0,0,,,unknown
110,16631,Bell Rd & 68th St,EB Bell Rd & FS 68th St,33.639731,-111.933459,170,0,stop_id,,0,0,,,unknown
1102,18464,7th St & Beardsley Rd,NB 7th St & FS Beardsley Rd,33.670172,-112.065359,7,0,stop_id,,0,0,,,unknown
1109,18465,7th St & Irma Ln,NB 7th St & FS Irma Ln,33.6737820000001,-112.065465,7,1,stop_id,,0,0,,,unknown
111,16602,Bell Rd & 7th St,EB Bell Rd & FS 7th St,33.6401210000001,-112.065003,170,84,stop_id,,0,0,,,unknown
1110,18466,7th St & Rose Garden Ln,NB 7th St & FS Rose Garden Ln,33.677152,-112.065418,7,0,stop_id,,0,0,,,unknown
1112,13066,Broadway Rd & 9th Av,EB Broadway Rd & FS 9th Av,33.406617,-112.085198,45,0,stop_id,,0,0,,,unknown
1115,10979,Buckeye Rd & 31st Av,EB Buckeye Rd & FS 31st Av,33.4368270000001,-112.125468,13,15,stop_id,,0,0,,,unknown
1116,10966,Buckeye Rd & 65th Av,EB Buckeye Rd & FS 65th Av,33.4370730000001,-112.197785,13,3,stop_id,,0,0,,,unknown
1117,10987,Buckeye Rd & 15th Av,EB Buckeye Rd & FS 15th Av,33.436656,-112.090771,13,23,stop_id,,0,0,,,unknown
1118,10986,Buckeye Rd & 17th Av,EB Buckeye Rd & FS 17th Av,33.436651,-112.095323,13,15,stop_id,,0,0,,,unknown
1119,10985,Buckeye Rd & 19th Av,EB Buckeye Rd & FS 19th Av,33.4366430000001,-112.099485,13,44,stop_id,,0,0,,,unknown
112,16603,Bell Rd & 9th St,EB Bell Rd & FS 9th St,33.640164,-112.060745,170,53,stop_id,,0,0,,,unknown
1120,10982,Buckeye Rd & 25th Av,EB Buckeye Rd & FS 25th Av,33.436715,-112.112605,13,14,stop_id,,0,0,,,unknown
1121,18467,7th St & Lone Cactus Dr,NB 7th St & FS Lone Cactus Dr,33.6806260000001,-112.065472,7,1,stop_id,,0,0,,,unknown
1122,18167,Buckeye Rd & 27th Av,EB Buckeye Rd & FS 27th Av,33.436678,-112.116659,13,38,stop_id,,0,0,,,unknown
1123,10980,Buckeye Rd & 29th Av,EB Buckeye Rd & FS 29th Av,33.4367750000001,-112.121354,13,2,stop_id,,0,0,,,unknown
1124,18468,Deer Valley Rd & 7th St,WB Deer Valley Rd & FS 7th St,33.684022,-112.066387,7,0,stop_id,,0,0,,,unknown
1125,18469,Deer Valley Rd & Central Av,WB Deer Valley Rd & FS Central Av,33.6838930000001,-112.074676,7,0,stop_id,,0,0,,,unknown
1126,10978,Buckeye Rd & 33rd Av,EB Buckeye Rd & FS 33rd Av,33.4368250000001,-112.129924,13,9,stop_id,,0,0,,,unknown
1127,10977,Buckeye Rd & 35th Av,EB Buckeye Rd & FS 35th Av,33.436784,-112.134136,13,78,stop_id,,0,0,,,unknown
1128,10976,Buckeye Rd & 37th Av,EB Buckeye Rd & FS 37th Av,33.4367930000001,-112.138373,13,2,stop_id,,0,0,,,unknown
1129,10975,Buckeye Rd & 39th Av,EB Buckeye Rd & FS 39th Av,33.4368030000001,-112.142631,13,8,stop_id,,0,0,,,unknown
113,16609,Bell Rd & Cave Creek Rd,EB Bell Rd & FS Cave Creek Rd,33.6403300000001,-112.030328,170,77,stop_id,,0,0,,,unknown
1130,10974,Buckeye Rd & 41st Av,EB Buckeye Rd & FS 41st Av,33.436789,-112.146671,13,2,stop_id,,0,0,,,unknown
1131,10973,Buckeye Rd & 43rd Av,EB Buckeye Rd & FS 43rd Av,33.436792,-112.151305,13,22,stop_id,,0,0,,,unknown
1132,10972,Buckeye Rd & 47th Av,EB Buckeye Rd & FS 47th Av,33.4367270000001,-112.159948,13,3,stop_id,,0,0,,,unknown
1133,10990,Buckeye Rd & 4th Av,EB Buckeye Rd & FS 4th Av,33.436991,-112.078858,13,2,stop_id,,0,0,,,unknown
1134,10971,Buckeye Rd & 51st Av,EB Buckeye Rd & FS 51st Av,33.436635,-112.16877,13,50,stop_id,,0,0,,,unknown
1135,10970,Buckeye Rd & 54th Av,EB Buckeye Rd & FS 54th Av,33.436745,-112.174793,13,2,stop_id,,0,0,,,unknown
1136,10969,Buckeye Rd & 56th Av,EB Buckeye Rd & FS 56th Av,33.4368270000001,-112.180323,13,26,stop_id,,0,0,,,unknown
1137,10968,Buckeye Rd & 59th Av,EB Buckeye Rd & FS 59th Av,33.436832,-112.184583,"59, 13",0,stop_id,,0,0,,,unknown
1138,10967,Buckeye Rd & 63rd Av,EB Buckeye Rd & FS 63rd Av,33.437032,-112.194857,13,5,stop_id,,0,0,,,unknown
1139,10965,Buckeye Rd & 67th Av,EB Buckeye Rd & FS 67th Av,33.4370440000001,-112.202473,13,43,stop_id,,0,0,,,unknown
114,16600,Bell Rd & Central Av,EB Bell Rd & FS Central Av,33.640092,-112.073938,170,19,stop_id,,0,0,,,unknown
1140,10989,Buckeye Rd & 7th Av,EB Buckeye Rd & FS 7th Av,33.4367790000001,-112.08192,13,23,stop_id,,0,0,,,unknown
1141,15399,Buckeye Rd & 22nd Av,EB Buckeye Rd & NS 22nd Av,33.4366820000001,-112.107174,13,4,stop_id,,0,0,,,unknown
1142,10991,Buckeye Rd & Central Av,EB Buckeye Rd & FS Central Av,33.4367360000001,-112.073209,13,23,stop_id,,0,0,,,unknown
1143,10984,Buckeye Rd & 21st Av,EB Buckeye Rd & FS 21st Av,33.4366680000001,-112.10393,13,2,stop_id,,0,0,,,unknown
1144,10988,Buckeye Rd & 10th Av,EB Buckeye Rd & NS 10th Av,33.436678,-112.086449,13,8,stop_id,,0,0,,,unknown
1145,16045,Cactus Rd & 37th Av,EB Cactus Rd & FS 37th Av,33.596279,-112.137798,122,10,stop_id,,0,0,,,unknown
1146,16041,Cactus Rd & 44th Dr,EB Cactus Rd & FS 44th Dr,33.5962290000001,-112.153868,122,1,stop_id,,0,0,,,unknown
1147,16052,Cactus Rd & 21st Av,EB Cactus Rd & FS 21st Av,33.5964050000001,-112.103521,122,4,stop_id,1,0,0,,,unknown
1148,16051,Cactus Rd & 23rd Av,EB Cactus Rd & FS 23rd Av,33.5963150000001,-112.107404,122,2,stop_id,,0,0,,,unknown
1149,16049,Cactus Rd & 28th Dr,EB Cactus Rd & FS 28th Dr,33.5962710000001,-112.119652,122,58,stop_id,,0,0,,,unknown
115,16621,Bell Rd & Tatum Bl,EB Bell Rd & FS Tatum Bl,33.6403960000001,-111.977078,170,40,stop_id,,0,0,,,unknown
1150,10281,Cactus Rd & 31st Av,EB Cactus Rd & FS 31st Av,33.596302,-112.124971,122,9,stop_id,,0,0,,,unknown
1151,16047,Cactus Rd & 33rd Av,EB Cactus Rd & FS 33rd Av,33.5962960000001,-112.128957,122,2,stop_id,,0,0,,,unknown
1152,16046,Cactus Rd & 35th Av,EB Cactus Rd & FS 35th Av,33.596234,-112.133351,122,25,stop_id,,0,0,,,unknown
1153,16044,Cactus Rd & 39th Av,EB Cactus Rd & FS 39th Av,33.596255,-112.14219,122,10,stop_id,,0,0,,,unknown
1154,16043,Cactus Rd & 41st Av,EB Cactus Rd & FS 41st Av,33.596258,-112.146393,122,0,stop_id,,0,0,,,unknown
1155,18470,Deer Valley Rd & 3rd Av,WB Deer Valley Rd & FS 3rd Av,33.683887,-112.078276,7,0,stop_id,,0,0,,,unknown
1156,16042,Cactus Rd & 43rd Av,EB Cactus Rd & FS 43rd Av,33.5962240000001,-112.150551,122,38,stop_id,,0,0,,,unknown
1157,16040,Cactus Rd & 45th Ln,EB Cactus Rd & FS 45th Ln,33.5962250000001,-112.156628,122,2,stop_id,,0,0,,,unknown
1158,16039,Cactus Rd & 47th Av,EB Cactus Rd & FS 47th Av,33.596216,-112.159412,122,2,stop_id,,0,0,,,unknown
1159,16038,Cactus Rd & 49th Av,EB Cactus Rd & FS 49th Av,33.596234,-112.16379,122,2,stop_id,1,0,0,,,unknown
116,16467,Bell Rd & 7077 East,EB Bell Rd & AT 7077 East,33.6387060000001,-111.928737,170,0,stop_id,,0,0,,,unknown
1160,16037,Cactus Rd & 51st Av,EB Cactus Rd & FS 51st Av,33.5962030000001,-112.167987,122,25,stop_id,,0,0,,,unknown
1161,16050,Cactus Rd & Sand Lily,EB Cactus Rd & FS Sand Lily,33.5963100000001,-112.112553,122,22,stop_id,,0,0,,,unknown
1162,13318,Camelback Rd & 47th Av,EB Camelback Rd & FS 47th Av,33.5093350000001,-112.159696,50,22,stop_id,,0,0,,,unknown
1163,13335,Camelback Rd & 11th Av,EB Camelback Rd & FS 11th Av,33.509235,-112.085456,50,16,stop_id,,0,0,,,unknown
1164,18188,Camelback Rd & 15th Av,EB Camelback Rd & FS 15th Av,33.509327,-112.090211,50,56,stop_id,,0,0,,,unknown
1165,13333,Camelback Rd & 17th Av,EB Camelback Rd & FS 17th Av,33.5093870000001,-112.095094,50,42,stop_id,,0,0,,,unknown
1166,11077,Camelback Rd & 19th Av,EB Camelback Rd & FS 19th Av,33.5093400000001,-112.099068,50,145,stop_id,,0,0,,,unknown
1167,13331,Camelback Rd & 21st Av,EB Camelback Rd & FS 21st Av,33.509469,-112.103808,50,12,stop_id,,0,0,,,unknown
1168,13330,Camelback Rd & 23rd Av,EB Camelback Rd & FS 23rd Av,33.5094310000001,-112.108019,50,77,stop_id,,0,0,,,unknown
1169,13328,Camelback Rd & 27th Av,EB Camelback Rd & FS 27th Av,33.509326,-112.116375,50,229,stop_id,,0,0,,,unknown
117,13853,Bethany Home Rd & 10th St,EB Bethany Home Rd & FS 10th St,33.5236320000001,-112.060126,60,2,stop_id,,0,0,,,unknown
1170,13326,Camelback Rd & 31st Av,EB Camelback Rd & FS 31st Av,33.509352,-112.125158,50,29,stop_id,,0,0,,,unknown
1171,13325,Camelback Rd & 33rd Av,EB Camelback Rd & FS 33rd Av,33.509352,-112.129323,50,44,stop_id,,0,0,,,unknown
1172,13324,Camelback Rd & 35th Av,EB Camelback Rd & FS 35th Av,33.50931,-112.133713,50,169,stop_id,,0,0,,,unknown
1173,13323,Camelback Rd & 37th Av,EB Camelback Rd & FS 37th Av,33.5093350000001,-112.137838,50,116,stop_id,,0,0,,,unknown
1174,18614,Camelback Rd & 39th Av,EB Camelback Rd & FS 39th Av,33.509307,-112.142123,50,73,stop_id,,0,0,,,unknown
1175,13337,Camelback Rd & 3rd Av,EB Camelback Rd & FS 3rd Av,33.509106,-112.077544,50,22,stop_id,,0,0,,,unknown
1176,13319,Camelback Rd & 45th Av,EB Camelback Rd & FS 45th Av,33.509331,-112.155016,50,12,stop_id,,0,0,,,unknown
1177,13317,Camelback Rd & 51st Av,EB Camelback Rd & FS 51st Av,33.509309,-112.168181,50,142,stop_id,,0,0,,,unknown
1178,13316,Camelback Rd & 53rd Av,EB Camelback Rd & FS 53rd Av,33.509373,-112.172553,50,27,stop_id,,0,0,,,unknown
1179,13315,Camelback Rd & 55th Av,EB Camelback Rd & FS 55th Av,33.509416,-112.17705,50,79,stop_id,,0,0,,,unknown
118,13854,Bethany Home Rd & 12th St,EB Bethany Home Rd & FS 12th St,33.5236320000001,-112.055707,60,4,stop_id,,0,0,,,unknown
1180,13314,Camelback Rd & 57th Av,EB Camelback Rd & FS 57th Av,33.509446,-112.181639,50,50,stop_id,,0,0,,,unknown
1181,13313,Camelback Rd & 59th Av,EB Camelback Rd & FS 59th Av,33.5094360000001,-112.185692,50,139,stop_id,,0,0,,,unknown
1182,13312,Camelback Rd & 61st Av,EB Camelback Rd & FS 61st Av,33.5094040000001,-112.191161,50,15,stop_id,,0,0,,,unknown
1183,13311,Camelback Rd & 63rd Av,EB Camelback Rd & FS 63rd Av,33.509353,-112.194713,50,39,stop_id,,0,0,,,unknown
1184,13336,Camelback Rd & 7th Av,EB Camelback Rd & FS 7th Av,33.5090490000001,-112.081847,50,70,stop_id,,0,0,,,unknown
1185,13329,Camelback Rd & I-17 Fwy,EB Camelback Rd & FS I-17 Fwy,33.5094090000001,-112.110818,50,12,stop_id,,0,0,,,unknown
1186,13320,Camelback Rd & 43rd Av,EB Camelback Rd & FS 43rd Av,33.5092990000001,-112.15088,50,119,stop_id,,0,0,,,unknown
1187,13321,Camelback Rd & 40th Av,EB Camelback Rd & FS 40th Av,33.5093170000001,-112.144996,50,74,stop_id,,0,0,,,unknown
1188,13327,Camelback Rd & 29th Av,EB Camelback Rd & NS 29th Av,33.5093570000001,-112.121573,50,17,stop_id,,0,0,,,unknown
119,13855,Bethany Home Rd & 13th Pl,EB Bethany Home Rd & FS 13th Pl,33.523627,-112.052251,60,0,stop_id,,0,0,,,unknown
1198,18471,Deer Valley Rd & 3rd Av,EB Deer Valley Rd & FS 3rd Av,33.6835810000001,-112.077324,7,4,stop_id,,0,0,,,unknown
120,13851,Bethany Home Rd & 3rd St,EB Bethany Home Rd & FS 3rd St,33.523672,-112.069091,60,0,stop_id,,0,0,,,unknown
1203,18472,Deer Valley Rd & Central Av,EB Deer Valley Rd & FS Central Av,33.6835970000001,-112.073699,7,3,stop_id,,0,0,,,unknown
121,13852,Bethany Home Rd & 7th St,EB Bethany Home Rd & FS 7th St,33.5236420000001,-112.064388,60,14,stop_id,,0,0,,,unknown
122,13850,Bethany Home Rd & Central Av,EB Bethany Home Rd & FS Central Av,33.523691,-112.07304,60,6,stop_id,,0,0,,,unknown
1223,12260,Cheryl Dr & 33rd Av,EB Cheryl Dr & FS 33rd Av,33.578043,-112.129326,35,18,stop_id,,0,0,,,unknown
1224,12261,Cheryl Dr & 3161 West,EB Cheryl Dr & AT 3161 West,33.576289,-112.127195,35,7,stop_id,,0,0,,,unknown
1226,11732,Country Gables Dr & 31st Av,EB Country Gables Dr & FS 31st Av,33.6209940000001,-112.124124,27,2,stop_id,,0,0,,,unknown
1227,18473,7th St & Deer Valley Rd,SB 7th St & FS Deer Valley Rd,33.6831930000001,-112.065883,7,5,stop_id,,0,0,,,unknown
1228,18474,7th St & Lone Cactus Dr,SB 7th St & FS Lone Cactus Dr,33.6796870000001,-112.065815,7,2,stop_id,,0,0,,,unknown
1229,10194,Dobbins Rd & 10th Av,EB Dobbins Rd & FS 10th Av,33.363071,-112.085735,0,5,stop_id,,0,0,,,unknown
123,13085,Broadway Rd & 41st St,EB Broadway Rd & FS 41st St,33.407185,-111.992485,45,4,stop_id,,0,0,,,unknown
1230,10193,Dobbins Rd & 15th Av,EB Dobbins Rd & FS 15th Av,33.363048,-112.091432,0,2,stop_id,,0,0,,,unknown
1231,10196,Dobbins Rd & Montezuma St,EB Dobbins Rd & NS Montezuma St,33.3631280000001,-112.079807,0,2,stop_id,,0,0,,,unknown
1232,10697,Dunlap Av & 2nd Dr,EB Dunlap Av & FS 2nd Dr,33.567578,-112.076566,"90, 8",3,stop_id,,0,0,,,unknown
1233,18475,7th St & Rose Garden Ln,SB 7th St & FS Rose Garden Ln,33.6759940000001,-112.06581,7,3,stop_id,,0,0,,,unknown
1234,15256,Dunlap Av & 11th Av,EB Dunlap Av & FS 11th Av,33.567456,-112.086572,90,0,stop_id,,0,0,,,unknown
1235,15255,Dunlap Av & 15th Av,EB Dunlap Av & FS 15th Av,33.5674690000001,-112.090742,90,1,stop_id,,0,0,,,unknown
1236,15254,Dunlap Av & 17th Av,EB Dunlap Av & FS 17th Av,33.567485,-112.094245,90,4,stop_id,,0,0,,,unknown
1237,15253,Dunlap Av & 19th Av,EB Dunlap Av & FS 19th Av,33.5674730000001,-112.099004,90,169,stop_id,,0,0,,,unknown
1238,18065,Dunlap Av & 23rd Av,EB Dunlap Av & FS 23rd Av,33.567389,-112.107768,90,14,stop_id,,0,0,,,unknown
1239,11101,Dunlap Av & 25th Av,EB Dunlap Av & FS 25th Av,33.567396,-112.111922,90,30,stop_id,,0,0,,,unknown
1240,11714,Dunlap Av & 31st Av,EB Dunlap Av & FS 31st Av,33.5674550000001,-112.125184,"90, 27",14,stop_id,,0,0,,,unknown
1241,18476,7th St & Irma Ln,SB 7th St & FS Irma Ln,33.6727490000001,-112.0658,7,4,stop_id,,0,0,,,unknown
1242,15251,Dunlap Av & 35th Av,EB Dunlap Av & FS 35th Av,33.5674310000001,-112.133325,90,88,stop_id,,0,0,,,unknown
1243,15250,Dunlap Av & 37th Av,EB Dunlap Av & FS 37th Av,33.5674270000001,-112.137957,90,7,stop_id,,0,0,,,unknown
1244,15249,Dunlap Av & 39th Av,EB Dunlap Av & FS 39th Av,33.5674280000001,-112.142394,90,14,stop_id,,0,0,,,unknown
1245,15247,Dunlap Av & 43rd Av,EB Dunlap Av & FS 43rd Av,33.5674040000001,-112.151209,90,96,stop_id,,0,0,,,unknown
1246,10696,Dunlap Av & 7th Av,EB Dunlap Av & FS 7th Av,33.567463,-112.081649,"90, 8",10,stop_id,,0,0,,,unknown
1247,11100,Dunlap Av & I-17 Fwy,EB Dunlap Av & FS I-17 Fwy,33.5673840000001,-112.116176,90,29,stop_id,,0,0,,,unknown
1248,15252,Dunlap Av & 3300 West,EB Dunlap Av & AT 3300 West,33.56744,-112.128912,90,6,stop_id,,0,0,,,unknown
1249,11103,Dunlap Av & C St,EB Dunlap Av & NS C St,33.56739,-112.103264,90,23,stop_id,,0,,,,unknown
125,13072,Broadway Rd & 18th St,EB Broadway Rd & FS 18th St,33.4066970000001,-112.042756,45,20,stop_id,,0,0,,,unknown
1250,18477,7th St & Beardsley Rd,SB 7th St & FS Beardsley Rd,33.667786,-112.065856,7,10,stop_id,,0,0,,,unknown
1251,18478,7th St & Behrend Dr,SB 7th St & FS Behrend Dr,33.665356,-112.06578,7,10,stop_id,,0,0,,,unknown
1252,18479,7th St & Utopia Dr,SB 7th St & FS Utopia Dr,33.6616560000001,-112.065767,7,13,stop_id,,0,0,,,unknown
1253,11099,Dunlap Av & 28th Av,EB Dunlap Av & NS 28th Av,33.567417,-112.119712,"90, 27",27,stop_id,,0,0,,,unknown
1254,18454,7th St & Westcott Dr,SB 7th St & FS Westcott Dr,33.6584,-112.065749,7,2,stop_id,,0,0,,,unknown
1255,15248,Dunlap Av & 42nd Av,EB Dunlap Av & NS 42nd Av,33.5674220000001,-112.148736,90,6,stop_id,,0,0,,,unknown
1257,18968,Durango St & 31st Av,EB Durango St & FS 31st Av,33.4295950000001,-112.125661,27,0,stop_id,,,,,,unknown
1259,18969,Durango St & RC Esterbrooks Bl,EB Durango St & FS RC Esterbrooks Bl,33.4295090000001,-112.120004,27,0,stop_id,,,,,,unknown
127,13069,Broadway Rd & 12th St,EB Broadway Rd & FS 12th St,33.406639,-112.055173,45,7,stop_id,,0,0,,,unknown
1271,17015,Elliot Rd & 48th St,EB Elliot Rd & NS 48th St,33.3488,-111.980791,ALEX,0,stop_id,,0,0,,,unknown
128,13070,Broadway Rd & 14th St,EB Broadway Rd & FS 14th St,33.406659,-112.051018,45,9,stop_id,,0,0,,,unknown
129,13071,Broadway Rd & 16th St,EB Broadway Rd & FS 16th St,33.406643,-112.046476,45,78,stop_id,,0,0,,,unknown
130,13073,Broadway Rd & 20th St,EB Broadway Rd & FS 20th St,33.4067250000001,-112.038645,45,8,stop_id,,0,0,,,unknown
1304,10733,Fillmore St & 6th Av,EB Fillmore St & FS 6th Av,33.4546770000001,-112.080908,8,4,stop_id,,0,0,,,unknown
1306,10734,Fillmore St & 4th Av,EB Fillmore St & NS 4th Av,33.4546500000001,-112.079173,8,9,stop_id,,0,0,,,unknown
131,13074,Broadway Rd & 22nd St,EB Broadway Rd & FS 22nd St,33.4067690000001,-112.033701,45,19,stop_id,,0,0,,,unknown
1311,14475,Glendale Av & 11th Av,EB Glendale Av & FS 11th Av,33.538328,-112.086837,70,2,stop_id,,0,0,,,unknown
1312,14474,Glendale Av & 15th Av,EB Glendale Av & FS 15th Av,33.5383650000001,-112.090657,70,22,stop_id,,0,0,,,unknown
1314,14473,Glendale Av & 17th Dr,EB Glendale Av & FS 17th Dr,33.538482,-112.095843,70,29,stop_id,,0,0,,,unknown
1315,14472,Glendale Av & 19th Av,EB Glendale Av & FS 19th Av,33.538445,-112.098667,70,93,stop_id,,0,0,,,unknown
1316,14471,Glendale Av & 21st Av,EB Glendale Av & FS 21st Av,33.538533,-112.103551,70,7,stop_id,,0,0,,,unknown
1317,14470,Glendale Av & 23rd Av,EB Glendale Av & FS 23rd Av,33.5384960000001,-112.107754,70,14,stop_id,,0,0,,,unknown
1318,14468,Glendale Av & 27th Av,EB Glendale Av & FS 27th Av,33.5384510000001,-112.116256,70,135,stop_id,,0,0,,,unknown
1319,14467,Glendale Av & 29th Dr,EB Glendale Av & FS 29th Dr,33.5384230000001,-112.121879,70,1,stop_id,,0,0,,,unknown
132,13075,Broadway Rd & 24th St,EB Broadway Rd & FS 24th St,33.4067830000001,-112.028999,45,65,stop_id,,0,0,,,unknown
1320,14466,Glendale Av & 31st Av,EB Glendale Av & FS 31st Av,33.538442,-112.125097,70,24,stop_id,,0,0,,,unknown
1321,14465,Glendale Av & 33rd Av,EB Glendale Av & FS 33rd Av,33.538436,-112.129554,70,14,stop_id,,0,0,,,unknown
1322,14464,Glendale Av & 35th Av,EB Glendale Av & FS 35th Av,33.5383400000001,-112.133379,70,147,stop_id,,0,0,,,unknown
1323,14462,Glendale Av & 39th Av,EB Glendale Av & FS 39th Av,33.538377,-112.142375,70,18,stop_id,,0,0,,,unknown
1324,14477,Glendale Av & 3rd Av,EB Glendale Av & FS 3rd Av,33.5382310000001,-112.077841,70,0,stop_id,,0,0,,,unknown
1325,14461,Glendale Av & 41st Av,EB Glendale Av & FS 41st Av,33.5383630000001,-112.146687,70,15,stop_id,,0,0,,,unknown
1326,14460,Glendale Av & 43rd Av,EB Glendale Av & FS 43rd Av,33.5383360000001,-112.150884,70,110,stop_id,,0,0,,,unknown
134,13076,Broadway Rd & 25th St,EB Broadway Rd & FS 25th St,33.4068310000001,-112.02665,45,4,stop_id,,0,0,,,unknown
1342,14476,Glendale Av & 7th Av,EB Glendale Av & FS 7th Av,33.5382530000001,-112.081556,70,7,stop_id,,0,0,,,unknown
1345,14469,Glendale Av & 24th Dr,EB Glendale Av & FS 24th Dr,33.5384760000001,-112.110815,70,39,stop_id,,0,0,,,unknown
135,13077,Broadway Rd & 27th St,EB Broadway Rd & FS 27th St,33.4068380000001,-112.023777,45,10,stop_id,,0,0,,,unknown
1352,18486,Lower Buckeye Rd & 71st Av,WB Lower Buckeye Rd & FS 71st Av,33.4229950000001,-112.213201,28,0,stop_id,,0,0,,,unknown
1353,14463,Glendale Av & 37th Av,EB Glendale Av & NS 37th Av,33.538398,-112.13923,70,10,stop_id,,0,0,,,unknown
1359,18487,Lower Buckeye Rd & 75th Av,WB Lower Buckeye Rd & FS 75th Av,33.4231340000001,-112.221905,"75, 28",0,stop_id,,0,0,,,unknown
136,13078,Broadway Rd & 28th St,EB Broadway Rd & FS 28th St,33.4068290000001,-112.020524,45,36,stop_id,,0,0,,,unknown
1360,18483,12th St & Jefferson St,NB 12th St & NS Jefferson St,33.446784,-112.056331,12,25,stop_id,,0,0,,,unknown
1361,18499,51st Av & Lower Buckeye Rd,NB 51st Av & FS Lower Buckeye Rd,33.4227780000001,-112.169158,51,53,stop_id,,0,0,,,unknown
1362,18498,51st Av & Watkins St,NB 51st Av & FS Watkins St,33.4263580000001,-112.169171,51,3,stop_id,,0,0,,,unknown
1363,18496,51st Av & Mohave St,NB 51st Av & FS Mohave St,33.4315540000001,-112.16914,51,12,stop_id,,0,0,,,unknown
1364,18520,51st Av & Buckeye Rd,NB 51st Av & FS Buckeye Rd,33.4374470000001,-112.169056,51,49,stop_id,,0,0,,,unknown
1365,18521,51st Av & Hadley St,NB 51st Av & FS Hadley St,33.4400600000001,-112.169077,51,5,stop_id,,0,0,,,unknown
1366,18522,51st Av & Jefferson St,NB 51st Av & FS Jefferson St,33.4469080000001,-112.169011,51,6,stop_id,,0,0,,,unknown
1367,18488,51st Av & Van Buren St,SB 51st Av & FS Van Buren St,33.450682,-112.169275,51,43,stop_id,,0,0,,,unknown
1368,18489,51st Av & Madison St,SB 51st Av & FS Madison St,33.4458510000001,-112.169274,51,1,stop_id,,0,0,,,unknown
1369,18490,51st Av & Hadley St,SB 51st Av & FS Hadley St,33.439333,-112.169327,51,1,stop_id,,0,0,,,unknown
137,13079,Broadway Rd & 30th St,EB Broadway Rd & FS 30th St,33.4069040000001,-112.016437,45,4,stop_id,,0,0,,,unknown
1370,18491,51st Av & Buckeye Rd,SB 51st Av & FS Buckeye Rd,33.4360540000001,-112.169406,51,22,stop_id,,0,0,,,unknown
1371,18492,51st Av & Mohave St,SB 51st Av & FS Mohave St,33.430682,-112.169395,51,1,stop_id,,0,0,,,unknown
1372,18493,51st Av & Watkins St,SB 51st Av & FS Watkins St,33.4254930000001,-112.169432,51,1,stop_id,,0,0,,,unknown
1373,16954,Desert Sky TC,Desert Sky TC (Bay 7 west side),33.479273,-112.228784,75,,unmatched,,0,,,,unknown
1374,18494,51st Av & Lower Buckeye Rd,SB 51st Av & FS Lower Buckeye Rd,33.4218270000001,-112.169509,51,13,stop_id,,0,0,,,unknown
1375,10045,Deer Valley Rd & 19th Av,WB Deer Valley Rd & FS 19th Av,33.6839420000001,-112.100694,7,1,stop_id,,0,0,,,unknown
1376,18407,Desert Botanical Gardens,Desert Botanical Gardens,33.4635020000001,-111.944216,56,22,stop_id,,0,0,,,unknown
1378,18485,19th Av & Jefferson St,NB 19th Av & FS Jefferson St,33.447569,-112.099993,19,33,stop_id,,0,0,,,unknown
1380,18621,75th Av & Durango St,NB 75th Av & FS Durango St,33.430773,-112.220979,75,3,stop_id,,0,0,,,unknown
1381,18622,75th Av & Buckeye Rd,NB 75th Av & FS Buckeye Rd,33.4377200000001,-112.220868,"75, 13",29,stop_id,,0,0,,,unknown
1382,18623,75th Av & Sherman St,NB 75th Av & FS Sherman St,33.4412380000001,-112.220968,75,25,stop_id,,0,0,,,unknown
1383,18624,75th Av & Washington St,NB 75th Av & FS Washington St,33.4484440000001,-112.221039,75,1,stop_id,,0,0,,,unknown
139,13080,Broadway Rd & 32nd St,EB Broadway Rd & FS 32nd St,33.4069170000001,-112.011935,45,38,stop_id,,0,0,,,unknown
1396,15605,Hatcher Rd & 3rd Dr,EB Hatcher Rd & FS 3rd Dr,33.5712270000001,-112.078446,"SMRT, 106",2,stop_id,,0,0,,,unknown
1397,15603,Hatcher Rd & 11th Av,EB Hatcher Rd & FS 11th Av,33.5711610000001,-112.086707,106,23,stop_id,,0,0,,,unknown
1398,15601,Hatcher Rd & 15th Av,EB Hatcher Rd & FS 15th Av,33.57115,-112.090676,106,5,stop_id,,0,0,,,unknown
1399,15604,Hatcher Rd & 7th Av,EB Hatcher Rd & FS 7th Av,33.5711650000001,-112.082135,"SMRT, 106",10,stop_id,,0,0,,,unknown
1401,12711,Indian School Rd & 5th Av,EB Indian School Rd & NS 5th Av,33.4947060000001,-112.080308,41,15,stop_id,,0,0,,,unknown
1402,12709,Indian School Rd & 11th Av,EB Indian School Rd & FS 11th Av,33.4947790000001,-112.086479,41,9,stop_id,,0,0,,,unknown
1403,12708,Indian School Rd & 15th Av,EB Indian School Rd & FS 15th Av,33.494812,-112.090753,41,70,stop_id,,0,0,,,unknown
1404,12706,Indian School Rd & 19th Av,EB Indian School Rd & FS 19th Av,33.494878,-112.098907,41,155,stop_id,,0,0,,,unknown
1405,12704,Indian School Rd & 23rd Av,EB Indian School Rd & FS 23rd Av,33.494901,-112.107591,41,114,stop_id,,0,0,,,unknown
1406,12702,Indian School Rd & 27th Av,EB Indian School Rd & FS 27th Av,33.4947560000001,-112.116598,41,257,stop_id,,0,0,,,unknown
1407,12700,Indian School Rd & 31st Av,EB Indian School Rd & FS 31st Av,33.4948210000001,-112.125045,41,64,stop_id,,0,0,,,unknown
2133,11723,28th Dr & Cactus Rd,NB 28th Dr & FS Cactus Rd,33.596866,-112.120001,27,30,stop_id,,0,0,,,unknown
2134,11724,28th Dr & Larkspur Dr,NB 28th Dr & FS Larkspur Dr,33.6003870000001,-112.119667,27,5,stop_id,,0,0,,,unknown
2135,11722,28th Dr & Laurel Ln,NB 28th Dr & FS Laurel Ln,33.5944710000001,-112.119954,27,9,stop_id,,0,0,,,unknown
2136,11718,28th Dr & Peoria Av,NB 28th Dr & FS Peoria Av,33.582478,-112.121927,27,42,stop_id,,0,0,,,unknown
2137,11721,28th Dr & 11459 North,NB 28th Dr & AT 11459 North,33.5908850000001,-112.119068,27,13,stop_id,,0,0,,,unknown
2138,11725,28th Dr & Windrose Dr,NB 28th Dr & FS Windrose Dr,33.6023070000001,-112.119642,27,9,stop_id,,0,0,,,unknown
2139,11719,28th Dr & Mercer Ln,NB 28th Dr & FS Mercer Ln,33.5855070000001,-112.12193,27,4,stop_id,,0,0,,,unknown
2151,11740,29th Av & Phelps Rd,NB 29th Av & FS Phelps Rd,33.6378780000001,-112.121164,27,9,stop_id,,0,0,,,unknown
2152,11734,29th Av & Banff Ln,NB 29th Av & FS Banff Ln,33.6210060000001,-112.120264,27,3,stop_id,,0,0,,,unknown
2153,11733,29th Av & Country Gables Dr,NB 29th Av & FS Country Gables Dr,33.6194370000001,-112.12062,27,6,stop_id,,0,0,,,unknown
2154,11097,29th Av & Dunlap Av,NB 29th Av & FS Dunlap Av,33.568719,-112.120743,"90, 27",10,stop_id,,0,0,,,unknown
2157,11735,29th Av & Greenway Rd,NB 29th Av & FS Greenway Rd,33.625681,-112.120196,27,14,stop_id,,0,0,,,unknown
2160,11728,31st Av & Willow Av,NB 31st Av & FS Willow Av,33.6070090000001,-112.125127,27,2,stop_id,,0,0,,,unknown
2161,11731,31st Av & Acoma Dr,NB 31st Av & FS Acoma Dr,33.6179290000001,-112.125033,27,2,stop_id,,0,0,,,unknown
2166,11730,31st Av & Hearn Rd,NB 31st Av & FS Hearn Rd,33.614814,-112.125052,27,3,stop_id,,0,0,,,unknown
2169,11727,31st Av & Sweetwater Av,NB 31st Av & FS Sweetwater Av,33.603982,-112.125163,27,2,stop_id,,0,0,,,unknown
2171,11729,31st Av & Calavar Rd,NB 31st Av & FS Thunderbird Rd,33.61168,-112.125072,27,22,stop_id,,0,0,,,unknown
2173,10801,32nd St & Belleview St,NB 32nd St & FS Belleview St,33.4630030000001,-112.012788,"32s, 32",17,stop_id,,0,0,,,unknown
2174,17040,32nd St & Cheryl Dr,NB 32nd St & FS Cheryl Dr,33.5793100000001,-112.012901,"80, 16",9,stop_id,,0,0,,,unknown
2175,10701,32nd St & Fillmore St,NB 32nd St & NS Fillmore St,33.4550380000001,-112.012787,32,25,stop_id,,0,0,,,unknown
2176,11221,32nd St & Acoma Dr,NB 32nd St & FS Acoma Dr,33.619449,-112.013162,16,1,stop_id,,0,0,,,unknown
2177,11226,32nd St & Aire Libre Av,NB 32nd St & FS Aire Libre Av,33.637574,-112.01336,16,1,stop_id,,0,0,,,unknown
2178,11227,32nd St & Bell Rd,NB 32nd St & FS Bell Rd,33.641017,-112.013287,16,8,stop_id,,0,0,,,unknown
2179,11215,32nd St & Cactus Rd,NB 32nd St & FS Cactus Rd,33.5974140000001,-112.012975,16,18,stop_id,,0,0,,,unknown
2180,11228,32nd St & Campo Bello Dr,NB 32nd St & FS Campo Bello Dr,33.6445420000001,-112.013369,16,1,stop_id,,0,0,,,unknown
2181,11213,32nd St & Cholla St,NB 32nd St & FS Cholla St,33.5902140000001,-112.013009,16,2,stop_id,,0,0,,,unknown
2182,10810,32nd St & Clarendon Av,NB 32nd St & FS Clarendon Av,33.4919820000001,-112.012858,"32s, 32",2,stop_id,,0,0,,,unknown
2183,10808,32nd St & Earll Dr,NB 32nd St & FS Earll Dr,33.484671,-112.012808,"32s, 32",7,stop_id,,0,0,,,unknown
2184,11218,32nd St & Emile Zola Av,NB 32nd St & FS Emile Zola Av,33.608233,-112.013111,16,3,stop_id,,0,0,,,unknown
2185,10812,32nd St & Glenrosa Av,NB 32nd St & FS Glenrosa Av,33.499243,-112.012868,"32s, 32",1,stop_id,,0,0,,,unknown
2186,11223,32nd St & Greenway Rd,NB 32nd St & FS Greenway Rd,33.626922,-112.013152,16,17,stop_id,,0,0,,,unknown
2187,11229,32nd St & Grovers Av,NB 32nd St & FS Grovers Av,33.648644,-112.013361,16,0,stop_id,,0,0,,,unknown
2188,11220,32nd St & Hearn Rd,NB 32nd St & FS Hearn Rd,33.6158600000001,-112.013175,16,0,stop_id,,0,0,,,unknown
2189,10811,32nd St & Indian School Rd,NB 32nd St & FS Indian School Rd,33.495554,-112.012867,"32s, 32",14,stop_id,,0,0,,,unknown
219,10994,Buckeye Rd & 9th St,EB Buckeye Rd & FS 9th St,33.4367330000001,-112.061093,13,1,stop_id,,0,0,,,unknown
2190,10803,32nd St & McDowell Rd,NB 32nd St & FS McDowell Rd,33.4662480000001,-112.012752,"32s, 32",140,stop_id,,0,0,,,unknown
2192,11222,32nd St & Nisbet Rd,NB 32nd St & FS Nisbet Rd,33.6230860000001,-112.013208,16,2,stop_id,,0,0,,,unknown
2193,10805,32nd St & Oak St,NB 32nd St & FS Oak St,33.4734550000001,-112.012802,"32s, 32",23,stop_id,,0,0,,,unknown
2194,10809,32nd St & Osborn Rd,NB 32nd St & FS Osborn Rd,33.4881540000001,-112.012832,"32s, 32",8,stop_id,,0,0,,,unknown
2195,10804,32nd St & Palm Ln,NB 32nd St & FS Palm Ln,33.4697390000001,-112.012803,"32s, 32",26,stop_id,,0,0,,,unknown
2196,11225,32nd St & Paradise Ln,NB 32nd St & FS Paradise Ln,33.634059,-112.013307,16,3,stop_id,,0,0,,,unknown
2197,10800,32nd St & Roosevelt St,NB 32nd St & FS Roosevelt St,33.458872,-112.012741,"32s, 32, 10",97,stop_id,,0,0,,,unknown
2199,11217,32nd St & Sweetwater Av,NB 32nd St & FS Sweetwater Av,33.6047540000001,-112.013054,16,4,stop_id,,0,0,,,unknown
220,10995,Buckeye Rd & 11th St,EB Buckeye Rd & FS 11th St,33.436719,-112.058363,13,3,stop_id,1,0,0,,,unknown
2200,10807,32nd St & Thomas Rd,NB 32nd St & FS Thomas Rd,33.4809550000001,-112.012747,"32s, 32",66,stop_id,,0,0,,,unknown
2201,18068,32nd St & Thunderbird Rd,NB 32nd St & FS Thunderbird Rd,33.6121010000001,-112.013066,16,12,stop_id,,0,0,,,unknown
2202,11224,32nd St & Tierra Buena Ln,NB 32nd St & FS Tierra Buena Ln,33.630258,-112.01329,16,6,stop_id,,0,0,,,unknown
2203,10581,32nd St & Van Buren St,NB 32nd St & FS Van Buren St,33.4517270000001,-112.01277,32,102,stop_id,,0,0,,,unknown
2204,10806,32nd St & Yale St,NB 32nd St & FS Yale St,33.4763570000001,-112.012802,"32s, 32",8,stop_id,,0,0,,,unknown
2207,11216,32nd St & Larkspur Dr,NB 32nd St & NS Larkspur Dr,33.600778,-112.013055,16,1,stop_id,,0,0,,,unknown
2208,11210,32nd St & 10433 North,NB 32nd St & AT 10433 North,33.581485,-112.012921,"80, 16",2,stop_id,,0,0,,,unknown
221,10997,Buckeye Rd & 14th St,EB Buckeye Rd & FS 14th St,33.436717,-112.051489,13,0,stop_id,,0,0,,,unknown
2211,12241,35th Av & Colter St,NB 35th Av & FS Colter St,33.513467,-112.134077,35,6,stop_id,,0,0,,,unknown
2212,12213,35th Av & Minton Rd,NB 35th Av & FS Minton Rd,33.3806020000001,-112.133602,35,1,stop_id,,0,0,,,unknown
2213,12217,35th Av & Roeser Rd,NB 35th Av & FS Roeser Rd,33.3998250000001,-112.133446,35,13,stop_id,,0,0,,,unknown
2214,12236,35th Av & Monterosa Av,NB 35th Av & FS Monterosa Av,33.496901,-112.134058,35,83,stop_id,,0,0,,,unknown
2215,12273,35th Av & Willow Av,NB 35th Av & FS Willow Av,33.60693,-112.13373,35,4,stop_id,,0,0,,,unknown
2216,12282,35th Av & Aire Libre Av,NB 35th Av & FS Aire Libre Av,33.636153,-112.133873,35,0,stop_id,,0,0,,,unknown
2217,12255,35th Av & Alice Av,NB 35th Av & FS Alice Av,33.5642050000001,-112.134099,35,6,stop_id,,0,0,,,unknown
2218,12212,35th Av & Baseline Rd,NB 35th Av & FS Baseline Rd,33.378245,-112.133592,35,117,stop_id,,0,0,,,unknown
2219,12283,35th Av & Bell Rd,NB 35th Av & FS Bell Rd,33.6400380000001,-112.13418,35,28,stop_id,,0,0,,,unknown
222,10998,Buckeye Rd & 16th St,EB Buckeye Rd & FS 16th St,33.4366130000001,-112.047235,13,15,stop_id,,0,0,,,unknown
2220,12244,35th Av & Bethany Home Rd,NB 35th Av & FS Bethany Home Rd,33.524845,-112.134103,35,99,stop_id,,0,0,,,unknown
2221,18391,35th Av & Beverly Ln,NB 35th Av & FS Beverly Ln,33.6330810000001,-112.133543,35,1,stop_id,,0,0,,,unknown
2222,12271,35th Av & Bloomfield Rd,NB 35th Av & FS Bloomfield Rd,33.5988850000001,-112.133819,35,3,stop_id,,0,0,,,unknown
2223,12254,35th Av & Butler Dr,NB 35th Av & FS Butler Dr,33.560839,-112.134084,35,11,stop_id,,0,0,,,unknown
2224,12270,35th Av & Cactus Rd,NB 35th Av & FS Cactus Rd,33.596974,-112.133783,35,26,stop_id,,0,0,,,unknown
2225,12240,35th Av & Camelback Rd,NB 35th Av & FS Camelback Rd,33.5100330000001,-112.134047,35,168,stop_id,,0,0,,,unknown
2226,12238,35th Av & Campbell Av,NB 35th Av & FS Campbell Av,33.5026550000001,-112.134084,35,21,stop_id,,0,0,,,unknown
2227,18390,35th Av & Campo Bello Dr,NB 35th Av & FS Campo Bello Dr,33.643382,-112.134279,35,2,stop_id,,0,0,,,unknown
2228,12265,35th Av & Cheryl Dr,NB 35th Av & FS Cheryl Dr,33.579009,-112.133985,35,7,stop_id,,0,0,,,unknown
2229,12268,35th Av & Cholla St,NB 35th Av & FS Cholla St,33.5895790000001,-112.133923,35,3,stop_id,,0,0,,,unknown
223,15438,Buckeye Rd & 24th St,EB Buckeye Rd & FS 24th St,33.4366130000001,-112.034158,13,19,stop_id,,0,0,,,unknown
2230,12235,35th Av & Clarendon Av,NB 35th Av & FS Clarendon Av,33.4924740000001,-112.134155,35,7,stop_id,1,0,0,,,unknown
2231,12277,35th Av & Country Gables Dr,NB 35th Av & FS Country Gables Dr,33.622551,-112.133582,35,2,stop_id,,0,0,,,unknown
2232,12256,35th Av & Dunlap Av,NB 35th Av & FS Dunlap Av,33.5680110000001,-112.134086,35,66,stop_id,,0,0,,,unknown
2233,12233,35th Av & Earll Dr,NB 35th Av & FS Earll Dr,33.484428,-112.134212,35,25,stop_id,,0,0,,,unknown
2234,12253,35th Av & El Camino Dr,NB 35th Av & FS El Camino Dr,33.5574490000001,-112.134126,35,34,stop_id,,0,0,,,unknown
2235,12239,35th Av & Elm St,NB 35th Av & FS Elm St,33.5065690000001,-112.134075,35,8,stop_id,,0,0,,,unknown
2236,12230,35th Av & Encanto Bl,NB 35th Av & FS Encanto Bl,33.4736330000001,-112.13428,35,27,stop_id,,0,0,,,unknown
2237,12257,35th Av & Eva St,NB 35th Av & FS Eva St,33.5711380000001,-112.134076,35,5,stop_id,,0,0,,,unknown
2238,12225,35th Av & Fillmore St,NB 35th Av & FS Fillmore St,33.4556650000001,-112.13435,35,30,stop_id,,0,0,,,unknown
2239,12248,35th Av & Glendale Av,NB 35th Av & FS Glendale Av,33.539073,-112.134109,35,136,stop_id,,0,0,,,unknown
2240,12237,35th Av & Glenrosa Av,NB 35th Av & FS Glenrosa Av,33.4988920000001,-112.134105,35,33,stop_id,,0,0,,,unknown
2241,12279,35th Av & Greenway Rd,NB 35th Av & FS Greenway Rd,33.625912,-112.133465,35,20,stop_id,,0,0,,,unknown
2242,12275,35th Av & Hearn Rd,NB 35th Av & FS Hearn Rd,33.6148210000001,-112.133656,35,3,stop_id,,0,0,,,unknown
2243,12258,35th Av & Malapai Dr,NB 35th Av & FS Malapai Dr,33.575653,-112.134002,35,2,stop_id,,0,0,,,unknown
2244,12228,35th Av & McDowell Rd,NB 35th Av & FS McDowell Rd,33.466345,-112.13433,35,105,stop_id,,0,0,,,unknown
2245,12242,35th Av & Missouri Av,NB 35th Av & FS Missouri Av,33.517205,-112.1341,35,35,stop_id,,0,0,,,unknown
2246,12243,35th Av & Montebello Av,NB 35th Av & FS Montebello Av,33.5206440000001,-112.134119,35,7,stop_id,,0,0,,,unknown
2247,12249,35th Av & Myrtle Av,NB 35th Av & FS Myrtle Av,33.5425290000001,-112.13419,35,10,stop_id,,0,0,,,unknown
2248,12252,35th Av & Northern Av,NB 35th Av & FS Northern Av,33.553682,-112.134038,35,75,stop_id,,0,0,,,unknown
2249,12247,35th Av & Ocotillo Rd,NB 35th Av & FS Ocotillo Rd,33.535022,-112.134168,35,11,stop_id,,0,0,,,unknown
2250,12250,35th Av & Orangewood Av,NB 35th Av & FS Orangewood Av,33.5463280000001,-112.134171,35,13,stop_id,,0,0,,,unknown
2251,18146,35th Av & Osborn Rd,NB 35th Av & FS Osborn Rd,33.488074,-112.134187,35,62,stop_id,,0,0,,,unknown
2252,12229,35th Av & Palm Ln,NB 35th Av & FS Palm Ln,33.469679,-112.13432,35,11,stop_id,,0,0,,,unknown
2253,12266,35th Av & Peoria Av,NB 35th Av & FS Peoria Av,33.582387,-112.133941,35,47,stop_id,,0,0,,,unknown
2254,12226,35th Av & Roosevelt St,NB 35th Av & FS Roosevelt St,33.459122,-112.134334,35,89,stop_id,,0,0,,,unknown
2255,12245,35th Av & Rose Ln,NB 35th Av & FS Rose Ln,33.5281130000001,-112.134135,35,21,stop_id,,0,0,,,unknown
2256,12215,35th Av & Southern Av,NB 35th Av & FS Southern Av,33.392642,-112.133406,35,126,stop_id,,0,0,,,unknown
2257,12269,35th Av & Sunnyside Av,NB 35th Av & FS Sunnyside Av,33.593063,-112.133875,35,3,stop_id,,0,0,,,unknown
2258,12272,35th Av & Sweetwater Av,NB 35th Av & FS Sweetwater Av,33.6041070000001,-112.133728,35,3,stop_id,,0,0,,,unknown
2259,18145,35th Av & Thomas Rd,NB 35th Av & FS Thomas Rd,33.4808170000001,-112.134168,35,152,stop_id,,0,0,,,unknown
226,10992,Buckeye Rd & 4th St,EB Buckeye Rd & FS 4th St,33.4367310000001,-112.068101,13,1,stop_id,1,0,0,,,unknown
2260,12274,35th Av & Thunderbird Rd,NB 35th Av & FS Thunderbird Rd,33.611275,-112.133599,35,46,stop_id,,0,0,,,unknown
2261,12280,35th Av & Tierra Buena Ln,NB 35th Av & FS Tierra Buena Ln,33.6292550000001,-112.13352,35,5,stop_id,,0,0,,,unknown
2262,11750,35th Av & Union Hills Dr,NB 35th Av & FS Union Hills Dr,33.6552370000001,-112.134275,"35, 27",49,stop_id,,0,0,,,unknown
2263,12224,35th Av & Van Buren St,NB 35th Av & FS Van Buren St,33.45207,-112.13434,35,172,stop_id,,0,0,,,unknown
2264,12231,35th Av & Virginia Av,NB 35th Av & FS Virginia Av,33.4772780000001,-112.134267,35,7,stop_id,,0,0,,,unknown
2265,10459,35th Av & Washington St,NB 35th Av & FS Washington St,33.44813,-112.134378,35,30,stop_id,,0,0,,,unknown
2266,12251,35th Av & Frier Dr,NB 35th Av & FS Frier Dr,33.549473,-112.134165,35,4,stop_id,,0,0,,,unknown
2267,18206,35th Av & Moreland St,NB 35th Av & FS Moreland St,33.461552,-112.134358,35,7,stop_id,,0,0,,,unknown
2268,12216,35th Av & Sunland Av,SB 35th Av & FS Sunland Av,33.3965200000001,-112.133483,35,10,stop_id,,0,0,,,unknown
227,10993,Buckeye Rd & 7th St,EB Buckeye Rd & FS 7th St,33.4367340000001,-112.064444,13,9,stop_id,,0,0,,,unknown
2270,12276,35th Av & Acoma Dr,NB 35th Av & FS Acoma Dr,33.618213,-112.133643,35,3,stop_id,,0,0,,,unknown
2271,12285,35th Av & Grovers Av,NB 35th Av & FS Grovers Av,33.6478270000001,-112.134311,35,2,stop_id,,0,0,,,unknown
2272,11751,35th Av & Kimberly Wy,NB 35th Av & FS Kimberly Wy,33.658083,-112.13439,"35, 27",1,stop_id,,0,0,,,unknown
2273,12246,35th Av & Maryland Av,NB 35th Av & FS Maryland Av,33.5317140000001,-112.134104,35,11,stop_id,,0,0,,,unknown
2274,12267,35th Av & Desert Cove Av,NB 35th Av & NS Desert Cove Av,33.5850280000001,-112.13395,35,5,stop_id,,0,0,,,unknown
2275,12286,35th Av & Villa Rita Dr,NB 35th Av & FS Villa Rita Dr,33.650626,-112.134328,35,0,stop_id,,0,0,,,unknown
228,10999,Buckeye Rd & Sky Harbor Cir,EB Buckeye Rd & FS Sky Harbor Cir,33.436626,-112.042858,13,1,stop_id,,0,0,,,unknown
229,10996,Buckeye Rd & 12th St,EB Buckeye Rd & FS 12th St,33.436717,-112.054744,13,4,stop_id,,0,0,,,unknown
2296,10917,3rd St & Eva St,NB 3rd St & FS Eva St,33.569685,-112.069492,"SMRT, 12",8,stop_id,,0,0,,,unknown
2297,16874,3rd St & Moreland St,NB 3rd St & FS Moreland St,33.4615820000001,-112.06922,"I10E, 542, 535, 533, 531, 522, 521, 514",11,stop_id,,0,0,,,unknown
2298,16886,3rd St & Roosevelt St,NB 3rd St & FS Roosevelt St,33.4591980000001,-112.069219,"542, 535, 533, 531, 522, 521, 514",5,stop_id,,0,0,,,unknown
2299,12435,40th St & Edna Av,NB 40th St & FS Edna Av,33.6374000000001,-111.996011,39,0,stop_id,,0,0,,,unknown
230,11000,Buckeye Rd & 1900 East,EB Buckeye Rd & AT 1900 East,33.4366590000001,-112.040491,13,2,stop_id,,0,0,,,unknown
2300,12433,40th St & Tierra Buena Ln,NB 40th St & FS Tierra Buena Ln,33.6301320000001,-111.995946,39,0,stop_id,,0,0,,,unknown
2301,12430,40th St & Acoma Dr,NB 40th St & FS Acoma Dr,33.6196810000001,-111.995833,39,2,stop_id,,0,0,,,unknown
2302,12436,40th St & Bell Rd,NB 40th St & FS Bell Rd,33.6411150000001,-111.996001,39,15,stop_id,,0,0,,,unknown
2305,12437,40th St & Danbury Rd,NB 40th St & FS Danbury Rd,33.644594,-111.99606,39,1,stop_id,,0,0,,,unknown
2306,12432,40th St & Greenway Rd,NB 40th St & FS Greenway Rd,33.626984,-111.995888,39,17,stop_id,,0,0,,,unknown
2307,12438,40th St & Grovers Av,NB 40th St & FS Grovers Av,33.6483000000001,-111.99609,39,3,stop_id,,0,0,,,unknown
2308,12429,40th St & Hearn Rd,NB 40th St & FS Hearn Rd,33.615798,-111.995837,39,1,stop_id,,0,0,,,unknown
2309,12434,40th St & Paradise Ln,NB 40th St & FS Paradise Ln,33.6338280000001,-111.995982,39,0,stop_id,,0,0,,,unknown
231,15617,Cactus Rd & 38th St,EB Cactus Rd & FS 38th St,33.59698,-111.999581,138,0,stop_id,,0,0,,,unknown
2310,12439,40th St & Desert Cactus St,NB 40th St & FS Desert Cactus St,33.651823,-111.996113,39,0,stop_id,,0,0,,,unknown
2311,12428,40th St & Thunderbird Rd,NB 40th St & FS Thunderbird Rd,33.6123240000001,-111.99575,39,17,stop_id,,0,0,,,unknown
2312,12431,40th St & Blanche Dr,NB 40th St & NS Blanche Dr,33.623135,-111.995896,39,1,stop_id,,0,0,,,unknown
2313,12877,43rd Av & Las Palmaritas Dr,NB 43rd Av & FS Las Palmaritas Dr,33.558188,-112.151464,43,3,stop_id,,0,0,,,unknown
2315,12868,43rd Av & Claremont St,NB 43rd Av & FS Claremont St,33.5283230000001,-112.151346,43,11,stop_id,,0,0,,,unknown
2316,12878,43rd Av & Alice Av,NB 43rd Av & FS Alice Av,33.564243,-112.15148,43,2,stop_id,,0,0,,,unknown
2317,12893,43rd Av & Acoma Dr,NB 43rd Av & FS Acoma Dr,33.61848,-112.150988,43,1,stop_id,,0,0,,,unknown
2318,12899,43rd Av & Bell Rd,NB 43rd Av & FS Bell Rd,33.639939,-112.151601,43,6,stop_id,,0,0,,,unknown
2319,12867,43rd Av & Bethany Home Rd,NB 43rd Av & FS Bethany Home Rd,33.5246770000001,-112.151312,"60, 43",64,stop_id,,0,0,,,unknown
232,15610,Cactus Rd & 24th St,EB Cactus Rd & FS 24th St,33.596613,-112.030004,138,5,stop_id,,0,0,,,unknown
2320,12882,43rd Av & Brown St,NB 43rd Av & FS Brown St,33.5775120000001,-112.15143,43,12,stop_id,,0,0,,,unknown
2321,12887,43rd Av & Cactus Rd,NB 43rd Av & FS Cactus Rd,33.5969000000001,-112.151123,43,16,stop_id,,0,0,,,unknown
2322,12863,43rd Av & Camelback Rd,NB 43rd Av & FS Camelback Rd,33.510049,-112.151334,43,82,stop_id,,0,0,,,unknown
2323,12900,43rd Av & Campo Bello Dr,NB 43rd Av & FS Campo Bello Dr,33.643424,-112.1517,43,0,stop_id,,0,0,,,unknown
2324,12885,43rd Av & Cholla St,NB 43rd Av & FS Cholla St,33.5896440000001,-112.151258,43,3,stop_id,,0,0,,,unknown
2325,12894,43rd Av & Country Gables Dr,NB 43rd Av & FS Country Gables Dr,33.621946,-112.150996,43,0,stop_id,,0,0,,,unknown
2326,12849,43rd Av & Culver St,NB 43rd Av & FS Culver St,33.4642200000001,-112.151684,43,9,stop_id,,0,0,,,unknown
2327,12884,43rd Av & Desert Cove Av,NB 43rd Av & FS Desert Cove Av,33.5858650000001,-112.151353,43,1,stop_id,,0,0,,,unknown
2328,12879,43rd Av & Dunlap Av,NB 43rd Av & FS Dunlap Av,33.5684380000001,-112.151494,"90, 43",31,stop_id,,0,0,,,unknown
2329,12855,43rd Av & Earll Dr,NB 43rd Av & FS Earll Dr,33.484493,-112.151536,43,8,stop_id,1,0,0,,,unknown
2330,12852,43rd Av & Encanto Bl,NB 43rd Av & FS Encanto Bl,33.4736810000001,-112.15161,43,9,stop_id,,0,0,,,unknown
2331,12847,43rd Av & Fillmore St,NB 43rd Av & FS Fillmore St,33.455407,-112.15168,43,20,stop_id,,0,0,,,unknown
2333,12874,43rd Av & Frier Dr,NB 43rd Av & FS Frier Dr,33.5497320000001,-112.151369,43,7,stop_id,,0,0,,,unknown
2334,12871,43rd Av & Glendale Av,NB 43rd Av & FS Glendale Av,33.5389440000001,-112.151314,"70, 43",87,stop_id,,0,0,,,unknown
2335,12860,43rd Av & Glenrosa Av,NB 43rd Av & FS Glenrosa Av,33.498975,-112.151494,43,10,stop_id,,0,0,,,unknown
2336,12895,43rd Av & Greenway Rd,NB 43rd Av & FS Greenway Rd,33.6257890000001,-112.150937,43,2,stop_id,,0,0,,,unknown
2337,12876,43rd Av & Harmont Dr,NB 43rd Av & FS Harmont Dr,33.555171,-112.151498,43,1,stop_id,,0,0,,,unknown
2338,12880,43rd Av & Hatcher Rd,NB 43rd Av & FS Hatcher Rd,33.5713470000001,-112.151472,43,3,stop_id,,0,0,,,unknown
2339,12892,43rd Av & Hearn Rd,NB 43rd Av & FS Hearn Rd,33.6150450000001,-112.151041,43,0,stop_id,,0,0,,,unknown
234,15613,Cactus Rd & 28th St,EB Cactus Rd & FS 28th St,33.596735,-112.021443,138,1,stop_id,,0,0,,,unknown
2340,18051,43rd Av & Highland Av,NB 43rd Av & FS Highland Av,33.505748,-112.151452,43,5,stop_id,,0,0,,,unknown
2341,18207,43rd Av & Hubbell St,NB 43rd Av & FS Hubbell St,33.470383,-112.151639,43,15,stop_id,,0,0,,,unknown
2342,12859,43rd Av & Indian School Rd,NB 43rd Av & FS Indian School Rd,33.49569,-112.151536,43,94,stop_id,,0,0,,,unknown
2343,18201,43rd Av & Joan De Arc Av,NB 43rd Av & FS Joan De Arc Av,33.607469,-112.151092,43,1,stop_id,,0,0,,,unknown
2344,12898,43rd Av & Juniper Av,NB 43rd Av & FS Juniper Av,33.637841,-112.151465,43,1,stop_id,,0,0,,,unknown
2345,12888,43rd Av & Larkspur Dr,NB 43rd Av & FS Larkspur Dr,33.600372,-112.151166,43,1,stop_id,,0,0,,,unknown
2346,12869,43rd Av & Maryland Av,NB 43rd Av & FS Maryland Av,33.5315600000001,-112.151336,43,12,stop_id,,0,0,,,unknown
2347,12850,43rd Av & McDowell Rd,NB 43rd Av & FS McDowell Rd,33.46671,-112.151617,43,124,stop_id,,0,0,,,unknown
2348,12864,43rd Av & Medlock Dr,NB 43rd Av & FS Medlock Dr,33.513422,-112.151408,43,16,stop_id,,0,0,,,unknown
2349,12881,43rd Av & Mountain View Rd,NB 43rd Av & FS Mountain View Rd,33.575113,-112.151447,43,2,stop_id,,0,0,,,unknown
235,15614,Cactus Rd & 30th St,EB Cactus Rd & FS 30th St,33.596797,-112.016993,138,1,stop_id,,0,0,,,unknown
2350,12872,43rd Av & Myrtle Av,NB 43rd Av & FS Myrtle Av,33.542359,-112.151303,43,12,stop_id,,0,0,,,unknown
2351,12875,43rd Av & Northern Av,NB 43rd Av & FS Northern Av,33.553728,-112.15141,"80, 43",52,stop_id,,0,0,,,unknown
2352,12870,43rd Av & Ocotillo Rd,NB 43rd Av & FS Ocotillo Rd,33.535126,-112.151328,43,9,stop_id,,0,0,,,unknown
2353,12873,43rd Av & Orangewood Av,NB 43rd Av & FS Orangewood Av,33.5460630000001,-112.151306,43,6,stop_id,,0,0,,,unknown
2354,12856,43rd Av & Osborn Rd,NB 43rd Av & FS Osborn Rd,33.488116,-112.151519,43,25,stop_id,,0,0,,,unknown
2355,12897,43rd Av & Paradise Ln,NB 43rd Av & FS Paradise Ln,33.632823,-112.150907,43,0,stop_id,,0,0,,,unknown
2356,12883,43rd Av & Peoria Av,NB 43rd Av & FS Peoria Av,33.5831370000001,-112.151342,43,24,stop_id,,0,0,,,unknown
2357,12886,43rd Av & Poinsettia Dr,NB 43rd Av & FS Poinsettia Dr,33.5934300000001,-112.151241,43,1,stop_id,,0,0,,,unknown
2358,12848,43rd Av & Roosevelt St,NB 43rd Av & FS Roosevelt St,33.4590000000001,-112.151713,43,39,stop_id,,0,0,,,unknown
2359,12866,43rd Av & San Miguel Av,NB 43rd Av & FS San Miguel Av,33.5204580000001,-112.151379,43,12,stop_id,,0,0,,,unknown
236,15615,Cactus Rd & 32nd St,EB Cactus Rd & FS 32nd St,33.596824,-112.012118,138,15,stop_id,,0,0,,,unknown
2360,12889,43rd Av & Sweetwater Av,NB 43rd Av & FS Sweetwater Av,33.6040850000001,-112.151095,43,1,stop_id,,0,0,,,unknown
2361,12854,43rd Av & Thomas Rd,NB 43rd Av & FS Thomas Rd,33.480936,-112.151521,43,108,stop_id,,0,0,,,unknown
2362,12891,43rd Av & Thunderbird Rd,NB 43rd Av & FS Thunderbird Rd,33.6114630000001,-112.15097,43,11,stop_id,,0,0,,,unknown
2363,12896,43rd Av & Tierra Buena Ln,NB 43rd Av & FS Tierra Buena Ln,33.6290550000001,-112.150926,43,0,stop_id,,0,0,,,unknown
2364,12846,43rd Av & Van Buren St,NB 43rd Av & FS Van Buren St,33.4521770000001,-112.151615,43,78,stop_id,,0,0,,,unknown
2365,12853,43rd Av & Virginia Av,NB 43rd Av & FS Virginia Av,33.4773870000001,-112.151561,43,10,stop_id,,0,0,,,unknown
2366,12858,43rd Av & Fairmount Av,NB 43rd Av & FS Fairmount Av,33.4936310000001,-112.151527,43,5,stop_id,,0,0,,,unknown
2367,12861,43rd Av & 4507 North,NB 43rd Av & AT 4507 North,33.5019780000001,-112.151484,43,2,stop_id,,0,0,,,unknown
2368,12865,43rd Av & Missouri Av,NB 43rd Av & NS Missouri Av,33.516172,-112.151402,43,12,stop_id,,0,0,,,unknown
2369,12857,43rd Av & Clarendon Av,NB 43rd Av & NS Clarendon Av,33.49174,-112.151529,43,6,stop_id,,0,0,,,unknown
237,15616,Cactus Rd & 36th St,EB Cactus Rd & FS 36th St,33.596937,-112.00393,138,2,stop_id,,0,0,,,unknown
1815,10322,Van Buren St & 41st Av,EB Van Buren St & FS 41st Av,33.451287,-112.146892,3,17,stop_id,,0,0,,,unknown
2371,12972,44th St & Belleview St,NB 44th St & FS Belleview St,33.46234,-111.986952,44,21,stop_id,,0,0,,,unknown
1816,10321,Van Buren St & 43rd Av,EB Van Buren St & FS 43rd Av,33.4512340000001,-112.151109,3,76,stop_id,,0,0,,,unknown
2372,12984,44th St & Calle Alegre,NB 44th St & FS Calle Alegre,33.505656,-111.986658,44,0,stop_id,,0,0,,,unknown
1817,10320,Van Buren St & 45th Av,EB Van Buren St & FS 45th Av,33.451243,-112.155514,3,6,stop_id,,0,0,,,unknown
2373,18058,44th St & Camelback Rd,NB 44th St & FS Camelback Rd,33.5102650000001,-111.986553,"50, 44",42,stop_id,,0,0,,,unknown
1818,10319,Van Buren St & 47th Av,EB Van Buren St & FS 47th Av,33.4511860000001,-112.159841,3,8,stop_id,,0,0,,,unknown
2375,12983,44th St & Campbell Av,NB 44th St & FS Campbell Av,33.50269,-111.9867,44,11,stop_id,,0,0,,,unknown
1819,10318,Van Buren St & 49th Av,EB Van Buren St & FS 49th Av,33.4511660000001,-112.165343,3,6,stop_id,,0,0,,,unknown
2376,18215,44th St & Colter St,NB 44th St & FS Colter St,33.5127160000001,-111.986526,44,0,stop_id,,0,0,,,unknown
2377,12978,44th St & Earll Dr,NB 44th St & FS Earll Dr,33.484723,-111.986851,44,1,stop_id,,0,0,,,unknown
1820,10317,Van Buren St & 51st Av,EB Van Buren St & FS 51st Av,33.4511010000001,-112.168493,3,83,stop_id,,0,0,,,unknown
1821,10340,Van Buren St & 5th Av,EB Van Buren St & FS 5th Av,33.45131,-112.079745,"8, 3",15,stop_id,,0,0,,,unknown
1822,10339,Van Buren St & 7th Av,EB Van Buren St & FS 7th Av,33.4513020000001,-112.082078,"8, 3",93,stop_id,,0,0,,,unknown
1823,18645,83rd Av & Indian School Rd,NB 83rd Av & FS Indian School Rd,33.4948130000001,-112.23761,"83, 41",44,stop_id,,0,0,,,unknown
1825,18646,83rd Av & Glenrosa Av,NB 83rd Av & FS Glenrosa Av,33.498362,-112.237642,83,2,stop_id,,0,0,,,unknown
1827,10332,Van Buren St & 22nd Av,EB Van Buren St & NS 22nd Av,33.451089,-112.107315,3,15,stop_id,,0,0,,,unknown
1829,19013,Greg Stanton CS,Greg Stanton CS (Bay 2 NB 1),33.451668,-112.07453,"10, 1",,unmatched,,,,,,unknown
183,10091,24th St/Baseline PNR,24th St/Baseline PNR (Bay 2),33.379551,-112.029424,"SME, 70",,unmatched,,0,0,,,unknown
1831,10328,Van Buren St & 29th Av,EB Van Buren St & NS 29th Av,33.451104,-112.121674,3,16,stop_id,,0,0,,,unknown
1849,11754,Yorkshire Dr & 31st Av,EB Yorkshire Dr & FS 31st Av,33.6626840000001,-112.125088,27,2,stop_id,,0,0,,,unknown
185,18630,75th Av & Hazelwood Av,NB 75th Av & FS Hazelwood Av,33.505272,-112.220332,75,0,stop_id,,0,0,,,unknown
1850,11753,Yorkshire Dr & 33rd Av,EB Yorkshire Dr & FS 33rd Av,33.6619870000001,-112.130557,27,1,stop_id,,0,0,,,unknown
1851,11752,Yorkshire Dr & 35th Av,EB Yorkshire Dr & FS 35th Av,33.6619180000001,-112.13379,27,4,stop_id,,0,0,,,unknown
1852,11756,Utopia Rd & 2355 West,EB Utopia Rd & AT 2355 West,33.6618550000001,-112.110554,27,0,stop_id,,0,0,,,unknown
1853,11755,Yorkshire Dr & 27th Av,EB Yorkshire Dr & NS 27th Av,33.6626010000001,-112.117548,27,4,stop_id,,0,0,,,unknown
1855,18647,83rd Av & Campbell Av,NB 83rd Av & FS Campbell Av,33.5019810000001,-112.237626,83,6,stop_id,,0,0,,,unknown
1863,11197,Northern Av & 14th St,WB Northern Av & FS 14th St,33.553281,-112.05293,80,16,stop_id,,0,0,,,unknown
1864,18648,83rd Av & Highland Av,NB 83rd Av & FS Highland Av,33.504966,-112.237616,83,1,stop_id,,0,0,,,unknown
1865,10779,83rd Av & Camelback Rd,SB 83rd Av & FS Camelback Rd,33.508225,-112.23789,83,40,stop_id,,0,0,,,unknown
1866,18649,83rd Av & Elm St,SB 83rd Av & FS Elm St,33.505879,-112.237849,83,1,stop_id,,0,0,,,unknown
1868,18650,83rd Av & Campbell Av,SB 83rd Av & FS Campbell Av,33.5024020000001,-112.237861,83,0,stop_id,,0,0,,,unknown
1869,18651,83rd Av & Glenrosa Av,SB 83rd Av & FS Glenrosa Av,33.497392,-112.237892,83,4,stop_id,,0,0,,,unknown
1870,18652,83rd Av & McDowell Rd,SB 83rd Av & FS McDowell Rd,33.464571,-112.238283,"83, 17",14,stop_id,,0,0,,,unknown
1872,18653,83rd Av & Roosevelt St,SB 83rd Av & FS Roosevelt St,33.4588360000001,-112.238302,83,0,stop_id,,0,0,,,unknown
1873,18654,83rd Av & Pierce St,SB 83rd Av & FS Pierce St,33.454438,-112.238397,83,0,stop_id,,0,0,,,unknown
1874,12790,83rd Av & Van Buren St,SB 83rd Av & FS Van Buren St,33.4512280000001,-112.238497,83,,unmatched,,0,0,,,unknown
1875,10048,15th Av & Grant St,NB 15th Av & FS Grant St,33.4413710000001,-112.09122,15,16,stop_id,,0,0,,,unknown
1876,10049,15th Av & Jefferson St,NB 15th Av & FS Jefferson St,33.44746,-112.091329,15,17,stop_id,,0,0,,,unknown
1877,10094,15th Av & Jefferson St,SB 15th Av & FS Jefferson St,33.446515,-112.091546,15,10,stop_id,,0,0,,,unknown
1878,15620,Cactus Rd & Paradise Village Pkwy,EB Cactus Rd & FS Paradise Village Pkwy,33.5995950000001,-111.986514,138,5,stop_id,,0,0,,,unknown
1881,17197,Cactus Rd & Tatum Bl,WB Cactus Rd & FS Tatum Bl,33.5990180000001,-111.980974,138,38,stop_id,,0,0,,,unknown
1882,17472,Desert Sky TC,Desert Sky TC (Bay 5 west side),33.4788,-112.228816,"MARY, 685",,unmatched,,0,,,,unknown
1893,10873,11th St & Fillmore St,NB 11th St & FS Fillmore St,33.4550850000001,-112.05887,12,24,stop_id,,0,0,,,unknown
1894,15491,11th St & Roosevelt St,NB 11th St & FS Roosevelt St,33.459056,-112.058847,12,30,stop_id,,0,0,,,unknown
1895,18399,11th St & Van Buren St,NB 11th St & FS Van Buren St,33.4517650000001,-112.058876,12,53,stop_id,,0,0,,,unknown
1896,10890,12th St & Devonshire Av,NB 12th St & FS Devonshire Av,33.497106,-112.056233,12,10,stop_id,,0,0,,,unknown
1897,10891,12th St & Turney Av,NB 12th St & FS Turney Av,33.500593,-112.056219,12,4,stop_id,,0,0,,,unknown
1898,10910,12th St & Alice Av,NB 12th St & FS Alice Av,33.5644960000001,-112.056585,12,1,stop_id,,0,0,,,unknown
1899,10906,12th St & Belmont Av,NB 12th St & FS Belmont Av,33.5496160000001,-112.056436,12,5,stop_id,,0,0,,,unknown
1900,18200,12th St & Bethany Home Rd,NB 12th St & FS Bethany Home Rd,33.524164,-112.056129,12,13,stop_id,,0,0,,,unknown
1901,10909,12th St & Butler Dr,NB 12th St & FS Butler Dr,33.5611450000001,-112.056627,12,1,stop_id,,0,0,,,unknown
1902,10894,12th St & Camelback Rd,NB 12th St & FS Camelback Rd,33.5099440000001,-112.056134,12,20,stop_id,,0,0,,,unknown
1903,10892,12th St & Campbell Av,NB 12th St & FS Campbell Av,33.502304,-112.056205,12,18,stop_id,,0,0,,,unknown
1904,10888,12th St & Clarendon Av,NB 12th St & FS Clarendon Av,33.491479,-112.056258,12,3,stop_id,,0,0,,,unknown
1905,10895,12th St & Colter St,NB 12th St & FS Colter St,33.5132320000001,-112.056175,12,3,stop_id,,0,0,,,unknown
1906,10911,12th St & Dunlap Av,NB 12th St & FS Dunlap Av,33.5680860000001,-112.056718,"SMRT, 12",3,stop_id,,0,0,,,unknown
1907,10902,12th St & Glendale Av,NB 12th St & FS Glendale Av,33.5387040000001,-112.056189,12,15,stop_id,,0,0,,,unknown
1908,10908,12th St & Griswold Rd,NB 12th St & FS Griswold Rd,33.55749,-112.056579,12,1,stop_id,,0,0,,,unknown
1909,10893,12th St & Highland Av,NB 12th St & FS Highland Av,33.505954,-112.056183,12,8,stop_id,,0,0,,,unknown
1910,10889,12th St & Indian School Rd,NB 12th St & FS Indian School Rd,33.495236,-112.056228,12,31,stop_id,,0,0,,,unknown
1911,10900,12th St & Maryland Av,NB 12th St & FS Maryland Av,33.5312670000001,-112.056173,12,9,stop_id,,0,0,,,unknown
1912,10877,12th St & McDowell Rd,NB 12th St & FS McDowell Rd,33.466344,-112.056258,12,37,stop_id,,0,0,,,unknown
1913,10896,12th St & Missouri Av,NB 12th St & FS Missouri Av,33.517143,-112.056137,12,8,stop_id,,0,0,,,unknown
1914,10897,12th St & Montebello Av,NB 12th St & FS Montebello Av,33.520366,-112.056146,12,0,stop_id,,0,0,,,unknown
1915,10903,12th St & Myrtle Av,NB 12th St & FS Myrtle Av,33.5422510000001,-112.056267,12,1,stop_id,,0,0,,,unknown
1916,10907,12th St & Northern Av,NB 12th St & FS Northern Av,33.553348,-112.056479,12,21,stop_id,,0,0,,,unknown
1917,10879,12th St & Oak St,NB 12th St & FS Oak St,33.4733420000001,-112.056279,12,5,stop_id,,0,0,,,unknown
1918,14867,12th St & Ocotillo Rd,NB 12th St & FS Ocotillo Rd,33.534901,-112.056182,12,1,stop_id,,0,,,,unknown
1919,10887,12th St & Osborn Rd,NB 12th St & FS Osborn Rd,33.487894,-112.056277,12,4,stop_id,,0,0,,,unknown
1920,10878,12th St & Palm Ln,NB 12th St & NS Palm Ln,33.468962,-112.056294,12,6,stop_id,,0,0,,,unknown
1921,10899,12th St & Rose Ln,NB 12th St & FS Rose Ln,33.527587,-112.056165,12,6,stop_id,,0,0,,,unknown
1922,10880,12th St & Virginia Av,NB 12th St & FS Virginia Av,33.4769420000001,-112.056277,12,21,stop_id,,0,0,,,unknown
1923,10876,12th St & Willetta St,NB 12th St & FS Willetta St,33.4641030000001,-112.056281,12,18,stop_id,,0,0,,,unknown
1924,10881,12th St & Thomas Rd,NB 12th St & NS Thomas Rd,33.479615,-112.056267,12,38,stop_id,,0,0,,,unknown
1925,10905,12th St & Wagon Wheel Dr,NB 12th St & NS Wagon Wheel Dr,33.546253,-112.056352,12,3,stop_id,,0,0,,,unknown
1926,10904,12th St & State Av,NB 12th St & FS State Av,33.544405,-112.056314,12,1,stop_id,,0,0,,,unknown
1929,11072,15th Av & Camelback Rd,NB 15th Av & FS Camelback Rd,33.5100410000001,-112.091152,15,15,stop_id,,0,0,,,unknown
1930,11070,15th Av & Campbell Av,NB 15th Av & FS Campbell Av,33.5026300000001,-112.091164,15,2,stop_id,,0,0,,,unknown
1931,11067,15th Av & Clarendon Av,NB 15th Av & FS Clarendon Av,33.491723,-112.091226,15,14,stop_id,,0,0,,,unknown
1932,15723,15th Av & Cochise Dr,NB 15th Av & FS Cochise Dr,33.580137,-112.091178,106,7,stop_id,,0,0,,,unknown
1933,18186,15th Av & Colter St,NB 15th Av & FS Colter St,33.5134170000001,-112.091129,15,1,stop_id,,0,0,,,unknown
1934,11059,15th Av & Culver St,NB 15th Av & FS Culver St,33.462992,-112.091188,15,1,stop_id,,0,0,,,unknown
1935,18169,15th Av & Encanto Bl,NB 15th Av & FS Encanto Bl,33.4735240000001,-112.091286,15,7,stop_id,,0,0,,,unknown
1936,11057,15th Av & Pierce St,NB 15th Av & FS Pierce St,33.4561340000001,-112.091158,15,30,stop_id,,0,0,,,unknown
1937,11069,15th Av & Glenrosa Av,NB 15th Av & FS Glenrosa Av,33.4989830000001,-112.091193,15,2,stop_id,,0,0,,,unknown
1938,15720,15th Av & Hatcher Rd,NB 15th Av & FS Hatcher Rd,33.5717470000001,-112.091141,106,7,stop_id,,0,0,,,unknown
1939,18185,15th Av & Highland Av,NB 15th Av & FS Highland Av,33.506038,-112.091154,15,6,stop_id,,0,0,,,unknown
1940,11068,15th Av & Indian School Rd,NB 15th Av & FS Indian School Rd,33.495328,-112.091142,15,31,stop_id,,0,0,,,unknown
1941,11060,15th Av & McDowell Rd,NB 15th Av & FS McDowell Rd,33.466168,-112.091217,15,23,stop_id,,0,0,,,unknown
1943,15721,15th Av & Mountain View Rd,NB 15th Av & FS Mountain View Rd,33.5752430000001,-112.091141,106,31,stop_id,,0,0,,,unknown
1944,11066,15th Av & Osborn Rd,NB 15th Av & FS Osborn Rd,33.4882180000001,-112.091235,15,11,stop_id,,0,0,,,unknown
1945,11061,15th Av & Palm Ln,NB 15th Av & FS Palm Ln,33.4696010000001,-112.091293,15,2,stop_id,,0,0,,,unknown
1946,11058,15th Av & Roosevelt St,NB 15th Av & FS Roosevelt St,33.4594720000001,-112.09117,15,16,stop_id,,0,0,,,unknown
1947,11064,15th Av & Thomas Rd,NB 15th Av & FS Thomas Rd,33.481096,-112.091257,15,52,stop_id,,0,0,,,unknown
1948,11056,15th Av & Van Buren St,NB 15th Av & FS Van Buren St,33.451717,-112.091177,15,39,stop_id,,0,0,,,unknown
1949,11055,15th Av & Washington St,NB 15th Av & FS Washington St,33.4485330000001,-112.091341,15,11,stop_id,,0,0,,,unknown
195,10197,75th Av & Camelback Rd,SB 75th Av & FS Camelback Rd,33.5083910000001,-112.220634,75,82,stop_id,,0,0,,,unknown
1950,11065,15th Av & Earll Dr,NB 15th Av & NS Earll Dr,33.4839240000001,-112.091248,15,10,stop_id,,0,0,,,unknown
1951,11063,15th Av & Virginia Av,NB 15th Av & FS Virginia Av,33.476957,-112.09128,15,3,stop_id,,0,0,,,unknown
1952,15722,15th Av & Brown St,NB 15th Av & NS Brown St,33.577305,-112.091157,106,10,stop_id,,0,0,,,unknown
1953,14902,16th St & Bethany Home Rd,NB 16th St & FS Bethany Home Rd,33.524188,-112.047362,16,16,stop_id,,0,0,,,unknown
1954,11174,16th St & Cambridge Av,NB 16th St & FS Cambridge Av,33.4778660000001,-112.047529,16,13,stop_id,,0,0,,,unknown
1955,11182,16th St & Camelback Rd,NB 16th St & FS Camelback Rd,33.5097670000001,-112.047329,"60, 16",58,stop_id,,0,0,,,unknown
1956,18033,16th St & Campbell Av,NB 16th St & FS Campbell Av,33.5026710000001,-112.047435,16,16,stop_id,,0,0,,,unknown
1957,11184,16th St & Colter St,NB 16th St & FS Colter St,33.513427,-112.047397,"60, 16",9,stop_id,,0,0,,,unknown
1958,10884,16th St & Earll Dr,NB 16th St & FS Earll Dr,33.484182,-112.047529,"16, 12",12,stop_id,,0,0,,,unknown
1959,11167,16th St & Villa St,NB 16th St & FS Villa St,33.455408,-112.047543,16,36,stop_id,,0,0,,,unknown
1960,11191,16th St & Glendale Av,NB 16th St & FS Glendale Av,33.5386290000001,-112.047355,16,25,stop_id,,0,0,,,unknown
1961,11179,16th St & Glenrosa Av,NB 16th St & FS Glenrosa Av,33.4987980000001,-112.047468,16,2,stop_id,,0,0,,,unknown
1962,11181,16th St & Highland Av,NB 16th St & FS Highland Av,33.506195,-112.047401,16,13,stop_id,,0,0,,,unknown
1963,15463,16th St & Indian School Rd,NB 16th St & FS Indian School Rd,33.495169,-112.047486,16,62,stop_id,,0,0,,,unknown
1964,11189,16th St & Maryland Av,NB 16th St & FS Maryland Av,33.5312930000001,-112.047387,16,11,stop_id,,0,0,,,unknown
1965,11171,16th St & McDowell Rd,NB 16th St & FS McDowell Rd,33.4664450000001,-112.047513,16,107,stop_id,,0,0,,,unknown
1966,11168,16th St & McKinley St,NB 16th St & FS McKinley St,33.457072,-112.047528,16,21,stop_id,,0,0,,,unknown
1968,15465,16th St & Missouri Av,NB 16th St & FS Missouri Av,33.517008,-112.047353,"60, 16",13,stop_id,,0,0,,,unknown
1969,11194,16th St & Morten Av,NB 16th St & FS Morten Av,33.547895,-112.047542,16,5,stop_id,,0,0,,,unknown
1970,11192,16th St & Myrtle Av,NB 16th St & FS Myrtle Av,33.5424330000001,-112.04737,16,3,stop_id,,0,0,,,unknown
1971,11173,16th St & Oak St,NB 16th St & FS Oak St,33.4732720000001,-112.047538,16,30,stop_id,,0,0,,,unknown
1972,11190,16th St & Ocotillo Rd,NB 16th St & FS Ocotillo Rd,33.53502,-112.04737,16,2,stop_id,,0,0,,,unknown
1973,11193,16th St & Orangewood Av,NB 16th St & FS Orangewood Av,33.545712,-112.047418,16,1,stop_id,,0,0,,,unknown
1974,11175,16th St & Osborn Rd,NB 16th St & FS Osborn Rd,33.4878420000001,-112.04753,16,26,stop_id,,0,0,,,unknown
1975,11172,16th St & Palm Ln,NB 16th St & FS Palm Ln,33.4696880000001,-112.047553,16,0,stop_id,,0,0,,,unknown
1976,11169,16th St & Roosevelt St,NB 16th St & FS Roosevelt St,33.4593100000001,-112.047454,16,110,stop_id,,0,0,,,unknown
1977,11188,16th St & Rose Ln,NB 16th St & FS Rose Ln,33.5276890000001,-112.047374,16,10,stop_id,,0,0,,,unknown
1978,10883,16th St & Thomas Rd,NB 16th St & FS Thomas Rd,33.4805640000001,-112.047461,"16, 12",209,stop_id,,0,0,,,unknown
1408,12699,Indian School Rd & 33rd Av,EB Indian School Rd & FS 33rd Av,33.4947910000001,-112.129111,41,160,stop_id,,0,0,,,unknown
1979,11166,16th St & Van Buren St,NB 16th St & FS Van Buren St,33.451935,-112.047526,16,119,stop_id,,0,0,,,unknown
1980,10446,Desert Sky TC,Desert Sky TC (Bay 1 east side),33.479338,-112.228434,83,,unmatched,,0,,,,unknown
1981,11176,16th St & Whitton Av,NB 16th St & FS Whitton Av,33.4899080000001,-112.047529,16,6,stop_id,,0,0,,,unknown
1982,11170,16th St & Willetta St,NB 16th St & FS Willetta St,33.4641,-112.047559,16,5,stop_id,,0,0,,,unknown
1983,11195,16th St & 7743 North,NB 16th St & AT 7743 North,33.5507430000001,-112.047735,16,3,stop_id,,0,0,,,unknown
1984,11178,16th St & Devonshire Av,NB 16th St & FS Devonshire Av,33.496853,-112.047476,16,18,stop_id,,0,0,,,unknown
1985,11186,16th St & Montebello Av,NB 16th St & NS Montebello Av,33.5197700000001,-112.04739,"60, 16",10,stop_id,,0,0,,,unknown
1987,18006,19th Av & Cactus Rd,NB 19th Av & FS Cactus Rd,33.597179,-112.099436,19,72,stop_id,,0,0,,,unknown
1988,11527,19th Av & Granada Rd,NB 19th Av & FS Granada Rd,33.4686520000001,-112.099835,19,2,stop_id,,0,0,,,unknown
1989,11553,19th Av & Joan De Arc Av,NB 19th Av & FS Joan De Arc Av,33.6078210000001,-112.099509,19,4,stop_id,,0,0,,,unknown
199,18631,75th Av & Hazelwood St,SB 75th Av & FS Hazelwood St,33.5047010000001,-112.220575,75,5,stop_id,,0,0,,,unknown
1990,17068,Desert Sky TC,Desert Sky TC (Bay 3 east side),33.4788760000001,-112.228517,MARY,,unmatched,,0,,,,unknown
1991,11530,19th Av & Virginia Av,NB 19th Av & FS Virginia Av,33.4772820000001,-112.099853,19,2,stop_id,,0,0,,,unknown
1992,10143,19th Av & Earll Dr,NB 19th Av & FS Earll Dr,33.484634,-112.099831,19,55,stop_id,,0,0,,,unknown
1993,11521,19th Av & Adams St,NB 19th Av & FS Adams St,33.449638,-112.099989,19,22,stop_id,,0,0,,,unknown
1994,11562,19th Av & Angela Dr,NB 19th Av & FS Angela Dr,33.645969,-112.099574,19,6,stop_id,,0,0,,,unknown
1995,11569,19th Av & Beardsley Rd,NB 19th Av & FS Beardsley Rd,33.6705930000001,-112.099641,19,1,stop_id,,0,0,,,unknown
1996,11568,19th Av & Behrend Dr,NB 19th Av & FS Behrend Dr,33.6659900000001,-112.099681,19,2,stop_id,,0,0,,,unknown
1997,11560,19th Av & Bell Rd,NB 19th Av & FS Bell Rd,33.640741,-112.099488,19,65,stop_id,,0,0,,,unknown
1998,11079,19th Av & Bethany Home Rd,NB 19th Av & FS Bethany Home Rd,33.5247600000001,-112.099548,19,89,stop_id,,0,0,,,unknown
1999,11090,19th Av & Butler Dr,NB 19th Av & FS Butler Dr,33.560928,-112.0994,19,27,stop_id,,0,0,,,unknown
20,10086,Sunnyslope TC,Sunnyslope TC (Bay 3 north side),33.567126,-112.068802,90,,unmatched,,0,,,,unknown
2000,11538,19th Av & Camelback Rd,NB 19th Av & FS Camelback Rd,33.5100160000001,-112.099661,19,165,stop_id,,0,0,,,unknown
20000,15353,Ray Rd & 44th St,EB Ray Rd & FS 44th St,33.3201300000001,-111.988497,ALEX,0,stop_id,,0,0,,,unknown
20001,15480,Ray Rd & 44th St,WB Ray Rd & FS 44th St,33.3204870000001,-111.989523,ALEX,0,stop_id,,0,0,,,unknown
20002,15673,Buckeye Rd & 71st Av,EB Buckeye Rd & NS 71st Av,33.4370490000001,-112.216048,13,,stop_id,,0,0,,,unknown
20003,10780,51st St & Elliot Rd,SB 51st St & FS Elliot Rd,33.3477550000001,-111.975792,ALEX,0,stop_id,,0,0,,,unknown
20004,10797,23rd Av & Pinnacle Peak Rd,NB 23rd Av & FS Pinnacle Peak Rd,33.701174,-112.108648,19,,stop_id,,0,0,,,unknown
20005,15677,23rd Av & Farmers Wy,NB 23rd Av & FS Farmers Wy,33.7079900000001,-112.10863,19,0,stop_id,,0,0,,,unknown
20006,15678,23rd Av & Farmers Wy,SB 23rd Av & FS Farmers Wy,33.707548,-112.108911,19,18,stop_id,,0,0,,,unknown
20009,18660,40th St & University Dr,SB 40th St & FS University Dr,33.421344,-111.995563,32,4,stop_id,,0,0,,,unknown
2001,11536,19th Av & Campbell Av,NB 19th Av & FS Campbell Av,33.50307,-112.09977,19,74,stop_id,,0,0,,,unknown
20010,18661,40th St & Miami Av,SB 40th St & FS Miami Av,33.4178390000001,-111.99554,32,2,stop_id,,0,0,,,unknown
20011,18662,40th St & Elwood St,SB 40th St & FS Elwood St,33.4144880000001,-111.995519,32,6,stop_id,,0,0,,,unknown
20012,18663,40th St & Broadway Rd,SB 40th St & FS Broadway Rd,33.406575,-111.995485,32,19,stop_id,,0,0,,,unknown
20013,18664,40th St & Wier Av,SB 40th St & FS Wier Av,33.403146,-111.99553,32,4,stop_id,,0,0,,,unknown
20014,18665,40th St & Roeser Rd,SB 40th St & FS Roeser Rd,33.39948,-111.995571,32,7,stop_id,,0,0,,,unknown
20015,18666,40th St & Sunland Av,SB 40th St & FS Sunland Av,33.3957780000001,-111.995619,32,2,stop_id,,0,0,,,unknown
20016,18667,40th St & Southern Av,SB 40th St & FS Southern Av,33.3922410000001,-111.995656,32,13,stop_id,,0,0,,,unknown
20017,18668,40th St & St Catherine Av,SB 40th St & FS St Catherine Av,33.3883280000001,-111.995657,32,0,stop_id,,0,0,,,unknown
20018,18669,40th St & Vineyard Av,SB 40th St & FS Vineyard Av,33.3848860000001,-111.995671,32,1,stop_id,,0,0,,,unknown
20019,18670,40th St & Fremont Dr,SB 40th St & FS Fremont Dr,33.380971,-111.995673,32,1,stop_id,,0,0,,,unknown
2002,11546,19th Av & Cheryl Dr,NB 19th Av & FS Cheryl Dr,33.579344,-112.099447,"19, 122",10,stop_id,,0,0,,,unknown
20020,18671,40th St & Baseline Rd,NB 40th St & FS Baseline Rd,33.378705,-111.99544,32,28,stop_id,,0,0,,,unknown
20021,18672,40th St & Fremont Dr,NB 40th St & FS Fremont Dr,33.381578,-111.995435,32,4,stop_id,,0,0,,,unknown
20022,18673,40th St & Vineyard Rd,NB 40th St & FS Vineyard Rd,33.3858240000001,-111.995429,32,5,stop_id,,0,0,,,unknown
20023,18674,40th St & St Catherine Av,NB 40th St & FS St Catherine Av,33.389104,-111.995416,32,4,stop_id,,0,0,,,unknown
20024,18675,40th St & Southern Av,NB 40th St & FS Southern Av,33.392953,-111.995412,32,35,stop_id,,0,0,,,unknown
20025,18676,40th St & Sunland Av,NB 40th St & FS Sunland Av,33.3962730000001,-111.995377,32,4,stop_id,,0,0,,,unknown
20026,18677,40th St & Roeser Rd,NB 40th St & FS Roeser Rd,33.400287,-111.995315,32,8,stop_id,,0,0,,,unknown
20027,18678,40th St & Cotton Center Bl,NB 40th St & FS Cotton Center Bl,33.404006,-111.995249,32,28,stop_id,,0,0,,,unknown
20028,18679,40th St & Broadway Rd,NB 40th St & FS Broadway Rd,33.407877,-111.995243,32,39,stop_id,,0,0,,,unknown
20029,18680,40th St & Raymond St,NB 40th St & FS Raymond St,33.4138620000001,-111.995292,32,7,stop_id,,0,0,,,unknown
2003,18004,19th Av & Cholla St,NB 19th Av & FS Cholla St,33.589886,-112.099493,"19, 122",28,stop_id,,0,0,,,unknown
20030,18681,40th St & Miami Av,NB 40th St & FS Miami Av,33.418642,-111.995311,32,11,stop_id,,0,0,,,unknown
20031,18682,51st Av & Miami St,SB 51st Av & FS Miami St,33.4179940000001,-112.169456,51,8,stop_id,,0,0,,,unknown
20032,18683,51st Av & Elwood St,SB 51st Av & FS Elwood St,33.4146200000001,-112.169462,51,1,stop_id,,0,0,,,unknown
20033,18684,51st Av & Broadway Rd North,SB 51st Av & FS Broadway Rd North,33.41112,-112.169318,51,3,stop_id,,0,0,,,unknown
20034,18685,51st Av & Broadway Rd South,SB 51st Av & FS Broadway Rd South,33.402696,-112.168599,51,0,stop_id,,0,0,,,unknown
20035,18686,51st Av & Roeser Rd,SB 51st Av & FS Roeser Rd,33.398877,-112.168485,51,1,stop_id,,0,0,,,unknown
20036,18687,51st Av & Sunland Av,SB 51st Av & FS Sunland Av,33.395633,-112.168472,51,1,stop_id,,0,0,,,unknown
20037,18688,51st Av & Southern Av,SB 51st Av & FS Southern Av,33.391377,-112.168496,"61, 51",5,stop_id,,0,0,,,unknown
20038,18689,51st Av & Burgess Ln,SB 51st Av & FS Burgess Ln,33.38883,-112.168452,"61, 51",2,stop_id,,0,0,,,unknown
20039,18690,51st Av & Vineyard Rd,SB 51st Av & FS Vineyard Rd,33.384347,-112.168448,51,1,stop_id,,0,0,,,unknown
2004,11533,19th Av & Clarendon Av,NB 19th Av & FS Clarendon Av,33.491566,-112.099803,19,7,stop_id,,0,0,,,unknown
20040,18691,51st Av & Maldonado Rd,SB 51st Av & FS Maldonado Rd,33.3820240000001,-112.168427,51,2,stop_id,,0,0,,,unknown
20041,18692,51st Av & Baseline Rd,NB 51st Av & FS Baseline Rd,33.3781970000001,-112.168044,51,93,stop_id,,0,0,,,unknown
20042,18693,51st Av & Maldonado Rd,NB 51st Av & FS Maldonado Rd,33.382324,-112.168147,51,10,stop_id,,0,0,,,unknown
20043,18694,51st Av & Vineyard Rd,NB 51st Av & FS Vineyard Rd,33.3851720000001,-112.168162,51,14,stop_id,,0,0,,,unknown
20044,18695,51st Av & Burgess Ln,NB 51st Av & NS Burgess Ln,33.3891640000001,-112.168059,51,9,stop_id,,0,0,,,unknown
20045,18696,51st Av & Southern Av,NB 51st Av & FS Southern Av,33.3925990000001,-112.168029,51,14,stop_id,,0,0,,,unknown
20046,18697,51st Av & Sunland Av,NB 51st Av & FS Sunland Av,33.396351,-112.168191,51,2,stop_id,,0,0,,,unknown
20047,18698,51st Av & Roeser Rd,NB 51st Av & FS Roeser Rd,33.399705,-112.168203,51,2,stop_id,,0,0,,,unknown
20048,18699,51st Av & Broadway Rd South,NB 51st Av & NS Broadway Rd South,33.403644,-112.168269,51,0,stop_id,,0,0,,,unknown
20049,18700,51st Av & Broadway Rd North,NB 51st Av & FS Broadway Rd North,33.4121040000001,-112.16905,51,6,stop_id,,0,0,,,unknown
2005,11539,19th Av & Colter St,NB 19th Av & FS Colter St,33.5137120000001,-112.099632,19,29,stop_id,,0,0,,,unknown
20050,18701,51st Av & Elwood St,NB 51st Av & NS Elwood St,33.414657,-112.169175,51,7,stop_id,,0,0,,,unknown
20051,18702,51st Av & Miami St,NB 51st Av & FS Miami St,33.4189490000001,-112.169197,51,37,stop_id,,0,0,,,unknown
20052,18703,51st Av & South Mountain Av,SB 51st Av & FS South Mountain Av,33.370005,-112.169197,51,1,stop_id,,0,0,,,unknown
20053,10852,Thunderbird Rd & 32nd St,WB Thunderbird Rd & FS 32nd St,33.611632,-112.013721,138,0,stop_id,,0,0,,,unknown
20054,10854,Metro Pkwy E & 9445 North,NB Metro Pkwy E & AT 9445 North,33.5729880000001,-112.11879,"90, 35, 27",,stop_id,,0,,,,unknown
20055,10872,1st Av & Fillmore St,SB 1st Av & FS Fillmore St,33.454368,-112.075265,"8, 10, 0",10,stop_id,,0,,,,unknown
20056,10874,24th St & Elwood St,NB 24th St & FS Elwood St,33.4146390000001,-112.029589,70,6,stop_id,,0,,,,unknown
20057,10898,24th St & Elwood St,SB 24th St & FS Elwood St,33.413828,-112.02979,70,1,stop_id,,0,,,,unknown
20058,18707,Marriott Dr & Deer Valley Rd,NB Marriott Dr & FS Deer Valley Rd,33.6788990000001,-111.968506,44,,stop_id,,0,,,,unknown
20059,17508,Baseline Rd & 57th Av,EB Baseline Rd & FS 57th Av,33.3773430000001,-112.180081,77,,stop_id,,0,,,,unknown
2006,11525,19th Av & Culver St,NB 19th Av & FS Culver St,33.463577,-112.09986,19,6,stop_id,,0,0,,,unknown
20060,17509,7th St & Jesse Owens Pkwy,NB 7th St & FS Jesse Owens Pkwy,33.374562,-112.065856,7,,stop_id,,0,,,,unknown
20061,17510,7th St & Baseline Rd,SB 7th St & FS Baseline Rd,33.3771370000001,-112.064784,"7s, 7",0,stop_id,,0,,,,unknown
20062,17511,95th Av & Palm Ln,NB 95th Av & FS Palm Ln,33.4687940000001,-112.264462,685,,stop_id,,0,,,,unknown
20063,17512,95th Av & Palm Ln,SB 95th Av & FS Palm Ln,33.4680690000001,-112.264466,685,,stop_id,,0,,,,unknown
20064,17513,Thomas Rd & 91st Av,WB Thomas Rd & FS 91st Av,33.4798660000001,-112.255838,29,0,stop_id,,0,,,,unknown
20065,17514,Thomas Rd & 93rd Av,WB Thomas Rd & FS 93rd Av,33.479745,-112.26014,29,,stop_id,,0,,,,unknown
20066,17536,Tatum Bl & Larkspur Dr,NB Tatum Bl & FS Larkspur Dr,33.6014290000001,-111.978936,"44, 138",,stop_id,,0,,,,unknown
20067,17537,Tatum Bl & Larkspur Dr,SB Tatum Bl & FS Larkspur Dr,33.60159,-111.979288,"44, 138",,stop_id,,0,,,,unknown
20068,13385,Baseline Rd & Laveen Park Place,EB Baseline Rd & AT Laveen Park Place,33.377284,-112.186576,77,,stop_id,,0,,,,unknown
20069,18801,Mayo Bl & ASU Health Futures Center,EB Mayo Bl & AT ASU Health Futures Center,33.6581400000001,-111.946817,186,,stop_id,,0,,,,unknown
2007,11548,19th Av & Desert Cove Av,NB 19th Av & FS Desert Cove Av,33.586355,-112.099541,"19, 122",27,stop_id,,0,0,,,unknown
20070,18751,McDowell Rd & Karsten Wy,WB McDowell Rd & FS Karsten Wy,33.4653480000001,-111.956655,17,,stop_id,,0,,,,unknown
20071,10210,Buckeye Rd & 57th Av,WB Buckeye Rd & FS 57th Av,33.4371170000001,-112.183994,13,,stop_id,,0,,,,unknown
20072,18861,43rd Av & Mohave St,SB 43rd Av & FS Mohave St,33.430977,-112.152005,43,,stop_id,,0,,,,unknown
20073,18862,43rd Av & Mohave St,NB 43rd Av & FS Mohave St,33.432032,-112.15176,43,,stop_id,,0,,,,unknown
20074,18863,43rd Av & Gibson St,SB 43rd Av & FS Gibson St,33.4271880000001,-112.152007,43,,stop_id,,0,,,,unknown
20075,18864,43rd Av & Gibson St,NB 43rd Av & FS Gibson St,33.4279980000001,-112.151755,43,,stop_id,,0,,,,unknown
20076,18865,43rd Av & Lower Buckeye Rd,NB 43rd Av & FS Lower Buckeye Rd,33.4230470000001,-112.151688,43,,stop_id,,0,,,,unknown
20077,18890,Lower Buckeye Rd & Estrella Town Center,WB Lower Buckeye Rd & AT Estrella Town Center,33.4231140000001,-112.224917,28,,stop_id,,,,,,unknown
20078,18891,Lower Buckeye Rd & 79th Av,WB Lower Buckeye Rd & FS 79th Av,33.4230820000001,-112.230449,28,,stop_id,,0,,,,unknown
20079,18892,Lower Buckeye Rd & 81st Av,WB Lower Buckeye Rd & FS 81st Av,33.423076,-112.234198,28,,stop_id,,0,,,,unknown
2008,18148,19th Av & Dunlap Av,NB 19th Av & FS Dunlap Av,33.568183,-112.099383,"19, 122",394,stop_id,,0,0,,,unknown
20080,18893,Lower Buckeye Rd & 83rd Av,WB Lower Buckeye Rd & FS 83rd Av,33.423049,-112.239141,28,,stop_id,,0,,,,unknown
20081,18894,Lower Buckeye Rd & 85th Ln,WB Lower Buckeye Rd & FS 85th Ln,33.422427,-112.24474,28,,stop_id,,0,,,,unknown
20082,18895,Lower Buckeye Rd & 87th Av,WB Lower Buckeye Rd & FS 87th Av,33.4221250000001,-112.247619,28,,stop_id,,0,,,,unknown
20083,18896,Lower Buckeye Rd & 90th Av,WB Lower Buckeye Rd & FS 90th Av,33.421545,-112.253635,28,,stop_id,,0,,,,unknown
20084,18897,Lower Buckeye Rd & 97th Av,WB Lower Buckeye Rd & FS 97th Av,33.421346,-112.269067,28,,stop_id,,0,,,,unknown
20085,18898,Lower Buckeye Rd & 99th Av,EB Lower Buckeye Rd & FS 99th Av,33.420957,-112.271598,28,,stop_id,,0,,,,unknown
20086,18899,Lower Buckeye Rd & 97th Av,EB Lower Buckeye Rd & FS 97th Av,33.4210150000001,-112.267815,28,,stop_id,,0,,,,unknown
20087,18924,Lower Buckeye Rd & 95th Av,EB Lower Buckeye Rd & FS 95th Av,33.4210440000001,-112.263579,28,,stop_id,,0,,,,unknown
20088,18925,Lower Buckeye Rd & 93rd Ln,EB Lower Buckeye Rd & FS 93rd Ln,33.42105,-112.260209,28,,stop_id,,0,,,,unknown
20089,18926,Lower Buckeye Rd & 91st Av,EB Lower Buckeye Rd & FS 91st Av,33.4210840000001,-112.255082,28,,stop_id,,0,,,,unknown
2009,11089,19th Av & El Caminito Dr,NB 19th Av & FS El Caminito Dr,33.5586710000001,-112.099482,19,19,stop_id,,0,0,,,unknown
20090,18927,Lower Buckeye Rd & 90th Av,EB Lower Buckeye Rd & FS 90th Av,33.421437,-112.251831,28,,stop_id,,0,,,,unknown
20091,18928,Lower Buckeye Rd & 87th Ln,EB Lower Buckeye Rd & NS 87th Ln,33.4216710000001,-112.249457,28,,stop_id,,0,,,,unknown
20092,18929,Lower Buckeye Rd & 87th Av,EB Lower Buckeye Rd & FS 87th Av,33.421993,-112.2466,28,,stop_id,,0,,,,unknown
20093,18930,Lower Buckeye Rd & 85th Av,EB Lower Buckeye Rd & FS 85th Av,33.422427,-112.242467,28,,stop_id,,0,,,,unknown
20094,18931,Lower Buckeye Rd & 81st Av,EB Lower Buckeye Rd & FS 81st Av,33.422849,-112.233006,28,,stop_id,,0,,,,unknown
20095,18932,Lower Buckeye Rd & 79th Av,EB Lower Buckeye Rd & FS 79th Av,33.4228350000001,-112.229123,28,,stop_id,,0,,,,unknown
20096,18933,Lower Buckeye Rd & 7650 West,EB Lower Buckeye Rd & AT 7650 West,33.4228200000001,-112.224919,28,,stop_id,,0,,,,unknown
20097,18934,Vineyard Rd & 51st Av,EB Vineyard Rd & FS 51st Av,33.384684,-112.167696,61,,stop_id,,0,,,,unknown
20098,18911,Vineyard Rd & 49th Ln,EB Vineyard Rd & FS 49th Ln,33.384716,-112.164425,61,,stop_id,,0,,,,unknown
20099,18935,47th Av & Vineyard Rd,NB 47th Av & FS Vineyard Rd,33.3849950000001,-112.16058,61,,stop_id,,,,,,unknown
2010,11537,19th Av & Elm St,NB 19th Av & FS Elm St,33.5072280000001,-112.099764,19,13,stop_id,,0,0,,,unknown
20100,18936,47th Av & Alta Vista Rd,NB 47th Av & FS Alta Vista Rd,33.388855,-112.159446,61,,stop_id,,0,,,,unknown
20101,18923,35th Av & Durango St,NB 35th Av & FS Durango St,33.4300460000001,-112.134421,35,,stop_id,,,,,,unknown
20103,18937,Southern Av & 43rd Av,WB Southern Av & FS 43rd Av,33.3921530000001,-112.151512,61,,stop_id,,0,,,,unknown
20104,18938,Southern Av & 47th Av,EB Southern Av & FS 47th Av,33.3918800000001,-112.159078,61,,stop_id,,0,,,,unknown
20105,18939,Southern Av & 45th Dr,EB Southern Av & FS 45th Dr,33.391874,-112.155236,61,,stop_id,,0,,,,unknown
20106,14925,Mayo Bl & 68th St,EB Mayo Bl & FS 68th St,33.655018,-111.933402,186,,stop_id,,0,,,,unknown
20107,14924,Mayo Bl & 68th St,WB Mayo Bl & FS 68th St,33.6554140000001,-111.934773,186,,unmatched,,0,,,,unknown
20108,15067,Mayo Bl & 6611 East,EB Mayo Bl & AT 6611 East,33.655294,-111.936841,186,,unmatched,,0,,,,unknown
20109,13375,Lower Buckeye Rd & 67th Av,EB Lower Buckeye Rd & FS 67th Av,33.4227080000001,-112.20355,28,,stop_id,,0,,,,unknown
2011,11529,19th Av & Encanto Bl,NB 19th Av & FS Encanto Bl,33.473756,-112.09985,19,12,stop_id,,0,0,,,unknown
20110,14292,Lower Buckeye Rd & 67th Av,WB Lower Buckeye Rd & FS 67th Av,33.42292,-112.204636,28,,stop_id,,0,,,,unknown
20111,17338,35th Av & 5650 South,SB 35th Av & AT 5650 South,33.3943350000001,-112.133751,35,,stop_id,1,0,,,,unknown
20113,18914,Metro Pkwy W & Mission Ln,SB Metro Pkwy W & FS Mission Ln,33.5718650000001,-112.123435,35,,stop_id,,,,,,unknown
20114,18915,Metro Pkwy W & 28th Dr,WB Metro Pkwy W & FS 28th Dr,33.5802650000001,-112.122497,35,,stop_id,,0,,,,unknown
20115,18916,16th St & Riverview Dr,NB 16th St & FS Riverview Dr,33.4206150000001,-112.047584,16,,stop_id,,,,,,unknown
20116,18917,16th St & Riverview Dr,SB 16th St & NS Riverview Dr,33.4206060000001,-112.047847,"16s, 16",,stop_id,,,,,,unknown
20117,18918,Lower Buckeye Rd & 69th Av,WB Lower Buckeye Rd & FS 69th Av,33.4229950000001,-112.208658,28,,stop_id,,,,,,unknown
20118,18919,Lower Buckeye Rd & 73rd Dr,WB Lower Buckeye Rd & NS 73rd Dr,33.4230480000001,-112.217445,28,,stop_id,,,,,,unknown
20119,18920,Lower Buckeye Rd & 71st Av,EB Lower Buckeye Rd & NS 71st Av,33.4227930000001,-112.212829,28,,stop_id,,,,,,unknown
2012,11556,19th Av & Evans Dr,NB 19th Av & FS Evans Dr,33.6184000000001,-112.09953,19,11,stop_id,,0,0,,,unknown
20120,18921,Lower Buckeye Rd & 69th Av,EB Lower Buckeye Rd & FS 69th Av,33.4227920000001,-112.207855,28,,stop_id,,,,,,unknown
20121,18946,24th St & Old Tower Rd,NB 24th St & FS Old Tower Rd,33.4284250000001,-112.030622,70,,stop_id,,,,,,unknown
20122,18947,24th St & Old Tower Rd,SB 24th St & NS Old Tower Rd,33.428097,-112.030777,70,,stop_id,,,,,,unknown
20123,18948,Rose Garden Ln & 23rd St,WB Rose Garden Ln & FS 23rd St,33.676906,-112.033335,90,,stop_id,,,,,,unknown
20124,18958,Baseline Rd & 75th Av,WB Baseline Rd & FS 75th Av,33.377481,-112.220347,77,,unmatched,,,,,,unknown
20125,18970,Norterra Pkwy & Happy Valley Rd,NB Norterra Pkwy & FS Happy Valley Rd,33.713671,-112.108606,19,,stop_id,,,,,,unknown
20126,18971,23rd Av & Happy Valley Rd,SB 23rd Av & FS Happy Valley Rd,33.712252,-112.108964,"35, 19",,stop_id,,,,,,unknown
20127,18972,75th Av & Lower Buckeye Rd,NB 75th Av & FS Lower Buckeye Rd,33.4234210000001,-112.221026,75,,stop_id,,,,,,unknown
20128,19024,Bell Rd & 2200 East,WB Bell Rd & AT 2200 East,33.640637,-112.035727,170,,unmatched,,,,,,unknown
20129,19025,Bell Rd & 2200 East,EB Bell Rd & AT 2200 East,33.6403030000001,-112.03432,170,,unmatched,,,,,,unknown
2013,11087,19th Av & Frier Dr,NB 19th Av & FS Frier Dr,33.549992,-112.099413,19,9,stop_id,,0,0,,,unknown
2014,17064,Desert Sky TC,Desert Sky TC (Bay 4 east side),33.478647,-112.228558,"I10W, 685",,unmatched,,0,0,,,unknown
2015,11084,19th Av & Glendale Av,NB 19th Av & FS Glendale Av,33.5392340000001,-112.099396,19,173,stop_id,,0,0,,,unknown
2016,11557,19th Av & Greenway Pkwy,NB 19th Av & FS Greenway Pkwy,33.626248,-112.099539,19,37,stop_id,,0,0,,,unknown
2017,11563,19th Av & Grovers Av,NB 19th Av & FS Grovers Av,33.6478690000001,-112.099566,19,5,stop_id,,0,0,,,unknown
2018,16992,19th Av & Hatcher Rd,NB 19th Av & FS Hatcher Rd,33.572822,-112.099513,"19, 122",24,stop_id,,0,0,,,unknown
2019,11535,19th Av & Heatherbrae Dr,NB 19th Av & FS Heatherbrae Dr,33.498725,-112.099779,19,48,stop_id,,0,0,,,unknown
2020,11534,19th Av & Indian School Rd,NB 19th Av & FS Indian School Rd,33.495592,-112.099742,19,277,stop_id,,0,0,,,unknown
2021,11524,19th Av & Linden Rd,NB 19th Av & FS Linden Rd,33.459815,-112.099931,19,12,stop_id,,0,0,,,unknown
2022,11081,19th Av & Maryland Av,NB 19th Av & FS Maryland Av,33.532095,-112.099517,19,12,stop_id,,0,0,,,unknown
2023,11526,19th Av & McDowell Rd,NB 19th Av & FS McDowell Rd,33.4667190000001,-112.09981,"GAL, 19",85,stop_id,,0,0,,,unknown
2024,11564,19th Av & Michigan Av,NB 19th Av & FS Michigan Av,33.6515230000001,-112.099572,19,2,stop_id,,0,0,,,unknown
2025,11540,19th Av & Missouri Av,NB 19th Av & FS Missouri Av,33.5177620000001,-112.099582,"19, 15",27,stop_id,,0,0,,,unknown
2026,11570,19th Av & Mohawk Ln,NB 19th Av & FS Mohawk Ln,33.673231,-112.099712,19,1,stop_id,,0,0,,,unknown
2027,11528,19th Av & Monte Vista Rd,NB 19th Av & FS Monte Vista Rd,33.4713630000001,-112.099828,19,13,stop_id,,0,0,,,unknown
2028,10672,19th Av & Montebello Av,NB 19th Av & FS Montebello Av,33.5203330000001,-112.099513,19,108,stop_id,,0,0,,,unknown
2029,11085,19th Av & Myrtle Av,NB 19th Av & FS Myrtle Av,33.5426850000001,-112.099408,19,14,stop_id,,0,0,,,unknown
2030,11088,19th Av & Northern Av,NB 19th Av & FS Northern Av,33.5536020000001,-112.099382,19,153,stop_id,,0,0,,,unknown
2031,11086,19th Av & Orangewood Av,NB 19th Av & FS Orangewood Av,33.5462590000001,-112.099433,19,10,stop_id,,0,0,,,unknown
2032,11532,19th Av & Osborn Rd,NB 19th Av & FS Osborn Rd,33.488147,-112.099772,19,53,stop_id,,0,0,,,unknown
2033,11547,19th Av & Peoria Av,NB 19th Av & FS Peoria Av,33.5826520000001,-112.099473,"19, 122",131,stop_id,,0,0,,,unknown
2034,11559,19th Av & Phelps Rd,NB 19th Av & FS Phelps Rd,33.63822,-112.099534,19,16,stop_id,,0,0,,,unknown
2035,11571,19th Av & Rose Garden Ln,NB 19th Av & FS Rose Garden Ln,33.676997,-112.099708,19,1,stop_id,,0,0,,,unknown
2036,11080,19th Av & Rose Ln,NB 19th Av & FS Rose Ln,33.528043,-112.099542,19,10,stop_id,,0,0,,,unknown
2037,18005,19th Av & Sunnyside Dr,NB 19th Av & FS Sunnyside Dr,33.5933620000001,-112.099482,"19, 122",22,stop_id,,0,0,,,unknown
2038,11531,19th Av & Thomas Rd,NB 19th Av & FS Thomas Rd,33.480983,-112.099801,19,177,stop_id,,0,0,,,unknown
2039,11554,19th Av & Thunderbird Rd,NB 19th Av & FS Thunderbird Rd,33.6117980000001,-112.09951,19,70,stop_id,,0,0,,,unknown
2040,18009,19th Av & Tierra Buena Ln,NB 19th Av & FS Tierra Buena Ln,33.6297670000001,-112.099553,19,4,stop_id,,0,0,,,unknown
2041,11082,19th Av & Tuckey Ln,NB 19th Av & FS Tuckey Ln,33.5349400000001,-112.099477,19,19,stop_id,,0,0,,,unknown
2042,11565,19th Av & Union Hills Dr,NB 19th Av & FS Union Hills Dr,33.655158,-112.09955,19,62,stop_id,,0,0,,,unknown
2043,11567,19th Av & Utopia Rd,NB 19th Av & FS Utopia Rd,33.662382,-112.099656,19,2,stop_id,,0,0,,,unknown
2044,11522,19th Av & Van Buren St,NB 19th Av & FS Van Buren St,33.4517920000001,-112.099923,"GAL, 19",168,stop_id,,0,0,,,unknown
2045,18003,19th Av & Mountain View Rd,NB 19th Av & FS Mountain View Rd,33.5754910000001,-112.099455,"19, 122",25,stop_id,,0,0,,,unknown
2046,18393,19th Av & Wescott Dr,NB 19th Av & FS Wescott Dr,33.658739,-112.099643,19,3,stop_id,,0,0,,,unknown
2047,11561,19th Av & 17425 North,NB 19th Av & AT 17425 North,33.64414,-112.099587,19,13,stop_id,,0,0,,,unknown
2048,11555,19th Av & 14203 North,NB 19th Av & AT 14203 North,33.6153810000001,-112.099525,19,32,stop_id,,0,0,,,unknown
2049,11091,19th Av & Alice Av,NB 19th Av & FS Alice Av,33.564262,-112.099427,19,19,stop_id,,0,0,,,unknown
2052,11543,19th Av & Sunnyslope Ln,NB 19th Av & NS Sunnyslope Ln,33.569644,-112.099495,"19, 122",52,stop_id,,0,0,,,unknown
2055,11523,19th Av & Fillmore St,NB 19th Av & NS Fillmore St,33.4545210000001,-112.099971,19,7,stop_id,,0,0,,,unknown
2056,11552,19th Av & Sweetwater Av,NB 19th Av & FS Sweetwater Av,33.6040850000001,-112.099495,19,33,stop_id,,0,0,,,unknown
2062,11758,23rd Av & Beardsley Rd,NB 23rd Av & FS Beardsley Rd,33.6698640000001,-112.108457,27,0,stop_id,,0,0,,,unknown
2064,11757,23rd Av & Marco Polo Rd,NB 23rd Av & FS Marco Polo Rd,33.6667630000001,-112.108515,27,0,stop_id,,0,0,,,unknown
2065,14554,24th St & Van Buren St,NB 24th St & FS Van Buren St,33.451854,-112.030035,70,95,stop_id,,0,0,,,unknown
2066,12402,24th St & Montebello Av,NB 24th St & FS Montebello Av,33.520253,-112.029948,70,0,stop_id,,0,0,,,unknown
2067,14555,24th St & Taylor St,NB 24th St & FS Taylor St,33.4543620000001,-112.030059,70,31,stop_id,,0,0,,,unknown
2069,12399,24th St & Camelback Rd,NB 24th St & FS Camelback Rd,33.5098990000001,-112.030011,"70, 60",40,stop_id,,0,0,,,unknown
2070,14570,24th St & Campbell Av,NB 24th St & FS Campbell Av,33.502503,-112.030103,70,15,stop_id,,0,0,,,unknown
2071,14565,24th St & Cheery Lynn Rd,NB 24th St & FS Cheery Lynn Rd,33.4852000000001,-112.030076,70,5,stop_id,,0,0,,,unknown
2073,14567,24th St & Clarendon Av,NB 24th St & FS Clarendon Av,33.4914600000001,-112.03008,70,9,stop_id,,0,0,,,unknown
2075,14569,24th St & Glenrosa Av,NB 24th St & FS Glenrosa Av,33.4987560000001,-112.030092,70,5,stop_id,,0,0,,,unknown
2076,14571,24th St & Highland Av,NB 24th St & FS Highland Av,33.5060360000001,-112.030094,70,5,stop_id,,0,0,,,unknown
2077,14568,24th St & Indian School Rd,NB 24th St & FS Indian School Rd,33.495188,-112.030033,70,41,stop_id,,0,0,,,unknown
2078,14559,24th St & McDowell Rd,NB 24th St & FS McDowell Rd,33.466234,-112.03005,70,94,stop_id,,0,0,,,unknown
2079,12401,24th St & Missouri Av,NB 24th St & FS Missouri Av,33.517079,-112.030049,70,2,stop_id,,0,0,,,unknown
2081,14870,24th St & Oak St,NB 24th St & FS Oak St,33.4734070000001,-112.030112,70,26,stop_id,,0,,,,unknown
2082,14566,24th St & Osborn Rd,NB 24th St & FS Osborn Rd,33.488184,-112.03008,70,11,stop_id,,0,0,,,unknown
2083,14556,24th St & Pierce St,NB 24th St & FS Pierce St,33.4569940000001,-112.030071,70,8,stop_id,,0,0,,,unknown
2084,14564,24th St & Pinchot Av,NB 24th St & FS Pinchot Av,33.482937,-112.030078,70,11,stop_id,,0,0,,,unknown
2085,14918,24th St & Roosevelt St,NB 24th St & FS Roosevelt St,33.4589330000001,-112.03004,70,92,stop_id,,0,0,,,unknown
2087,14563,24th St & Thomas Rd,NB 24th St & FS Thomas Rd,33.48083,-112.030018,70,69,stop_id,,0,0,,,unknown
2088,17462,24th St & Yale St,NB 24th St & FS Yale St,33.4760870000001,-112.030097,70,6,stop_id,,0,0,,,unknown
2089,12404,24th St & 6225 North,NB 24th St & AT 6225 North,33.5294050000001,-112.028206,70,4,stop_id,,0,0,,,unknown
2090,12400,24th St & Colter St,NB 24th St & FS Colter St,33.513516,-112.030038,70,1,stop_id,,0,0,,,unknown
2091,18016,24th St & Biltmore Cir,NB 24th St & NS Biltmore Cir,33.5253290000001,-112.029786,70,17,stop_id,,0,0,,,unknown
2092,14558,24th St & Willetta St,NB 24th St & NS Willetta St,33.4630920000001,-112.030085,70,12,stop_id,,0,0,,,unknown
2093,14560,24th St & Hubbell St,NB 24th St & NS Hubbell St,33.469948,-112.030118,70,16,stop_id,,0,0,,,unknown
2099,11690,27th Av & Weldon Av,NB 27th Av & NS Weldon Av,33.490979,-112.116934,27,15,stop_id,,0,0,,,unknown
2100,11699,27th Av & Bethany Home Rd,NB 27th Av & FS Bethany Home Rd,33.5245650000001,-112.116732,27,65,stop_id,,0,0,,,unknown
2101,11695,27th Av & Camelback Rd,NB 27th Av & FS Camelback Rd,33.5097700000001,-112.11684,27,128,stop_id,,0,0,,,unknown
2102,11693,27th Av & Campbell Av,NB 27th Av & FS Campbell Av,33.50278,-112.116887,27,48,stop_id,,0,0,,,unknown
2103,11700,27th Av & Claremont St,NB 27th Av & FS Claremont St,33.5290220000001,-112.116787,27,22,stop_id,,0,0,,,unknown
2104,11696,27th Av & Colter St,NB 27th Av & FS Colter St,33.5136180000001,-112.116843,27,14,stop_id,,0,0,,,unknown
2105,11688,27th Av & Earll Dr,NB 27th Av & FS Earll Dr,33.484267,-112.11693,27,6,stop_id,,0,0,,,unknown
2106,11685,27th Av & Encanto Bl,NB 27th Av & FS Encanto Bl,33.4738750000001,-112.11698,27,10,stop_id,,0,0,,,unknown
2107,11703,27th Av & Glendale Av,NB 27th Av & FS Glendale Av,33.538977,-112.116743,27,80,stop_id,,0,0,,,unknown
2108,11692,27th Av & Glenrosa Av,NB 27th Av & FS Glenrosa Av,33.4988890000001,-112.116905,27,64,stop_id,,0,0,,,unknown
2109,11694,27th Av & Highland Av,NB 27th Av & FS Highland Av,33.5063030000001,-112.11687,27,11,stop_id,,0,0,,,unknown
2110,15747,27th Av & Indian School Rd,NB 27th Av & FS Indian School Rd,33.4954060000001,-112.116885,27,132,stop_id,,0,0,,,unknown
2111,11701,27th Av & Maryland Av,NB 27th Av & FS Maryland Av,33.531932,-112.116788,27,14,stop_id,,0,0,,,unknown
2112,11683,27th Av & McDowell Rd,NB 27th Av & FS McDowell Rd,33.466346,-112.116985,27,85,stop_id,,0,0,,,unknown
2113,11697,27th Av & Missouri Av,NB 27th Av & FS Missouri Av,33.5172210000001,-112.116822,27,24,stop_id,,0,0,,,unknown
2114,11698,27th Av & Montebello Av,NB 27th Av & FS Montebello Av,33.5207290000001,-112.1168,27,5,stop_id,,0,0,,,unknown
2115,11704,27th Av & Myrtle Av,NB 27th Av & FS Myrtle Av,33.5424630000001,-112.116828,27,8,stop_id,,0,0,,,unknown
2116,11707,27th Av & Northern Av,NB 27th Av & FS Northern Av,33.553752,-112.116792,27,50,stop_id,,0,0,,,unknown
2117,11705,27th Av & Orangewood Av,NB 27th Av & FS Orangewood Av,33.546295,-112.116837,27,21,stop_id,,0,0,,,unknown
2118,11689,27th Av & Osborn Rd,NB 27th Av & FS Osborn Rd,33.488301,-112.11694,27,17,stop_id,,0,0,,,unknown
2119,11684,27th Av & Palm Ln,NB 27th Av & FS Palm Ln,33.469905,-112.116997,27,5,stop_id,,0,0,,,unknown
2120,18147,27th Av & Thomas Rd,NB 27th Av & FS Thomas Rd,33.481006,-112.116875,27,97,stop_id,,0,0,,,unknown
2378,12982,44th St & Glenrosa Av,NB 44th St & FS Glenrosa Av,33.4988030000001,-111.986745,44,1,stop_id,,0,0,,,unknown
1409,12698,Indian School Rd & 38th Av,EB Indian School Rd & FS 38th Av,33.494876,-112.139558,41,9,stop_id,,0,0,,,unknown
141,13081,Broadway Rd & 34th St,EB Broadway Rd & FS 34th St,33.4070130000001,-112.007787,45,3,stop_id,,0,0,,,unknown
2379,12981,44th St & Indian School Rd,NB 44th St & FS Indian School Rd,33.4954520000001,-111.986756,44,43,stop_id,,0,0,,,unknown
1410,12697,Indian School Rd & 39th Av,EB Indian School Rd & FS 39th Av,33.4949060000001,-112.142206,41,9,stop_id,,0,0,,,unknown
238,15618,Cactus Rd & 40th St,EB Cactus Rd & FS 40th St,33.5969440000001,-111.995034,138,1,stop_id,,0,0,,,unknown
1411,12712,Indian School Rd & 3rd Av,EB Indian School Rd & FS 3rd Av,33.4947060000001,-112.077556,41,11,stop_id,,0,0,,,unknown
2380,12980,44th St & Indianola Av,NB 44th St & FS Indianola Av,33.492488,-111.9868,44,0,stop_id,,0,0,,,unknown
1412,12695,Indian School Rd & 43rd Av,EB Indian School Rd & FS 43rd Av,33.494787,-112.151067,41,165,stop_id,,0,0,,,unknown
2381,18280,44th St & McDowell Rd,NB 44th St & FS McDowell Rd,33.4662490000001,-111.986938,44,109,stop_id,,0,0,,,unknown
1413,12694,Indian School Rd & 45th Av,EB Indian School Rd & FS 45th Av,33.49483,-112.155445,41,1,stop_id,,0,0,,,unknown
2382,12975,44th St & Oak St,NB 44th St & FS Oak St,33.4733380000001,-111.986892,44,13,stop_id,,0,0,,,unknown
1414,12693,Indian School Rd & 47th Av,EB Indian School Rd & FS 47th Av,33.4948190000001,-112.159867,41,49,stop_id,,0,0,,,unknown
2383,12979,44th St & Osborn Rd,NB 44th St & FS Osborn Rd,33.488009,-111.986827,44,6,stop_id,,0,0,,,unknown
1415,12691,Indian School Rd & 51st Av,EB Indian School Rd & FS 51st Av,33.4947900000001,-112.167828,41,171,stop_id,,0,0,,,unknown
2384,12974,44th St & Palm Ln,NB 44th St & FS Palm Ln,33.46959,-111.986909,44,7,stop_id,,0,0,,,unknown
1416,12690,Indian School Rd & 53rd Av,EB Indian School Rd & FS 53rd Av,33.4948680000001,-112.172789,41,78,stop_id,,0,0,,,unknown
2385,12988,44th St & Solana Dr,NB 44th St & FS Solana Dr,33.5206430000001,-111.986364,44,0,stop_id,,0,0,,,unknown
1417,12689,Indian School Rd & 55th Av,EB Indian School Rd & FS 55th Av,33.494894,-112.177246,41,63,stop_id,,0,0,,,unknown
2386,12977,44th St & Thomas Rd,NB 44th St & FS Thomas Rd,33.480821,-111.986788,"44, 29",80,stop_id,,0,0,,,unknown
1418,12688,Indian School Rd & 57th Av,EB Indian School Rd & FS 57th Av,33.4949300000001,-112.181612,41,10,stop_id,,0,0,,,unknown
2387,12969,44th St & Van Buren St,NB 44th St & FS Van Buren St,33.451575,-111.986907,"44, 3",71,stop_id,,0,0,,,unknown
1419,12687,Indian School Rd & 59th Av,EB Indian School Rd & FS 59th Av,33.494901,-112.18592,41,129,stop_id,,0,0,,,unknown
2388,12968,44th St & Washington St,NB 44th St & FS Washington St,33.4487330000001,-111.986978,44,248,stop_id,,0,0,,,unknown
142,13082,Broadway Rd & 36th St,EB Broadway Rd & FS 36th St,33.4070350000001,-112.003319,45,3,stop_id,,0,0,,,unknown
2389,12976,44th St & 2600 North,NB 44th St & FS 2600 North,33.477088,-111.98684,44,11,stop_id,,0,0,,,unknown
1420,12686,Indian School Rd & 61st Av,EB Indian School Rd & FS 61st Av,33.4949360000001,-112.190401,41,3,stop_id,,0,0,,,unknown
239,15619,Cactus Rd & 42nd St,EB Cactus Rd & FS 42nd St,33.5979400000001,-111.991134,138,0,stop_id,,0,0,,,unknown
1421,12685,Indian School Rd & 63rd Av,EB Indian School Rd & FS 63rd Av,33.494812,-112.19457,41,8,stop_id,,0,0,,,unknown
2390,12971,44th St & Cofco Center St,NB 44th St & AT Cofco Center St,33.4560920000001,-111.986988,44,8,stop_id,,0,0,,,unknown
1422,12684,Indian School Rd & 64th Dr,EB Indian School Rd & FS 64th Dr,33.4947680000001,-112.199262,41,24,stop_id,,0,0,,,unknown
2391,12987,44th St & Stanford Dr,NB 44th St & FS Stanford Dr,33.5172670000001,-111.986444,44,1,stop_id,,0,0,,,unknown
1423,12683,Indian School Rd & 67th Av,EB Indian School Rd & FS 67th Av,33.494677,-112.202717,41,145,stop_id,,0,0,,,unknown
2392,12970,44th St & McKinley St,NB 44th St & NS McKinley St,33.454077,-111.986935,44,10,stop_id,,0,0,,,unknown
1424,11409,Indian School Rd & 71st Av,EB Indian School Rd & FS 71st Av,33.4946130000001,-112.211322,41,58,stop_id,,0,0,,,unknown
1425,18144,Indian School Rd & 73rd Av,EB Indian School Rd & FS 73rd Av,33.4946100000001,-112.215763,41,19,stop_id,,0,0,,,unknown
2400,13486,51st Av & Eugie Av,NB 51st Av & FS Eugie Av,33.6082230000001,-112.168353,"51, 122",0,stop_id,,0,0,,,unknown
2402,13483,51st Av & Cactus Rd,NB 51st Av & FS Cactus Rd,33.5967370000001,-112.168482,"51, 122",7,stop_id,,0,0,,,unknown
1426,18143,Indian School Rd & 75th Av,EB Indian School Rd & FS 75th Av,33.4945450000001,-112.219806,41,110,stop_id,,0,0,,,unknown
2404,18205,51st Av & Earll Dr,NB 51st Av & FS Earll Dr,33.48454,-112.168759,51,6,stop_id,,0,0,,,unknown
1427,12680,Indian School Rd & 79th Dr,EB Indian School Rd & FS 79th Dr,33.494339,-112.229016,41,12,stop_id,,0,0,,,unknown
2406,13484,51st Av & Columbine Dr,NB 51st Av & FS Columbine Dr,33.5991300000001,-112.168497,"51, 122",0,stop_id,,0,0,,,unknown
2407,13450,51st Av & Encanto Bl,NB 51st Av & NS Encanto Bl,33.4730720000001,-112.16893,51,7,stop_id,,0,0,,,unknown
1428,12710,Indian School Rd & 7th Av,EB Indian School Rd & FS 7th Av,33.4947260000001,-112.082745,41,93,stop_id,,0,0,,,unknown
2409,13457,51st Av & Glenrosa Av,NB 51st Av & FS Glenrosa Av,33.499176,-112.168726,"MARY, 51",3,stop_id,,0,0,,,unknown
1429,12678,Indian School Rd & 83rd Av,EB Indian School Rd & FS 83rd Av,33.4941260000001,-112.236987,41,134,stop_id,,0,0,,,unknown
2410,13456,51st Av & Indian School Rd,NB 51st Av & FS Indian School Rd,33.4955220000001,-112.16871,"MARY, 51",88,stop_id,,0,0,,,unknown
143,13083,Broadway Rd & 38th St,EB Broadway Rd & FS 38th St,33.407134,-111.998983,45,1,stop_id,,0,0,,,unknown
1430,12703,Indian School Rd & I-17 Fwy,EB Indian School Rd & FS I-17 Fwy,33.4947560000001,-112.112057,41,74,stop_id,,0,0,,,unknown
2411,13448,51st Av & McDowell Rd,NB 51st Av & FS McDowell Rd,33.466465,-112.168968,51,103,stop_id,,0,0,,,unknown
1431,12707,Indian School Rd & 17th Av,EB Indian School Rd & FS 17th Av,33.4948600000001,-112.095206,41,4,stop_id,,0,0,,,unknown
2414,15146,51st Av & Osborn Rd,NB 51st Av & FS Osborn Rd,33.4877970000001,-112.168789,"MARY, 51",13,stop_id,,0,0,,,unknown
1432,12705,Indian School Rd & 2025 West,EB Indian School Rd & AT 2025 West,33.4949040000001,-112.10387,41,54,stop_id,,0,0,,,unknown
2416,13485,51st Av & Sweetwater Av,NB 51st Av & FS Sweetwater Av,33.6041310000001,-112.168379,"51, 122",1,stop_id,,0,0,,,unknown
1433,12701,Indian School Rd & 29th Av,EB Indian School Rd & FS 29th Av,33.4948160000001,-112.121058,41,13,stop_id,,0,0,,,unknown
2417,13452,51st Av & Thomas Rd,NB 51st Av & FS Thomas Rd,33.4811350000001,-112.168807,"51, 29",83,stop_id,,0,0,,,unknown
2418,13451,51st Av & Virginia Av,NB 51st Av & FS Virginia Av,33.476793,-112.168889,51,10,stop_id,,0,0,,,unknown
1434,12696,Indian School Rd & 40th Av,EB Indian School Rd & AT 40th Av,33.4948450000001,-112.146547,41,8,stop_id,,0,0,,,unknown
2419,13449,51st Av & Holly St,NB 51st Av & NS Holly St,33.4701670000001,-112.168948,51,3,stop_id,,0,0,,,unknown
1435,12692,Indian School Rd & 49th Av,EB Indian School Rd & FS 49th Av,33.4948430000001,-112.163925,41,14,stop_id,,0,0,,,unknown
2420,13455,51st Av & Clarendon Av,NB 51st Av & NS Clarendon Av,33.49125,-112.168806,"MARY, 51",4,stop_id,,0,0,,,unknown
1436,12682,Indian School Rd & 69th Av,EB Indian School Rd & FS 69th Av,33.494673,-112.207563,41,39,stop_id,,0,0,,,unknown
2433,13691,59th Av & Highland Av,NB 59th Av & FS Highland Av,33.506288,-112.186255,"59s, 59",3,stop_id,,0,0,,,unknown
1437,12681,Indian School Rd & 76th Dr,EB Indian School Rd & FS 76th Dr,33.494493,-112.224557,41,27,stop_id,,0,0,,,unknown
2434,13686,59th Av & Osborn Rd,NB 59th Av & FS Osborn Rd,33.4884730000001,-112.186254,"59s, 59",23,stop_id,,0,0,,,unknown
1438,12679,Indian School Rd & 80th Dr,EB Indian School Rd & FS 80th Dr,33.4942980000001,-112.232655,41,10,stop_id,,0,0,,,unknown
2435,13681,59th Av & Palm Ln,NB 59th Av & FS Palm Ln,33.470268,-112.186294,"MARY, 59s, 59",13,stop_id,,0,0,,,unknown
144,13084,Broadway Rd & 40th St,EB Broadway Rd & FS 40th St,33.407177,-111.994847,45,39,stop_id,,0,0,,,unknown
1440,18389,Jefferson St & 12th Av,EB Jefferson St & FS 12th Av,33.4469730000001,-112.087753,"GAL, DASH, 575, 573, 571, 563, 562, 542, 535, 533, 531, 522, 521, 514",12,stop_id,,0,0,,,unknown
2438,13679,59th Av & I-10 Fwy,NB 59th Av & FS I-10 Fwy,33.4641950000001,-112.186209,"MARY, 59s, 59",3,stop_id,,0,0,,,unknown
1441,10204,Jefferson St & 15th Av,EB Jefferson St & FS 15th Av,33.4469530000001,-112.090855,"GAL, DASH, 575, 573, 571, 563, 562, 542, 535, 533, 531, 522, 521, 514",41,stop_id,,0,0,,,unknown
1442,17201,Jefferson St & 16th Av,EB Jefferson St & FS 16th Av,33.446941,-112.092689,"GAL, DASH",0,stop_id,,0,0,,,unknown
244,18019,Cactus Rd & Cave Creek Rd,EB Cactus Rd & FS Cave Creek Rd,33.596643,-112.037551,138,40,stop_id,,0,0,,,unknown
1443,10203,Jefferson St & 17th Av,EB Jefferson St & FS 17th Av,33.446924,-112.095388,"GAL, DASH, 575, 573, 571, 563, 562, 542, 535, 533, 531, 522, 521, 514",39,stop_id,,0,0,,,unknown
1444,10201,Jefferson St & 19th Av,EB Jefferson St & FS 19th Av,33.446894,-112.099635,"GAL, DASH",0,stop_id,,0,0,,,unknown
1447,19012,Jefferson St & 3rd Av,EB Jefferson St & FS 3rd Av,33.4471960000001,-112.076475,"SR51, SMW, SME, I17, I10W, I10E, GAL, DASH, 575, 573, 571, 563, 562, 542, 535, 533, 531, 522, 521, 514",,unmatched,,,,,,unknown
1448,10209,Jefferson St & 5th Av,EB Jefferson St & FS 5th Av,33.4470180000001,-112.079806,DASH,56,stop_id,,0,0,,,unknown
1449,10208,Jefferson St & 7th Av,EB Jefferson St & FS 7th Av,33.447006,-112.081999,"GAL, DASH, 575, 573, 571, 563, 562, 542, 535, 533, 531, 522, 521, 514",49,stop_id,,0,0,,,unknown
145,13086,Broadway Rd & 43rd Pl,EB Broadway Rd & FS 43rd Pl,33.4071980000001,-111.987207,45,5,stop_id,,0,0,,,unknown
2445,13690,59th Av & Campbell Av,NB 59th Av & FS Campbell Av,33.502773,-112.18628,"59s, 59",5,stop_id,,0,0,,,unknown
1453,10202,Jefferson St & 1700 West,EB Jefferson St & AT 1700 West,33.4469100000001,-112.096826,"GAL, DASH, 575, 573, 571, 563, 562, 542, 535, 533, 531, 522, 521, 514",80,stop_id,,0,0,,,unknown
146,13087,Broadway Rd & 44th Pl,EB Broadway Rd & FS 44th Pl,33.4071710000001,-111.985214,45,17,stop_id,,0,0,,,unknown
1461,18625,75th Av & Van Buren St,NB 75th Av & FS Van Buren St,33.452228,-112.221025,75,17,stop_id,,0,0,,,unknown
2448,13687,59th Av & Clarendon Av,NB 59th Av & FS Clarendon Av,33.4922,-112.186313,"59s, 59",16,stop_id,,0,0,,,unknown
147,13088,Broadway Rd & 46th Pl,EB Broadway Rd & FS 46th Pl,33.4072140000001,-111.981323,45,11,stop_id,,0,0,,,unknown
2453,13685,59th Av & Earll Dr,NB 59th Av & FS Earll Dr,33.4848630000001,-112.186285,"MARY, 59s, 59",8,stop_id,,0,0,,,unknown
2454,13682,59th Av & Encanto Bl,NB 59th Av & FS Encanto Bl,33.4737730000001,-112.186282,"59s, 59",21,stop_id,,0,0,,,unknown
2456,13677,59th Av & Fillmore St,NB 59th Av & FS Fillmore St,33.455701,-112.184869,"59s, 59",9,stop_id,,0,0,,,unknown
2458,13689,59th Av & Glenrosa Av,NB 59th Av & FS Glenrosa Av,33.499058,-112.186312,"59s, 59",4,stop_id,,0,0,,,unknown
246,15612,Cactus Rd & 27th St,EB Cactus Rd & NS 27th St,33.5966780000001,-112.025117,138,3,stop_id,,0,0,,,unknown
1479,11328,McDowell Rd & 45th Av,EB McDowell Rd & FS 45th Av,33.4658600000001,-112.155363,17,9,stop_id,,0,0,,,unknown
148,10482,Broadway Rd & 4th St,EB Broadway Rd & FS 4th St,33.406618,-112.068592,45,8,stop_id,,0,0,,,unknown
2462,13688,59th Av & Indian School Rd,NB 59th Av & FS Indian School Rd,33.4953870000001,-112.186266,"59s, 59, 41",95,stop_id,,0,0,,,unknown
1480,11320,McDowell Rd & 61st Av,EB McDowell Rd & FS 61st Av,33.4658420000001,-112.190372,17,12,stop_id,,0,0,,,unknown
1481,11318,McDowell Rd & 65th Av,EB McDowell Rd & FS 65th Av,33.465786,-112.19894,17,23,stop_id,,0,0,,,unknown
2464,13680,59th Av & McDowell Rd,NB 59th Av & FS McDowell Rd,33.466506,-112.186254,"MARY, 59s, 59",125,stop_id,,0,0,,,unknown
1482,11316,McDowell Rd & 69th Av,EB McDowell Rd & FS 69th Av,33.4657,-112.207771,17,15,stop_id,,0,0,,,unknown
1484,11323,McDowell Rd & 55th Av,EB McDowell Rd & NS 55th Av,33.4658460000001,-112.178154,17,41,stop_id,,0,0,,,unknown
1485,11345,McDowell Rd & 11th Av,EB McDowell Rd & FS 11th Av,33.4657320000001,-112.086574,17,4,stop_id,,0,0,,,unknown
1486,11344,McDowell Rd & 15th Av,EB McDowell Rd & FS 15th Av,33.465736,-112.090642,17,49,stop_id,,0,0,,,unknown
247,15609,Cactus Rd & Escobar Wy,EB Cactus Rd & NS Escobar Wy,33.5966330000001,-112.035267,138,10,stop_id,,0,0,,,unknown
1487,11343,McDowell Rd & 17th Av,EB McDowell Rd & FS 17th Av,33.465741,-112.095174,17,34,stop_id,,0,0,,,unknown
1488,11342,McDowell Rd & 19th Av,EB McDowell Rd & FS 19th Av,33.465767,-112.099225,17,40,stop_id,,0,0,,,unknown
1489,11341,McDowell Rd & 21st Av,EB McDowell Rd & FS 21st Av,33.4657730000001,-112.103834,17,9,stop_id,,0,0,,,unknown
149,18626,75th Av & Roosevelt St,NB 75th Av & FS Roosevelt St,33.459261,-112.22069,75,8,stop_id,,0,0,,,unknown
1490,11339,McDowell Rd & 25th Av,EB McDowell Rd & FS 25th Av,33.4657920000001,-112.112121,17,19,stop_id,,0,0,,,unknown
1491,11338,McDowell Rd & 27th Av,EB McDowell Rd & FS 27th Av,33.4658390000001,-112.116432,17,47,stop_id,,0,0,,,unknown
1492,11337,McDowell Rd & 29th Av,EB McDowell Rd & FS 29th Av,33.4658380000001,-112.120889,17,6,stop_id,,0,0,,,unknown
2477,13678,59th Av & Roosevelt St,NB 59th Av & FS Roosevelt St,33.4593110000001,-112.186358,"MARY, 59s, 59",4,stop_id,,0,0,,,unknown
1493,11336,McDowell Rd & 31st Av,EB McDowell Rd & FS 31st Av,33.4658390000001,-112.125263,17,23,stop_id,,0,0,,,unknown
1494,15486,McDowell Rd & 35th Av,EB McDowell Rd & FS 35th Av,33.4657970000001,-112.133484,17,86,stop_id,,0,0,,,unknown
1495,11333,McDowell Rd & 37th Av,EB McDowell Rd & FS 37th Av,33.465853,-112.138302,17,18,stop_id,,0,0,,,unknown
248,13352,Camelback Rd & Launfal Av,EB Camelback Rd & FS Launfal Av,33.507929,-111.976084,50,0,stop_id,,0,0,,,unknown
1496,11332,McDowell Rd & 39th Av,EB McDowell Rd & FS 39th Av,33.4658210000001,-112.142445,17,35,stop_id,,0,0,,,unknown
1497,11331,McDowell Rd & 41st Av,EB McDowell Rd & FS 41st Av,33.4658620000001,-112.146921,17,32,stop_id,,0,0,,,unknown
1498,11329,McDowell Rd & 43rd Av,EB McDowell Rd & FS 43rd Av,33.46583,-112.151216,17,155,stop_id,,0,0,,,unknown
1499,11327,McDowell Rd & 47th Av,EB McDowell Rd & FS 47th Av,33.465832,-112.159253,17,36,stop_id,,0,0,,,unknown
2483,18610,59th Av & Thomas Rd,NB 59th Av & FS Thomas Rd,33.481075,-112.186216,"MARY, 59s, 59",85,stop_id,,0,0,,,unknown
150,13067,Broadway Rd & 7th St,EB Broadway Rd & FS 7th St,33.406571,-112.063877,45,82,stop_id,,0,0,,,unknown
2485,18617,59th Av & Van Buren St,NB 59th Av & FS Van Buren St,33.4522930000001,-112.185062,"59s, 59",0,stop_id,,0,0,,,unknown
1500,11326,McDowell Rd & 48th Dr,EB McDowell Rd & FS 48th Dr,33.4658700000001,-112.163881,17,12,stop_id,,0,0,,,unknown
2486,13683,59th Av & Virginia Av,NB 59th Av & FS Virginia Av,33.4766550000001,-112.186276,"59s, 59",3,stop_id,,0,0,,,unknown
1501,11325,McDowell Rd & 51st Av,EB McDowell Rd & FS 51st Av,33.465831,-112.16839,17,133,stop_id,,0,0,,,unknown
2487,13675,59th Av & Washington St,NB 59th Av & FS Washington St,33.448175,-112.185362,59,0,stop_id,,0,0,,,unknown
1502,11321,McDowell Rd & 59th Av,EB McDowell Rd & FS 59th Av,33.4658370000001,-112.185678,17,90,stop_id,,0,0,,,unknown
1503,11319,McDowell Rd & 63rd Av,EB McDowell Rd & FS 63rd Av,33.46579,-112.194467,17,32,stop_id,,0,0,,,unknown
1504,11317,McDowell Rd & 67th Av,EB McDowell Rd & FS 67th Av,33.4657330000001,-112.202664,17,74,stop_id,,0,0,,,unknown
249,12393,Camelback Rd & 10th St,EB Camelback Rd & FS 10th St,33.5091190000001,-112.059992,50,10,stop_id,,0,0,,,unknown
1505,11315,McDowell Rd & 71st Av,EB McDowell Rd & FS 71st Av,33.465655,-112.211558,17,26,stop_id,,0,0,,,unknown
1506,11314,McDowell Rd & 73rd Av,EB McDowell Rd & FS 73rd Av,33.4656120000001,-112.21593,17,15,stop_id,,0,0,,,unknown
1507,11313,McDowell Rd & 75th Av,EB McDowell Rd & FS 75th Av,33.4655030000001,-112.219654,17,122,stop_id,,0,0,,,unknown
2494,18285,5th St & Fillmore St,NB 5th St & FS Fillmore St,33.454796,-112.06804,"542, 535, 533, 531, 522, 521, 514",4,stop_id,,0,0,,,unknown
1508,11346,McDowell Rd & 7th Av,EB McDowell Rd & FS 7th Av,33.465719,-112.082204,17,44,stop_id,,0,0,,,unknown
2499,14326,67th Av & 66th Dr,NB 67th Av & FS 66th Dr,33.499804,-112.203076,"MARY, 67",4,stop_id,,0,0,,,unknown
250,12394,Camelback Rd & 12th St,EB Camelback Rd & FS 12th St,33.5091120000001,-112.055735,50,38,stop_id,,0,0,,,unknown
151,13068,Broadway Rd & 9th St,EB Broadway Rd & FS 9th St,33.406623,-112.059759,45,18,stop_id,,0,0,,,unknown
2500,14315,67th Av & Fillmore St,NB 67th Av & FS Fillmore St,33.455407,-112.203294,67,7,stop_id,,0,0,,,unknown
1510,11340,McDowell Rd & 23rd Av,EB McDowell Rd & FS 23rd Av,33.4657720000001,-112.108361,17,16,stop_id,,0,0,,,unknown
1511,11347,McDowell Rd & 3rd Av,EB McDowell Rd & FS 3rd Av,33.465671,-112.077546,17,8,stop_id,,0,0,,,unknown
1512,11330,McDowell Rd & 4141 West,EB McDowell Rd & AT 4141 West,33.4658630000001,-112.14892,17,24,stop_id,,0,0,,,unknown
1513,11322,McDowell Rd & 57th Av,EB McDowell Rd & FS 57th Av,33.4658700000001,-112.182099,17,13,stop_id,,0,0,,,unknown
1515,11335,McDowell Rd & 33rd Dr,EB McDowell Rd & NS 33rd Dr,33.4658470000001,-112.128987,17,7,stop_id,,0,0,,,unknown
1516,11324,McDowell Rd & 53rd Av,EB McDowell Rd & FS 53rd Av,33.465874,-112.173434,17,12,stop_id,,0,0,,,unknown
2508,14327,67th Av & Campbell Av,NB 67th Av & FS Campbell Av,33.502373,-112.203068,67,2,stop_id,,0,0,,,unknown
2509,14324,67th Av & Clarendon Av,NB 67th Av & FS Clarendon Av,33.491659,-112.203114,"MARY, 67",14,stop_id,,0,0,,,unknown
251,12395,Camelback Rd & 14th Pl,EB Camelback Rd & FS 14th Pl,33.5091150000001,-112.050491,50,4,stop_id,,0,0,,,unknown
1522,15033,Northern Av & 12th Av,EB Northern Av & FS 12th Av,33.5528580000001,-112.087697,80,0,stop_id,,0,0,,,unknown
1523,15032,Northern Av & 15th Av,EB Northern Av & FS 15th Av,33.5528840000001,-112.09071,80,2,stop_id,,0,0,,,unknown
1524,15031,Northern Av & 17th Av,EB Northern Av & FS 17th Av,33.5529300000001,-112.095451,80,2,stop_id,,0,0,,,unknown
1525,15030,Northern Av & 19th Av,EB Northern Av & FS 19th Av,33.5529710000001,-112.099072,80,90,stop_id,,0,0,,,unknown
2513,14319,67th Av & Encanto Bl,NB 67th Av & FS Encanto Bl,33.473529,-112.203174,67,11,stop_id,,0,0,,,unknown
1526,15029,Northern Av & 21st Av,EB Northern Av & FS 21st Av,33.552984,-112.103718,80,14,stop_id,,0,0,,,unknown
2514,14312,67th Av & Grant St,NB 67th Av & FS Grant St,33.4421760000001,-112.203487,67,6,stop_id,,0,0,,,unknown
1527,15028,Northern Av & 23rd Av,EB Northern Av & FS 23rd Av,33.552987,-112.107896,80,32,stop_id,,0,0,,,unknown
1528,15026,Northern Av & 27th Av,EB Northern Av & FS 27th Av,33.5529910000001,-112.116507,80,87,stop_id,,0,0,,,unknown
2516,14328,67th Av & Highland Av,NB 67th Av & FS Highland Av,33.5070440000001,-112.203038,67,8,stop_id,,0,0,,,unknown
1529,15025,Northern Av & 29th Av,EB Northern Av & FS 29th Av,33.5529940000001,-112.120937,80,12,stop_id,,0,0,,,unknown
2517,14325,67th Av & Indian School Rd,NB 67th Av & FS Indian School Rd,33.495194,-112.203086,"MARY, 67",83,stop_id,,0,0,,,unknown
1530,15024,Northern Av & 31st Av,EB Northern Av & FS 31st Av,33.5529990000001,-112.124975,80,29,stop_id,,0,0,,,unknown
1531,15023,Northern Av & 33rd Av,EB Northern Av & FS 33rd Av,33.5529910000001,-112.129431,80,19,stop_id,,0,0,,,unknown
252,12396,Camelback Rd & 16th St,EB Camelback Rd & FS 16th St,33.509079,-112.046766,"60, 50",71,stop_id,,0,0,,,unknown
1532,15022,Northern Av & 35th Av,EB Northern Av & FS 35th Av,33.5529700000001,-112.133698,80,83,stop_id,,0,0,,,unknown
2520,14317,67th Av & McDowell Rd,NB 67th Av & FS McDowell Rd,33.4662980000001,-112.203173,67,72,stop_id,,0,0,,,unknown
1533,15021,Northern Av & 37th Av,EB Northern Av & FS 37th Av,33.5529960000001,-112.138369,80,12,stop_id,,0,0,,,unknown
1534,15020,Northern Av & 39th Av,EB Northern Av & FS 39th Av,33.553009,-112.142256,80,17,stop_id,,0,0,,,unknown
1535,15035,Northern Av & 3rd Av,EB Northern Av & FS 3rd Av,33.552755,-112.077917,80,0,stop_id,,0,0,,,unknown
1536,18632,75th Av & McDowell Rd,SB 75th Av & FS McDowell Rd,33.4650970000001,-112.220726,75,33,stop_id,,0,0,,,unknown
1537,15018,Northern Av & 43rd Av,EB Northern Av & FS 43rd Av,33.552984,-112.151084,80,118,stop_id,,0,0,,,unknown
154,18627,75th Av & I-10 Fwy,NB 75th Av & FS I-10 Fwy,33.463762,-112.220336,75,1,stop_id,,0,0,,,unknown
253,12397,Camelback Rd & 18th St,EB Camelback Rd & FS 18th St,33.5090950000001,-112.042628,"60, 50",20,stop_id,,0,0,,,unknown
2530,14323,67th Av & Osborn Rd,NB 67th Av & FS Osborn Rd,33.4879480000001,-112.203119,"MARY, 67",10,stop_id,,0,0,,,unknown
2531,14318,67th Av & Palm Ln,NB 67th Av & FS Palm Ln,33.4699140000001,-112.203201,67,5,stop_id,,0,0,,,unknown
1543,15034,Northern Av & 7th Av,EB Northern Av & FS 7th Av,33.552758,-112.081996,80,8,stop_id,,0,0,,,unknown
1544,15027,Northern Av & I-17 Fwy,EB Northern Av & FS I-17 Fwy,33.5529300000001,-112.111348,80,11,stop_id,,0,0,,,unknown
2535,14316,67th Av & Roosevelt St,NB 67th Av & FS Roosevelt St,33.45932,-112.2032,67,20,stop_id,,0,0,,,unknown
1546,15019,Northern Av & 40th Dr,EB Northern Av & NS 40th Dr,33.553011,-112.146403,80,1,stop_id,,0,0,,,unknown
254,18053,Camelback Rd & 20th St,EB Camelback Rd & FS 20th St,33.509103,-112.038191,"60, 50",30,stop_id,,0,0,,,unknown
2540,14321,67th Av & Thomas Rd,NB 67th Av & FS Thomas Rd,33.480826,-112.203132,67,86,stop_id,,0,0,,,unknown
2542,14314,67th Av & Van Buren St,NB 67th Av & FS Van Buren St,33.4519330000001,-112.203268,67,70,stop_id,,0,0,,,unknown
2545,14313,67th Av & Adams St,NB 67th Av & FS Adams St,33.4486180000001,-112.203366,67,3,stop_id,,0,0,,,unknown
2547,14322,67th Av & Earll Dr,NB 67th Av & NS Earll Dr,33.483597,-112.203141,67,10,stop_id,,0,0,,,unknown
255,13339,Camelback Rd & 22nd St,EB Camelback Rd & FS 22nd St,33.509154,-112.033876,"60, 50",7,stop_id,,0,0,,,unknown
156,10481,Broadway Rd & Central Av,EB Broadway Rd & FS Central Av,33.406549,-112.07265,45,133,stop_id,,0,0,,,unknown
2550,14320,67th Av & Virginia Av,NB 67th Av & NS Virginia Av,33.476478,-112.203175,67,2,stop_id,,0,0,,,unknown
256,13340,Camelback Rd & 24th St,EB Camelback Rd & FS 24th St,33.509153,-112.029471,"60, 50",51,stop_id,,0,0,,,unknown
1573,15602,Hatcher Rd & 13th Av,EB Hatcher Rd & FS 13th Av,33.571154,-112.088855,106,6,stop_id,,0,0,,,unknown
1574,15597,Peoria Av & 17th Av,EB Peoria Av & FS 17th Av,33.58203,-112.095341,106,7,stop_id,,0,0,,,unknown
1575,15596,Peoria Av & 19th Av,EB Peoria Av & FS 19th Av,33.5819500000001,-112.098881,106,67,stop_id,,0,0,,,unknown
2565,16719,75th Av & Encanto Bl,NB 75th Av & FS Encanto Bl,33.4734940000001,-112.220536,75,16,stop_id,,0,0,,,unknown
1576,18633,75th Av & I-10 Fwy,SB 75th Av & FS I-10 Fwy,33.4608480000001,-112.220878,75,0,stop_id,,0,0,,,unknown
2567,16717,75th Av & McDowell Rd,NB 75th Av & FS McDowell Rd,33.4662290000001,-112.220372,75,52,stop_id,,0,0,,,unknown
1577,15595,Peoria Av & 21st Av,EB Peoria Av & FS 21st Av,33.5819450000001,-112.103513,106,1,stop_id,,0,0,,,unknown
2568,16718,75th Av & Palm Ln,NB 75th Av & FS Palm Ln,33.4696460000001,-112.220519,75,6,stop_id,,0,0,,,unknown
1578,15594,Peoria Av & 23rd Av,EB Peoria Av & FS 23rd Av,33.5818650000001,-112.107521,106,13,stop_id,,0,0,,,unknown
1579,15593,Peoria Av & 25th Av,EB Peoria Av & FS 25th Av,33.581866,-112.11274,106,28,stop_id,,0,0,,,unknown
257,13341,Camelback Rd & 26th St,EB Camelback Rd & FS 26th St,33.509414,-112.024709,50,4,stop_id,,0,0,,,unknown
1580,12539,Peoria Av & 28th Dr,EB Peoria Av & FS 28th Dr,33.581783,-112.12139,106,54,stop_id,,0,0,,,unknown
1581,18634,75th Av & Roosevelt St,SB 75th Av & FS Roosevelt St,33.458262,-112.221035,75,1,stop_id,,0,0,,,unknown
2572,16878,79th Av PNR,79th Av PNR,33.464005,-112.228849,I10W,,unmatched,,0,0,,,unknown
1582,15586,Peoria Av & 31st Av,EB Peoria Av & FS 31st Av,33.5817650000001,-112.124668,106,7,stop_id,,0,0,,,unknown
2573,10654,7th Av & Apache St,NB 7th Av & FS Apache St,33.430353,-112.082349,8,14,stop_id,,0,0,,,unknown
1583,15585,Peoria Av & 32nd Ln,EB Peoria Av & FS 32nd Ln,33.581804,-112.129356,106,7,stop_id,,0,0,,,unknown
2574,18018,7th Av & Bethany Home Rd,NB 7th Av & FS Bethany Home Rd,33.52439,-112.082295,8,8,stop_id,,0,0,,,unknown
1584,15584,Peoria Av & 35th Av,EB Peoria Av & FS 35th Av,33.581781,-112.133175,106,40,stop_id,,0,0,,,unknown
2575,10649,7th Av & Broadway Rd,NB 7th Av & FS Broadway Rd,33.407205,-112.081871,8,26,stop_id,,0,0,,,unknown
1585,18202,Peoria Av & 37th Av,EB Peoria Av & FS 37th Av,33.5818400000001,-112.137514,106,3,stop_id,,0,0,,,unknown
2576,10657,7th Av & Buckeye Rd,NB 7th Av & FS Buckeye Rd,33.437286,-112.082388,8,57,stop_id,,0,0,,,unknown
1586,15582,Peoria Av & 39th Av,EB Peoria Av & FS 39th Av,33.5818170000001,-112.142229,106,6,stop_id,,0,0,,,unknown
2577,10694,7th Av & Butler Dr,NB 7th Av & FS Butler Dr,33.560658,-112.082426,8,0,stop_id,,0,0,,,unknown
1587,15581,Peoria Av & 41st Av,EB Peoria Av & FS 41st Av,33.5818370000001,-112.145739,106,8,stop_id,,0,0,,,unknown
2578,10679,7th Av & Camelback Rd,NB 7th Av & FS Camelback Rd,33.5099200000001,-112.08237,8,28,stop_id,,0,0,,,unknown
1588,15580,Peoria Av & 43rd Av,EB Peoria Av & FS 43rd Av,33.5818090000001,-112.150801,106,61,stop_id,,0,0,,,unknown
2579,10677,7th Av & Campbell Av,NB 7th Av & FS Campbell Av,33.5024530000001,-112.08231,8,13,stop_id,,0,0,,,unknown
258,18079,Camelback Rd & 28th St,EB Camelback Rd & FS 28th St,33.509556,-112.02074,50,13,stop_id,,0,0,,,unknown
2580,10671,7th Av & Earll Dr,NB 7th Av & FS Earll Dr,33.483996,-112.082988,8,22,stop_id,,0,0,,,unknown
2581,10693,7th Av & El Camino Dr,NB 7th Av & FS El Camino Dr,33.5575920000001,-112.082443,8,0,stop_id,,0,0,,,unknown
2582,10651,7th Av & Elwood St,NB 7th Av & FS Elwood St,33.414359,-112.081907,8,1,stop_id,,0,0,,,unknown
1622,13533,Roeser Rd & 7th Av,EB Roeser Rd & FS 7th Av,33.399233,-112.081431,52,2,stop_id,,0,0,,,unknown
1623,13534,Roeser Rd & Montezuma St,EB Roeser Rd & FS Montezuma St,33.3994930000001,-112.077273,52,1,stop_id,,0,0,,,unknown
1625,18152,23rd Av & Rose Garden Ln,SB 23rd Av & FS Rose Garden Ln,33.6759700000001,-112.108719,27,14,stop_id,,0,0,,,unknown
1626,14311,Southern Av & 41st Av,EB Southern Av & FS 41st Av,33.392003,-112.146634,61,8,stop_id,,0,0,,,unknown
1630,13928,Southern Av & 7th Av,EB Southern Av & FS 7th Av,33.3921270000001,-112.081366,61,25,stop_id,,0,0,,,unknown
1631,13925,Southern Av & 13th Av,EB Southern Av & FS 13th Av,33.392122,-112.087765,61,3,stop_id,,0,0,,,unknown
1632,18635,75th Av & Van Buren St,SB 75th Av & FS Van Buren St,33.4510680000001,-112.221328,75,11,stop_id,,0,0,,,unknown
1633,13057,Southern Av & 19th Av,EB Southern Av & FS 19th Av,33.392138,-112.098552,61,84,stop_id,,0,0,,,unknown
1634,13923,Southern Av & 20th Ln,EB Southern Av & FS 20th Ln,33.392138,-112.102389,61,6,stop_id,,0,0,,,unknown
1635,13922,Southern Av & 23rd Av,EB Southern Av & FS 23rd Av,33.392121,-112.107179,61,24,stop_id,,0,0,,,unknown
1636,13920,Southern Av & 27th Av,EB Southern Av & FS 27th Av,33.3920580000001,-112.11569,61,21,stop_id,,0,0,,,unknown
1637,13916,Southern Av & 35th Av,EB Southern Av & FS 35th Av,33.3919260000001,-112.132933,61,116,stop_id,,0,0,,,unknown
1638,13915,Southern Av & 39th Av,EB Southern Av & FS 39th Av,33.392003,-112.14187,61,13,stop_id,,0,0,,,unknown
1648,13929,Southern Av & Montezuma St,EB Southern Av & FS Montezuma St,33.392139,-112.077381,61,12,stop_id,,0,0,,,unknown
1657,13058,Southern Av & 1717 West,EB Southern Av & AT 1717 West,33.3921350000001,-112.094512,61,13,stop_id,,0,0,,,unknown
1658,13921,Southern Av & 25th Ln,EB Southern Av & FS 25th Ln,33.3921100000001,-112.113124,61,8,stop_id,,0,0,,,unknown
1659,13918,Southern Av & 31st Av,EB Southern Av & FS 31st Av,33.3920220000001,-112.124067,61,20,stop_id,,0,0,,,unknown
1662,11804,Sweetwater Av & 30th Dr,EB Sweetwater Av & FS 30th Dr,33.6035450000001,-112.123273,27,7,stop_id,,0,0,,,unknown
1667,11891,Thomas Rd & 17th Av,EB Thomas Rd & FS 17th Av,33.4804090000001,-112.095244,29,3,stop_id,,0,0,,,unknown
1668,11868,Thomas Rd & 61st Av,EB Thomas Rd & FS 61st Av,33.480398,-112.190328,"MARY, 29",20,stop_id,,0,0,,,unknown
1669,11496,Thomas Rd & 81st Av,EB Thomas Rd & FS 81st Av,33.4797730000001,-112.232011,"83, 29",1,stop_id,,0,0,,,unknown
1670,11872,Thomas Rd & 53rd Av,EB Thomas Rd & FS 53rd Av,33.480395,-112.17294,29,3,stop_id,,0,0,,,unknown
1671,11892,Thomas Rd & 15th Av,EB Thomas Rd & FS 15th Av,33.480329,-112.091003,29,67,stop_id,,0,0,,,unknown
1672,11890,Thomas Rd & 19th Av,EB Thomas Rd & FS 19th Av,33.4804580000001,-112.099515,29,130,stop_id,,0,0,,,unknown
1673,11889,Thomas Rd & 21st Av,EB Thomas Rd & FS 21st Av,33.480555,-112.104338,29,54,stop_id,,0,0,,,unknown
1674,11886,Thomas Rd & 27th Av,EB Thomas Rd & FS 27th Av,33.480283,-112.116276,29,85,stop_id,,0,0,,,unknown
1675,11885,Thomas Rd & 29th Av,EB Thomas Rd & FS 29th Av,33.480327,-112.12054,29,26,stop_id,,0,0,,,unknown
1676,11884,Thomas Rd & 31st Av,EB Thomas Rd & FS 31st Av,33.480331,-112.125104,29,65,stop_id,,0,0,,,unknown
1677,11883,Thomas Rd & 33rd Av,EB Thomas Rd & FS 33rd Av,33.480393,-112.129412,29,30,stop_id,,0,0,,,unknown
1678,11882,Thomas Rd & 35th Av,EB Thomas Rd & FS 35th Av,33.480332,-112.13392,29,167,stop_id,,0,0,,,unknown
1679,11881,Thomas Rd & 37th Av,EB Thomas Rd & FS 37th Av,33.4803450000001,-112.138084,29,13,stop_id,,0,0,,,unknown
1680,11880,Thomas Rd & 39th Av,EB Thomas Rd & FS 39th Av,33.480356,-112.142453,29,61,stop_id,,0,0,,,unknown
1681,11896,Thomas Rd & 3rd Av,EB Thomas Rd & FS 3rd Av,33.4801590000001,-112.077796,29,8,stop_id,,0,0,,,unknown
1682,11878,Thomas Rd & 43rd Av,EB Thomas Rd & FS 43rd Av,33.480332,-112.151047,29,172,stop_id,,0,0,,,unknown
1683,11877,Thomas Rd & 45th Av,EB Thomas Rd & FS 45th Av,33.480379,-112.155366,29,42,stop_id,,0,0,,,unknown
1684,18324,Thomas Rd & 46th Av,EB Thomas Rd & FS 46th Av,33.4803830000001,-112.157179,29,6,stop_id,,0,0,,,unknown
1685,11875,Thomas Rd & 48th Ln,EB Thomas Rd & FS 48th Ln,33.480399,-112.16109,"MARY, 29",75,stop_id,,0,0,,,unknown
1686,11874,Thomas Rd & 50th Dr,EB Thomas Rd & FS 50th Dr,33.480396,-112.165434,29,15,stop_id,,0,0,,,unknown
1687,11873,Thomas Rd & 51st Av,EB Thomas Rd & FS 51st Av,33.4803650000001,-112.168396,29,170,stop_id,,0,0,,,unknown
1688,11871,Thomas Rd & 55th Av,EB Thomas Rd & FS 55th Av,33.480423,-112.177442,29,40,stop_id,,0,0,,,unknown
1689,11870,Thomas Rd & 56th Dr,EB Thomas Rd & FS 56th Dr,33.48042,-112.180617,29,21,stop_id,,0,0,,,unknown
1690,11869,Thomas Rd & 59th Av,EB Thomas Rd & FS 59th Av,33.480402,-112.185266,29,128,stop_id,,0,0,,,unknown
1691,11895,Thomas Rd & 5th Av,EB Thomas Rd & FS 5th Av,33.4801820000001,-112.079744,29,24,stop_id,,0,0,,,unknown
1692,11867,Thomas Rd & 63rd Av,EB Thomas Rd & FS 63rd Av,33.4803230000001,-112.194291,"MARY, 29",49,stop_id,,0,0,,,unknown
1693,11866,Thomas Rd & 65th Av,EB Thomas Rd & FS 65th Av,33.480287,-112.198859,29,14,stop_id,,0,0,,,unknown
1694,15753,Thomas Rd & 67th Av,EB Thomas Rd & FS 67th Av,33.480199,-112.202498,29,134,stop_id,,0,0,,,unknown
1695,11864,Thomas Rd & 69th Av,EB Thomas Rd & FS 69th Av,33.4801660000001,-112.207164,"MARY, 29",5,stop_id,,0,0,,,unknown
1696,11894,Thomas Rd & 7th Av,EB Thomas Rd & FS 7th Av,33.4802010000001,-112.082601,29,46,stop_id,,0,0,,,unknown
1697,11863,Thomas Rd & 71st Av,EB Thomas Rd & FS 71st Av,33.48013,-112.211159,"MARY, 29",18,stop_id,,0,0,,,unknown
1698,11862,Thomas Rd & 72nd Dr,EB Thomas Rd & FS 72nd Dr,33.4800940000001,-112.2154,"MARY, 29",11,stop_id,,0,0,,,unknown
1699,11861,Thomas Rd & 75th Av,EB Thomas Rd & FS 75th Av,33.4800310000001,-112.219935,"MARY, 29",207,stop_id,,0,0,,,unknown
1700,11498,Thomas Rd & 78th Av,EB Thomas Rd & FS 78th Av,33.479951,-112.224134,"MARY, 75, 29",20,stop_id,,0,0,,,unknown
1701,18636,75th Av & Washington St,SB 75th Av & FS Washington St,33.447754,-112.221291,75,0,stop_id,,0,0,,,unknown
1702,18637,75th Av & Sherman St,SB 75th Av & FS Sherman St,33.4407130000001,-112.221208,75,1,stop_id,,0,0,,,unknown
1703,11495,Thomas Rd & 83rd Av,EB Thomas Rd & FS 83rd Av,33.479628,-112.237135,"83, 29",29,stop_id,,0,0,,,unknown
1704,17502,75th Av & Lower Buckeye Rd,SB 75th Av & FS Lower Buckeye Rd,33.42256,-112.221328,75,0,stop_id,,0,,,,unknown
1705,11893,Thomas Rd & 11th Av,EB Thomas Rd & NS 11th Av,33.480289,-112.08664,29,45,stop_id,,0,0,,,unknown
1708,11887,Thomas Rd & 24th Dr,EB Thomas Rd & NS 24th Dr,33.48047,-112.111674,29,74,stop_id,,0,0,,,unknown
1709,11879,Thomas Rd & 41st Av,EB Thomas Rd & NS 41st Av,33.480374,-112.14752,29,34,stop_id,,0,0,,,unknown
1710,16306,Thunderbird Rd & 45th Av,EB Thunderbird Rd & FS 45th Av,33.610559,-112.154118,138,0,stop_id,,0,0,,,unknown
1712,18640,83rd Av & I-10 Fwy,SB 83rd Av & FS I-10 Fwy,33.460852,-112.238455,83,0,stop_id,,0,0,,,unknown
1716,16314,Thunderbird Rd & 28th Av,EB Thunderbird Rd & FS 28th Av,33.6106830000001,-112.119202,138,50,stop_id,,0,0,,,unknown
1720,16319,Thunderbird Rd & 16th Av,EB Thunderbird Rd & FS 16th Av,33.609716,-112.093091,138,3,stop_id,,0,0,,,unknown
1721,16318,Thunderbird Rd & 19th Av,EB Thunderbird Rd & FS 19th Av,33.610932,-112.099152,138,49,stop_id,,0,0,,,unknown
1722,16317,Thunderbird Rd & 21st Av,EB Thunderbird Rd & FS 21st Av,33.610933,-112.103231,138,5,stop_id,,0,0,,,unknown
1723,16315,Thunderbird Rd & 24th Dr,EB Thunderbird Rd & FS 24th Dr,33.610822,-112.110744,138,16,stop_id,,0,0,,,unknown
1724,16313,Thunderbird Rd & 31st Av,EB Thunderbird Rd & FS 31st Av,33.6107010000001,-112.124726,138,28,stop_id,,0,0,,,unknown
1725,16311,Thunderbird Rd & 35th Av,EB Thunderbird Rd & FS 35th Av,33.61067,-112.132995,138,46,stop_id,,0,0,,,unknown
1726,16310,Thunderbird Rd & 37th Av,EB Thunderbird Rd & FS 37th Av,33.610688,-112.137884,138,1,stop_id,,0,0,,,unknown
1727,16309,Thunderbird Rd & 39th Av,EB Thunderbird Rd & FS 39th Av,33.61067,-112.141883,138,4,stop_id,,0,0,,,unknown
1728,16308,Thunderbird Rd & 40th Dr,EB Thunderbird Rd & FS 40th Dr,33.6106580000001,-112.145336,138,2,stop_id,,0,0,,,unknown
1729,16307,Thunderbird Rd & 43rd Av,EB Thunderbird Rd & FS 43rd Av,33.610549,-112.15043,138,34,stop_id,,0,0,,,unknown
1730,16305,Thunderbird Rd & 47th Av,EB Thunderbird Rd & FS 47th Av,33.610556,-112.159073,138,6,stop_id,,0,0,,,unknown
1731,13487,Thunderbird Rd & 51st Av,EB Thunderbird Rd & FS 51st Av,33.6105600000001,-112.167882,"51, 138, 122",42,stop_id,,0,0,,,unknown
1734,16321,Thunderbird Rd & 5th Av,EB Thunderbird Rd & FS 5th Av,33.607428,-112.080286,138,0,stop_id,,0,0,,,unknown
1737,16320,Thunderbird Rd & Coral Gables Dr,EB Thunderbird Rd & FS Coral Gables Dr,33.607382,-112.084985,138,1,stop_id,,0,0,,,unknown
1739,16316,Thunderbird Rd & 23rd Av,EB Thunderbird Rd & NS 23rd Av,33.6108810000001,-112.107573,138,1,stop_id,,0,0,,,unknown
1740,16312,Thunderbird Rd & 33rd Av,EB Thunderbird Rd & NS 33rd Av,33.6107250000001,-112.129555,138,9,stop_id,,0,0,,,unknown
1742,11785,Union Hills Dr & 29th Av,EB Union Hills Dr & FS 29th Av,33.6545350000001,-112.121402,"27, 186",1,stop_id,,0,0,,,unknown
1743,16782,Union Hills Dr & 37th Dr,EB Union Hills Dr & FS 37th Dr,33.654497,-112.138866,186,4,stop_id,,0,0,,,unknown
1744,16780,Union Hills Dr & 41st Av,EB Union Hills Dr & FS 41st Av,33.6544730000001,-112.147595,186,7,stop_id,,0,0,,,unknown
1745,16790,Union Hills Dr & 11th Av,EB Union Hills Dr & FS 11th Av,33.6545,-112.086727,186,2,stop_id,,0,0,,,unknown
1746,16789,Union Hills Dr & 15th Av,EB Union Hills Dr & FS 15th Av,33.6544910000001,-112.0911,186,6,stop_id,,0,0,,,unknown
1747,16788,Union Hills Dr & 17th Av,EB Union Hills Dr & FS 17th Av,33.6545380000001,-112.095415,186,6,stop_id,,0,0,,,unknown
1748,16787,Union Hills Dr & 19th Av,EB Union Hills Dr & FS 19th Av,33.654543,-112.099118,186,67,stop_id,,0,0,,,unknown
1749,16786,Union Hills Dr & 21st Av,EB Union Hills Dr & FS 21st Av,33.654569,-112.104916,186,3,stop_id,,0,0,,,unknown
175,18628,75th Av & Virginia Av,NB 75th Av & FS Virginia Av,33.477048,-112.220519,75,3,stop_id,,0,0,,,unknown
1750,16785,Union Hills Dr & 23rd Av,EB Union Hills Dr & FS 23rd Av,33.6545580000001,-112.108079,186,4,stop_id,,0,0,,,unknown
1751,16784,Union Hills Dr & 24th Dr,EB Union Hills Dr & FS 24th Dr,33.654549,-112.11,186,0,stop_id,,0,0,,,unknown
1752,16783,Union Hills Dr & 27th Av,EB Union Hills Dr & NS 27th Av,33.6545340000001,-112.117585,186,22,stop_id,,0,0,,,unknown
1753,16792,Union Hills Dr & 2nd Av,EB Union Hills Dr & NS 2nd Av,33.654574,-112.076952,186,1,stop_id,,0,0,,,unknown
1754,11784,Union Hills Dr & 31st Av,EB Union Hills Dr & FS 31st Av,33.654549,-112.125303,"27, 186",5,stop_id,,0,0,,,unknown
1755,11783,Union Hills Dr & 33rd Av,EB Union Hills Dr & FS 33rd Av,33.6545390000001,-112.129828,"27, 186",4,stop_id,,0,0,,,unknown
1756,11782,Union Hills Dr & 35th Av,EB Union Hills Dr & FS 35th Av,33.654479,-112.133861,"27, 186",69,stop_id,,0,0,,,unknown
1757,16781,Union Hills Dr & 39th Av,EB Union Hills Dr & FS 39th Av,33.6544900000001,-112.142728,186,2,stop_id,,0,0,,,unknown
1758,16779,Union Hills Dr & 43rd Av,EB Union Hills Dr & FS 43rd Av,33.6544290000001,-112.151239,186,33,stop_id,,0,0,,,unknown
1759,12903,Union Hills Dr & 45th Av,EB Union Hills Dr & FS 45th Av,33.6544420000001,-112.155757,186,0,stop_id,,0,0,,,unknown
1760,16778,Union Hills Dr & 47th Av,EB Union Hills Dr & FS 47th Av,33.6544270000001,-112.160071,186,5,stop_id,,0,0,,,unknown
1761,16777,Union Hills Dr & 49th Av,EB Union Hills Dr & FS 49th Av,33.6543840000001,-112.164272,186,1,stop_id,,0,0,,,unknown
1762,16776,Union Hills Dr & 51st Av,EB Union Hills Dr & FS 51st Av,33.654317,-112.168137,186,42,stop_id,,0,0,,,unknown
1772,16791,Union Hills Dr & 7th Av,EB Union Hills Dr & FS 7th Av,33.6544900000001,-112.082367,186,11,stop_id,,0,0,,,unknown
1775,10156,Desert Sky TC,Desert Sky TC (Bay 6 west side),33.479007,-112.228812,29,,unmatched,,0,0,,,unknown
1779,18641,83rd Av & Van Buren St,NB 83rd Av & FS Van Buren St,33.4521790000001,-112.238141,83,77,stop_id,,0,0,,,unknown
179,18629,75th Av & Sells Dr,NB 75th Av & FS Sells Dr,33.5023580000001,-112.220307,75,1,stop_id,,0,0,,,unknown
1796,18642,83rd Av & Pierce St,NB 83rd Av & FS Pierce St,33.455022,-112.238102,83,1,stop_id,,0,0,,,unknown
1798,18643,83rd Av & Roosevelt St,NB 83rd Av & FS Roosevelt St,33.459276,-112.23804,83,4,stop_id,,0,0,,,unknown
1799,13489,University Wy & 47th Av,EB University Wy & NS 47th AV,33.609224,-112.160494,"51, 138, 122",44,stop_id,,0,0,,,unknown
1800,18644,83rd Av & I-10 Fwy,NB 83rd Av & FS I-10 Fwy,33.463854,-112.237941,83,6,stop_id,,0,0,,,unknown
1801,10338,Van Buren St & 10th Av,EB Van Buren St & FS 10th Av,33.451291,-112.085582,3,21,stop_id,,0,0,,,unknown
1802,10337,Van Buren St & 13th Av,EB Van Buren St & FS 13th Av,33.4512720000001,-112.088935,3,44,stop_id,,0,0,,,unknown
1803,10336,Van Buren St & 15th Av,EB Van Buren St & FS 15th Av,33.451265,-112.090915,3,95,stop_id,,0,0,,,unknown
1804,10335,Van Buren St & 17th Av,EB Van Buren St & FS 17th Av,33.451221,-112.095111,3,64,stop_id,,0,0,,,unknown
1805,10334,Van Buren St & 19th Av,EB Van Buren St & FS 19th Av,33.4511640000001,-112.099601,3,124,stop_id,,0,0,,,unknown
1806,16076,Van Buren St & 21st Av,EB Van Buren St & FS 21st Av,33.45113,-112.10398,3,57,stop_id,,0,0,,,unknown
1807,10331,Van Buren St & 25th Av,EB Van Buren St & FS 25th Av,33.4510480000001,-112.112733,3,23,stop_id,,0,0,,,unknown
1808,10330,Van Buren St & 27th Av,EB Van Buren St & FS 27th Av,33.450973,-112.116819,3,166,stop_id,,0,0,,,unknown
1809,10342,Van Buren St & 1st Av,EB Van Buren St & NS 1st Av,33.451306,-112.075588,"I10W, 573, 571, 563, 562, 3",62,stop_id,,0,0,,,unknown
1810,10327,Van Buren St & 31st Av,EB Van Buren St & FS 31st Av,33.451214,-112.125405,3,54,stop_id,,0,0,,,unknown
1811,10326,Van Buren St & 33rd Av,EB Van Buren St & FS 33rd Av,33.4512750000001,-112.129919,3,45,stop_id,,0,0,,,unknown
1812,10325,Van Buren St & 35th Av,EB Van Buren St & FS 35th Av,33.451305,-112.133902,3,226,stop_id,,0,0,,,unknown
1813,10324,Van Buren St & 37th Av,EB Van Buren St & FS 37th Av,33.4512960000001,-112.138419,3,17,stop_id,,0,0,,,unknown
1814,10323,Van Buren St & 39th Av,EB Van Buren St & FS 39th Av,33.451291,-112.142638,3,25,stop_id,,0,0,,,unknown
2583,10668,7th Av & Encanto Bl,NB 7th Av & FS Encanto Bl,33.473437,-112.082728,8,1,stop_id,,0,0,,,unknown
2584,10663,7th Av & Fillmore St,NB 7th Av & FS Fillmore St,33.455335,-112.082441,8,27,stop_id,,0,0,,,unknown
2585,10691,7th Av & Frier Dr,NB 7th Av & FS Frier Dr,33.549537,-112.082434,8,0,stop_id,,0,0,,,unknown
2586,10688,7th Av & Glendale Av,NB 7th Av & FS Glendale Av,33.5388120000001,-112.082323,8,7,stop_id,,0,0,,,unknown
2587,10676,7th Av & Glenrosa Av,NB 7th Av & FS Glenrosa Av,33.499019,-112.082825,8,5,stop_id,,0,0,,,unknown
2588,10675,7th Av & Indian School Rd,NB 7th Av & FS Indian School Rd,33.495344,-112.083355,8,45,stop_id,,0,0,,,unknown
2589,10674,7th Av & Indianola Av,NB 7th Av & FS Indianola Av,33.492377,-112.083248,8,5,stop_id,,0,0,,,unknown
259,13345,Camelback Rd & 34th Pl,EB Camelback Rd & FS 34th Pl,33.509847,-112.007763,50,1,stop_id,,0,0,,,unknown
2590,10650,7th Av & Jones Av,NB 7th Av & FS Jones Av,33.411141,-112.081883,8,4,stop_id,,0,0,,,unknown
2591,10652,7th Av & Lower Buckeye Rd,NB 7th Av & FS Lower Buckeye Rd,33.4224330000001,-112.082281,8,5,stop_id,,0,0,,,unknown
2592,10686,7th Av & Maryland Av,NB 7th Av & FS Maryland Av,33.531435,-112.082307,8,3,stop_id,,0,0,,,unknown
2593,10681,7th Av & Missouri Av,NB 7th Av & FS Missouri Av,33.516921,-112.08233,8,3,stop_id,,0,0,,,unknown
2594,10683,7th Av & Montebello Av,NB 7th Av & FS Montebello Av,33.5209620000001,-112.082317,8,0,stop_id,,0,0,,,unknown
2595,10692,7th Av & Northern Av,NB 7th Av & FS Northern Av,33.5533080000001,-112.082465,8,4,stop_id,,0,0,,,unknown
2596,10690,7th Av & Orangewood Av,NB 7th Av & FS Orangewood Av,33.545441,-112.082397,8,0,stop_id,,0,0,,,unknown
2597,10673,7th Av & Osborn Rd,NB 7th Av & FS Osborn Rd,33.488034,-112.0831,8,46,stop_id,,0,0,,,unknown
2598,10667,7th Av & Palm Ln,NB 7th Av & FS Palm Ln,33.4697810000001,-112.082638,8,1,stop_id,,0,0,,,unknown
2599,10655,7th Av & Pima St,NB 7th Av & FS Pima St,33.4335290000001,-112.082375,8,31,stop_id,,0,0,,,unknown
260,13346,Camelback Rd & 36th St,EB Camelback Rd & FS 36th St,33.5098150000001,-112.00353,50,1,stop_id,,0,0,,,unknown
2600,10645,7th Av & Roeser Rd,NB 7th Av & FS Roeser Rd,33.399665,-112.081843,"8, 52",6,stop_id,,0,0,,,unknown
2601,10664,7th Av & Roosevelt St,NB 7th Av & FS Roosevelt St,33.4591,-112.082436,8,17,stop_id,,0,0,,,unknown
2602,10685,7th Av & Rose Ln,NB 7th Av & FS Rose Ln,33.52781,-112.082305,8,1,stop_id,,0,0,,,unknown
2603,10643,7th Av & Southern Av,NB 7th Av & FS Southern Av,33.3927190000001,-112.081811,8,62,stop_id,,0,0,,,unknown
2604,10644,7th Av & Sunland Av,NB 7th Av & FS Sunland Av,33.3960690000001,-112.081834,8,4,stop_id,,0,0,,,unknown
2605,10670,7th Av & Thomas Rd,NB 7th Av & FS Thomas Rd,33.4806850000001,-112.082865,8,42,stop_id,,0,0,,,unknown
2606,10669,7th Av & Virginia Av,NB 7th Av & FS Virginia Av,33.4769650000001,-112.082819,8,0,stop_id,,0,0,,,unknown
2607,10653,7th Av & Watkins St,NB 7th Av & FS Watkins St,33.426291,-112.082311,8,38,stop_id,,0,0,,,unknown
2608,10695,7th Av & Why Worry Ln,NB 7th Av & FS Why Worry Ln,33.563925,-112.08242,8,0,stop_id,,0,0,,,unknown
2609,10646,7th Av & Tamarisk St,NB 7th Av & FS Tamarisk St,33.4042890000001,-112.081862,8,10,stop_id,,0,0,,,unknown
261,13347,Camelback Rd & 38th St,EB Camelback Rd & FS 38th St,33.5097440000001,-111.999338,50,1,stop_id,,0,0,,,unknown
2610,18727,7th Av & Colter St,NB 7th Av & FS Colter St,33.513409,-112.082355,8,1,stop_id,,0,0,,,unknown
2611,10658,7th Av & Hadley St,NB 7th Av & FS Hadley St,33.439688,-112.082436,8,11,stop_id,,0,0,,,unknown
2612,18189,7th Av & Highland Av,NB 7th Av & FS Highland Av,33.506197,-112.082344,8,4,stop_id,,0,0,,,unknown
2613,10689,7th Av & Myrtle Av,NB 7th Av & FS Myrtle Av,33.542201,-112.082356,8,1,stop_id,,0,0,,,unknown
2614,10656,7th Av & 1201 South,NB 7th Av & AT 1201 South,33.435951,-112.082393,8,20,stop_id,,0,0,,,unknown
2615,10665,7th Av & Culver St,NB 7th Av & NS Culver St,33.4624370000001,-112.082494,8,2,stop_id,,0,0,,,unknown
2617,10682,7th Av & Luke Av,NB 7th Av & NS Luke Av,33.518285,-112.082321,8,0,stop_id,,0,0,,,unknown
2618,10666,7th Av & McDowell Rd,NB 7th Av & FS McDowell Rd,33.466438,-112.082488,8,38,stop_id,,0,0,,,unknown
2619,10687,7th Av & Ocotillo Rd,NB 7th Av & FS Ocotillo Rd,33.534788,-112.082313,8,0,stop_id,,0,0,,,unknown
262,12391,Camelback Rd & 3rd St,EB Camelback Rd & FS 3rd St,33.5091630000001,-112.069005,50,5,stop_id,,0,0,,,unknown
2620,10154,7th St & Earll Dr,NB 7th St & FS Earll Dr,33.4843670000001,-112.064947,7,6,stop_id,,0,0,,,unknown
2621,10548,7th St & Helena Dr,NB 7th St & FS Helena Dr,33.644576,-112.065394,7,4,stop_id,,0,0,,,unknown
2622,10522,7th St & Nicolet Av,NB 7th St & FS Nicolet Av,33.5426660000001,-112.064983,7,3,stop_id,,0,0,,,unknown
2623,10543,7th St & Tierra Buena Ln,NB 7th St & FS Tierra Buena Ln,33.6297870000001,-112.06533,7,1,stop_id,,0,0,,,unknown
2624,10540,7th St & Acoma Dr,NB 7th St & FS Acoma Dr,33.618843,-112.065256,7,0,stop_id,,0,0,,,unknown
2625,10529,7th St & Alice Av,NB 7th St & FS Alice Av,33.5644730000001,-112.065114,7,6,stop_id,,0,0,,,unknown
2626,10547,7th St & Bell Rd,NB 7th St & FS Bell Rd,33.6407800000001,-112.065346,7,38,stop_id,,0,0,,,unknown
2627,10524,7th St & Belmont Av,NB 7th St & FS Belmont Av,33.5490320000001,-112.065059,7,0,stop_id,,0,0,,,unknown
2628,10517,7th St & Bethany Home Rd,NB 7th St & FS Bethany Home Rd,33.524142,-112.064851,7,39,stop_id,,0,0,,,unknown
2629,10528,7th St & Butler Dr,NB 7th St & FS Butler Dr,33.5608740000001,-112.065153,7,2,stop_id,,0,0,,,unknown
263,18054,Camelback Rd & 40th St,EB Camelback Rd & FS 40th St,33.5097040000001,-111.994632,50,16,stop_id,,0,0,,,unknown
2630,18287,7th St & Camelback Rd,NB 7th St & FS Camelback Rd,33.509847,-112.064885,7,67,stop_id,,0,0,,,unknown
2631,10514,7th St & Colter St,NB 7th St & FS Colter St,33.513296,-112.06489,7,14,stop_id,,0,0,,,unknown
2632,10542,7th St & Coral Gables Dr,NB 7th St & FS Coral Gables Dr,33.6262340000001,-112.065312,7,2,stop_id,,0,0,,,unknown
2633,10526,7th St & Corte Oro,NB 7th St & FS Corte Oro,33.5569540000001,-112.065132,7,6,stop_id,,0,0,,,unknown
2634,10541,7th St & Country Gables Dr,NB 7th St & FS Country Gables Dr,33.6229680000001,-112.06531,7,1,stop_id,,0,0,,,unknown
2635,10531,7th St & Dunlap Av,NB 7th St & FS Dunlap Av,33.5686690000001,-112.065063,7,25,stop_id,,0,0,,,unknown
2636,10499,7th St & Fillmore St,NB 7th St & FS Fillmore St,33.4550350000001,-112.065067,7,30,stop_id,,0,0,,,unknown
2637,10521,7th St & Glendale Av,NB 7th St & FS Glendale Av,33.5386270000001,-112.064924,7,49,stop_id,,0,0,,,unknown
2638,18039,7th St & Granada Rd,NB 7th St & FS Granada Rd,33.4686390000001,-112.064989,7,6,stop_id,,0,0,,,unknown
2639,18001,7th St & Greenway Pkwy,NB 7th St & FS Greenway Pkwy,33.6382320000001,-112.065293,7,13,stop_id,,0,0,,,unknown
264,13349,Camelback Rd & 42nd St,EB Camelback Rd & FS 42nd St,33.509557,-111.991224,50,2,stop_id,,0,0,,,unknown
2640,10549,7th St & Grovers Av,NB 7th St & FS Grovers Av,33.647952,-112.065421,7,3,stop_id,,0,0,,,unknown
2641,18002,7th St & Hatcher Rd,NB 7th St & FS Hatcher Rd,33.5716640000001,-112.065059,7,38,stop_id,,0,0,,,unknown
2642,15176,7th St & Hearn Rd,NB 7th St & FS Hearn Rd,33.6153140000001,-112.065245,7,2,stop_id,,0,0,,,unknown
2643,10512,7th St & Highland Av,NB 7th St & FS Highland Av,33.505883,-112.064888,7,4,stop_id,,0,0,,,unknown
2644,10509,7th St & Indian School Rd,NB 7th St & FS Indian School Rd,33.4951520000001,-112.064867,7,99,stop_id,,0,0,,,unknown
2645,10527,7th St & Las Palmaritas Dr,NB 7th St & FS Las Palmaritas Dr,33.5588770000001,-112.065142,7,8,stop_id,,0,0,,,unknown
2646,18288,7th St & Maryland Av,NB 7th St & FS Maryland Av,33.531304,-112.064896,7,6,stop_id,,0,0,,,unknown
2647,10501,7th St & McDowell Rd,NB 7th St & FS McDowell Rd,33.466142,-112.064914,7,119,stop_id,,0,0,,,unknown
2648,10550,7th St & Michelle Dr,NB 7th St & FS Michelle Dr,33.651013,-112.065414,7,1,stop_id,,0,0,,,unknown
2649,18017,7th St & Missouri Av,NB 7th St & FS Missouri Av,33.5170810000001,-112.06487,7,17,stop_id,,0,0,,,unknown
265,18055,Camelback Rd & 44th St,EB Camelback Rd & FS 44th St,33.509349,-111.986183,50,37,stop_id,,0,0,,,unknown
2650,10516,7th St & Montebello Av,NB 7th St & FS Montebello Av,33.5212740000001,-112.064864,7,6,stop_id,,0,0,,,unknown
2651,10533,7th St & Mountain View Rd,NB 7th St & FS Mountain View Rd,33.575539,-112.065036,7,21,stop_id,,0,0,,,unknown
2652,10525,7th St & Northern Av,NB 7th St & FS Northern Av,33.553301,-112.065052,7,30,stop_id,,0,0,,,unknown
2653,10503,7th St & Oak St,NB 7th St & FS Oak St,33.473482,-112.064976,7,23,stop_id,,0,0,,,unknown
2654,10519,7th St & Ocotillo Rd,NB 7th St & FS Ocotillo Rd,33.535016,-112.064918,7,1,stop_id,,0,0,,,unknown
2655,10523,7th St & Orangewood Av,NB 7th St & FS Orangewood Av,33.5458830000001,-112.065018,7,1,stop_id,,0,0,,,unknown
2656,10544,7th St & Paradise Ln,NB 7th St & FS Paradise Ln,33.633515,-112.065362,7,2,stop_id,,0,0,,,unknown
2658,10538,7th St & Roberts Rd,NB 7th St & FS Roberts Rd,33.611752,-112.065285,7,2,stop_id,,0,0,,,unknown
2659,10500,7th St & Roosevelt St,NB 7th St & FS Roosevelt St,33.459145,-112.065058,7,49,stop_id,,0,0,,,unknown
266,13351,Camelback Rd & 46th St,EB Camelback Rd & FS 46th St,33.5091190000001,-111.979537,50,0,stop_id,,0,0,,,unknown
2660,10518,7th St & Rose Ln,NB 7th St & FS Rose Ln,33.5277350000001,-112.064864,7,12,stop_id,,0,0,,,unknown
2661,10505,7th St & Thomas Rd,NB 7th St & FS Thomas Rd,33.480552,-112.06492,7,80,stop_id,,0,0,,,unknown
2663,10537,7th St & Thunderbird Rd,NB 7th St & FS Thunderbird Rd,33.6082200000001,-112.064964,7,28,stop_id,,0,0,,,unknown
2664,10530,7th St & Townley Av,NB 7th St & FS Townley Av,33.566518,-112.065114,7,11,stop_id,,0,0,,,unknown
2666,10269,7th St & Washington St,NB 7th St & FS Washington St,33.4486580000001,-112.064901,"SR51, SME, 7, 1",30,stop_id,,0,0,,,unknown
2667,10508,7th St & Weldon Av,NB 7th St & FS Weldon Av,33.4906100000001,-112.064926,7,7,stop_id,,0,0,,,unknown
2669,10534,7th St & Cheryl Dr,NB 7th St & NS Cheryl Dr,33.578426,-112.065004,7,8,stop_id,,0,0,,,unknown
267,13356,Camelback Rd & 56th St,EB Camelback Rd & FS 56th St,33.5017760000001,-111.960085,50,0,stop_id,,0,0,,,unknown
2670,10535,7th St & Peoria Av,NB 7th St & FS Peoria Av,33.582346,-112.064841,7,13,stop_id,,0,0,,,unknown
2671,18050,7th St & Montecito Av,NB 7th St & NS Montecito Av,33.4985280000001,-112.064909,7,22,stop_id,,0,0,,,unknown
2672,10545,7th St & Aire Libre Av,NB 7th St & NS Aire Libre Av,33.635841,-112.065329,7,20,stop_id,,0,0,,,unknown
2674,10507,7th St & Osborn Rd,NB 7th St & FS Osborn Rd,33.488011,-112.064929,7,13,stop_id,,0,0,,,unknown
2675,10511,7th St & Grand Canal,NB 7th St & AT Grand Canal,33.5022500000001,-112.064902,7,10,stop_id,,0,0,,,unknown
2676,15696,7th St & Virginia Av,NB 7th St & NS Virginia Av,33.4762940000001,-112.064963,7,14,stop_id,,0,0,,,unknown
268,13360,Camelback Rd & 62nd St,EB Camelback Rd & FS 62nd St,33.501918,-111.947263,50,0,stop_id,,0,0,,,unknown
2681,11493,83rd Av & Encanto Bl,NB 83rd Av & FS Encanto Bl,33.473011,-112.237681,83,8,stop_id,,0,0,,,unknown
2682,18363,83rd Av & McDowell Rd,NB 83rd Av & FS McDowell Rd,33.4657780000001,-112.237755,83,50,stop_id,,0,0,,,unknown
2683,12676,83rd Av & Osborn Rd,NB 83rd Av & FS Osborn Rd,33.4874110000001,-112.237656,83,4,stop_id,,0,0,,,unknown
2684,11402,83rd Av & Thomas Rd,NB 83rd Av & FS Thomas Rd,33.4804060000001,-112.237607,83,19,stop_id,,0,0,,,unknown
2685,11494,83rd Av & Virginia Av,NB 83rd Av & FS Virginia Av,33.4765860000001,-112.237642,83,4,stop_id,,0,0,,,unknown
2687,12677,83rd Av & Piccadilly Rd,NB 83rd Av & FS Piccadilly Rd,33.491834,-112.237657,83,3,stop_id,,0,0,,,unknown
2689,11492,83rd Av & Palm Ln,NB 83rd Av & FS Palm Ln,33.4693100000001,-112.237712,83,8,stop_id,,0,0,,,unknown
270,12392,Camelback Rd & 7th St,EB Camelback Rd & FS 7th St,33.509125,-112.064386,50,66,stop_id,,0,0,,,unknown
272,13353,Camelback Rd & Arcadia Dr,EB Camelback Rd & FS Arcadia Dr,33.505634,-111.97199,50,1,stop_id,,0,0,,,unknown
273,13358,Camelback Rd & Arcadia Ln,EB Camelback Rd & FS Arcadia Ln,33.501829,-111.954868,50,0,stop_id,,0,0,,,unknown
274,13357,Camelback Rd & Camino Allenada,EB Camelback Rd & FS Camino Allenada,33.501791,-111.95695,50,0,stop_id,,0,0,,,unknown
2749,15274,Cave Creek Rd & Hearn Rd,NB Cave Creek Rd & FS Hearn Rd,33.6142610000001,-112.034646,90,4,stop_id,,0,0,,,unknown
275,12390,Camelback Rd & Central Av,EB Camelback Rd & FS Central Av,33.5091370000001,-112.073017,50,179,stop_id,,0,0,,,unknown
2751,15267,Cave Creek Rd & 16th Pl,NB Cave Creek Rd & FS 16th Pl,33.5898770000001,-112.045255,90,2,stop_id,,0,0,,,unknown
2754,15281,Cave Creek Rd & Bell Rd,NB Cave Creek Rd & FS Bell Rd,33.640928,-112.030643,90,41,stop_id,,0,0,,,unknown
2755,18060,Cave Creek Rd & Cactus Rd,NB Cave Creek Rd & FS Cactus Rd,33.597201,-112.037499,90,32,stop_id,,0,0,,,unknown
2756,15263,Cave Creek Rd & Cheryl Dr,NB Cave Creek Rd & FS Cheryl Dr,33.5791540000001,-112.053152,90,10,stop_id,,0,0,,,unknown
2758,18102,Cave Creek Rd & Cinnabar Av,NB Cave Creek Rd & FS Cinnabar Av,33.5769750000001,-112.055541,90,4,stop_id,,0,0,,,unknown
2759,15275,Cave Creek Rd & Claire Dr,NB Cave Creek Rd & FS Claire Dr,33.620838,-112.030502,90,0,stop_id,,0,0,,,unknown
276,13359,Camelback Rd & Jokake Rd,EB Camelback Rd & FS Jokake Rd,33.50183,-111.951573,50,4,stop_id,,0,0,,,unknown
2760,15265,Cave Creek Rd & Desert Cove Av,NB Cave Creek Rd & FS Desert Cove Av,33.5859070000001,-112.049178,90,10,stop_id,,0,0,,,unknown
2761,18311,Cave Creek Rd & Dunlap Av,NB Cave Creek Rd & FS Dunlap Av,33.568134,-112.064601,90,31,stop_id,,0,0,,,unknown
2762,15272,Cave Creek Rd & Eugie Ter,NB Cave Creek Rd & FS Eugie Ter,33.609469,-112.035994,90,7,stop_id,,0,0,,,unknown
2763,15280,Cave Creek Rd & Grandview Rd,NB Cave Creek Rd & FS Grandview Rd,33.6358040000001,-112.030636,90,4,stop_id,,0,0,,,unknown
2764,15277,Cave Creek Rd & Greenway Rd,NB Cave Creek Rd & FS Greenway Rd,33.6266810000001,-112.030561,90,13,stop_id,,0,0,,,unknown
2765,15283,Cave Creek Rd & Grovers Av,NB Cave Creek Rd & FS Grovers Av,33.6482490000001,-112.03071,90,4,stop_id,,0,0,,,unknown
2767,15260,Cave Creek Rd & Hatcher Rd,NB Cave Creek Rd & FS Hatcher Rd,33.572031,-112.059658,90,50,stop_id,,0,0,,,unknown
2768,15270,Cave Creek Rd & Larkspur Dr,NB Cave Creek Rd & FS Larkspur Dr,33.600716,-112.036991,90,4,stop_id,,0,0,,,unknown
2769,18395,Cave Creek Rd & Michigan Av,NB Cave Creek Rd & FS Michigan Av,33.65169,-112.030708,90,3,stop_id,,0,0,,,unknown
2770,15261,Cave Creek Rd & Mountain View Rd,NB Cave Creek Rd & FS Mountain View Rd,33.57539,-112.057342,90,16,stop_id,,0,0,,,unknown
2771,15276,Cave Creek Rd & Nisbet Rd,NB Cave Creek Rd & FS Nisbet Rd,33.623657,-112.030542,90,2,stop_id,,0,0,,,unknown
2773,15264,Cave Creek Rd & Peoria Av,NB Cave Creek Rd & FS Peoria Av,33.582859,-112.051144,90,12,stop_id,,0,0,,,unknown
2774,15266,Cave Creek Rd & Shangri La Rd,NB Cave Creek Rd & FS Shangri La Rd,33.5879800000001,-112.048053,90,2,stop_id,,0,0,,,unknown
2775,15273,Cave Creek Rd & Sharon Dr,NB Cave Creek Rd & FS Sharon Dr,33.611904,-112.035416,90,2,stop_id,,0,0,,,unknown
2776,15271,Cave Creek Rd & Sweetwater Av,NB Cave Creek Rd & FS Sweetwater Av,33.604637,-112.036516,90,26,stop_id,,0,0,,,unknown
2777,15268,Cave Creek Rd & 18th Pl,NB Cave Creek Rd & FS 18th Pl,33.592996,-112.041904,90,0,stop_id,,0,0,,,unknown
2778,18103,Cave Creek Rd & 8th St,NB Cave Creek Rd & FS 8th St,33.5699460000001,-112.062293,90,8,stop_id,,0,0,,,unknown
2780,15282,Cave Creek Rd & Contention Mine Rd,NB Cave Creek Rd & NS Contention Mine Rd,33.6454420000001,-112.030718,90,1,stop_id,,0,0,,,unknown
2787,10115,Central Av & Butler Dr,NB Central Av & FS Butler Dr,33.560749,-112.073761,0,0,stop_id,,0,0,,,unknown
2788,10097,Central Av & Campbell Av,NB Central Av & FS Campbell Av,33.5026280000001,-112.073572,0,26,stop_id,,0,0,,,unknown
2789,18073,Central Av & Culver St,NB Central Av & FS Culver St,33.4631910000001,-112.073665,0,19,stop_id,,0,0,,,unknown
279,13354,Camelback Rd & Rubicon Av,EB Camelback Rd & FS Rubicon Av,33.503563,-111.968377,50,0,stop_id,,0,0,,,unknown
2790,10112,Central Av & Frier Dr,NB Central Av & FS Frier Dr,33.5491250000001,-112.073777,0,0,stop_id,,0,0,,,unknown
2791,10102,Central Av & Georgia Av,NB Central Av & FS Georgia Av,33.5150420000001,-112.073599,0,0,stop_id,,0,0,,,unknown
2792,10291,Central Av & Farrington Ln,NB Central Av & FS Farrington Ln,33.4982800000001,-112.073632,0,6,stop_id,,0,0,,,unknown
2793,10106,Central Av & Rose Ln,NB Central Av & FS Rose Ln,33.5282970000001,-112.073618,0,1,stop_id,,0,0,,,unknown
2794,10117,Central Av & Alice Av,NB Central Av & FS Alice Av,33.56469,-112.073762,"SMRT, 0",0,stop_id,,0,0,,,unknown
2795,10105,Central Av & Bethany Home Rd,NB Central Av & FS Bethany Home Rd,33.5243300000001,-112.073591,0,5,stop_id,,0,0,,,unknown
2798,10100,Central Av & Camelback Rd,NB Central Av & FS Camelback Rd,33.5097500000001,-112.073561,0,33,stop_id,,0,0,,,unknown
2802,10093,Central Av & Columbus Av,NB Central Av & FS Columbus Av,33.490169,-112.073633,0,1,stop_id,,0,0,,,unknown
2803,15712,Central Av & Dunlap Av,NB Central Av & FS Dunlap Av,33.5682320000001,-112.073727,106,51,stop_id,,0,0,,,unknown
2804,10090,Central Av & Earll Dr,NB Central Av & FS Earll Dr,33.484404,-112.073636,0,8,stop_id,,0,0,,,unknown
2805,10077,Central Av & Fillmore St,NB Central Av & FS Fillmore St,33.4550580000001,-112.073712,"10, 0",27,stop_id,,0,0,,,unknown
2806,10109,Central Av & Glendale Av,NB Central Av & FS Glendale Av,33.5387240000001,-112.073635,0,8,stop_id,,0,0,,,unknown
2808,10114,Central Av & Griswold Rd,NB Central Av & FS Griswold Rd,33.5568510000001,-112.073806,0,1,stop_id,,0,0,,,unknown
2809,10099,Central Av & Indian School Rd,NB Central Av & FS Indian School Rd,33.4953560000001,-112.073568,0,51,stop_id,,0,0,,,unknown
2810,18098,Central Av & Indianola Av,NB Central Av & FS Indianola Av,33.4928090000001,-112.073652,0,3,stop_id,,0,0,,,unknown
2812,10107,Central Av & Maryland Av,NB Central Av & FS Maryland Av,33.53139,-112.073621,0,3,stop_id,,0,0,,,unknown
2813,10081,Central Av & McDowell Rd,NB Central Av & FS McDowell Rd,33.4661560000001,-112.073643,0,32,stop_id,,0,0,,,unknown
2814,10078,Central Av & McKinley St,NB Central Av & FS McKinley St,33.4569490000001,-112.073706,"10, 0",4,stop_id,,0,0,,,unknown
2815,10103,Central Av & Missouri Av,NB Central Av & FS Missouri Av,33.5170680000001,-112.073598,0,1,stop_id,,0,0,,,unknown
2816,10104,Central Av & Montebello Av,NB Central Av & FS Montebello Av,33.520477,-112.073572,0,2,stop_id,,0,0,,,unknown
2818,10113,Central Av & Northern Av,NB Central Av & FS Northern Av,33.553185,-112.073796,0,5,stop_id,,0,0,,,unknown
2819,10108,Central Av & Ocotillo Rd,NB Central Av & FS Ocotillo Rd,33.5345080000001,-112.073636,0,1,stop_id,,0,0,,,unknown
282,13343,Camelback Rd & 31st St,EB Camelback Rd & NS 31st St,33.50973,-112.016849,50,2,stop_id,,0,0,,,unknown
2820,10101,Central Av & Orange Dr,NB Central Av & FS Orange Dr,33.5124070000001,-112.073605,0,9,stop_id,,0,0,,,unknown
2821,10111,Central Av & Orangewood Av,NB Central Av & FS Orangewood Av,33.5459450000001,-112.07374,0,0,stop_id,,0,0,,,unknown
2822,10092,Central Av & Osborn Rd,NB Central Av & FS Osborn Rd,33.4882250000001,-112.073617,0,13,stop_id,,0,0,,,unknown
2823,10082,Central Av & Palm Ln,NB Central Av & FS Palm Ln,33.4696920000001,-112.073649,0,6,stop_id,,0,0,,,unknown
2824,10110,Central Av & Myrtle Av,NB Central Av & FS Myrtle Av,33.5424530000001,-112.073702,0,1,stop_id,,0,0,,,unknown
2825,10079,Central Av & Roosevelt St,NB Central Av & FS Roosevelt St,33.459276,-112.073718,0,21,stop_id,,0,0,,,unknown
2826,10088,Central Av & Thomas Rd,NB Central Av & FS Thomas Rd,33.4808860000001,-112.073557,0,49,stop_id,,0,0,,,unknown
2827,18074,Central Av & Virginia Av,NB Central Av & FS Virginia Av,33.4773900000001,-112.073627,0,7,stop_id,,0,0,,,unknown
283,13344,Camelback Rd & 32nd Pl,EB Camelback Rd & NS 32nd Pl,33.509784,-112.011616,50,20,stop_id,,0,0,,,unknown
2837,16884,Central Av & Van Buren St,NB Central Av & NS Van Buren St,33.4511390000001,-112.07373,"SR51, SMW, SME, I17, I10W, I10E, GAL, 575, 573, 571, 563, 562, 542, 535, 533, 531, 522, 521, 514",44,stop_id,,0,0,,,unknown
2841,10098,Central Av & Highland Av,NB Central Av & NS Highland Av,33.505365,-112.073593,0,5,stop_id,,0,0,,,unknown
2844,10084,Central Av & Encanto Bl,NB Central Av & FS Encanto Bl,33.4733580000001,-112.073628,0,7,stop_id,,0,0,,,unknown
2847,10116,Central Av & Ruth Av,NB Central Av & NS Ruth Av,33.562643,-112.073741,0,1,stop_id,,0,0,,,unknown
289,11401,Campbell Av & 29th St,EB Campbell Av & FS 29th St,33.502331,-112.019172,"32s, 32, 17s",4,stop_id,,0,0,,,unknown
2952,11742,Holmes Bl & Anderson Dr,NB Holmes Bl & FS Anderson Dr,33.6436380000001,-112.119691,27,1,stop_id,,0,0,,,unknown
2953,11743,Holmes Bl & Angela Dr,NB Holmes Bl & FS Angela Dr,33.645088,-112.11797,27,1,stop_id,,0,0,,,unknown
2954,11741,Holmes Bl & Bell Rd,NB Holmes Bl & FS Bell Rd,33.6404230000001,-112.121119,27,29,stop_id,,0,0,,,unknown
2986,15590,Metro Pkwy E & Cheryl Dr,NB Metro Pkwy E & FS Cheryl Dr,33.5767220000001,-112.118315,"35, 27, 106",4,stop_id,,0,0,,,unknown
2988,18912,Metro Pkwy E & Thelda Williams TC,NB Metro Pkwy E & AT Thelda Williams TC (Bay 10),33.5747460000001,-112.118344,I17,9,stop_id,,0,0,,,unknown
3,10041,Sunnyslope TC,Sunnyslope TC (Bay 5 south side),33.5670240000001,-112.068692,"12, 0",,unmatched,,0,,,,unknown
3122,13001,Tatum Bl & Greenway Rd,NB Tatum Bl & FS Greenway Rd,33.62665,-111.977598,44,23,stop_id,1,0,0,,,unknown
3123,13007,Tatum Bl & Grovers Av,NB Tatum Bl & FS Grovers Av,33.648309,-111.977182,44,0,stop_id,,0,0,,,unknown
3124,12998,Tatum Bl & Hearn Rd,NB Tatum Bl & FS Hearn Rd,33.6154930000001,-111.9777,44,0,stop_id,,0,0,,,unknown
3125,13000,Tatum Bl & Hillery Dr,NB Tatum Bl & FS Hillery Dr,33.622235,-111.977659,44,0,stop_id,,0,0,,,unknown
3126,13002,Tatum Bl & Kathleen Rd,NB Tatum Bl & FS Kathleen Rd,33.6306070000001,-111.977631,44,0,stop_id,,0,0,,,unknown
3128,13009,Tatum Bl & Mayo Bl,NB Tatum Bl & FS Mayo Bl,33.669095,-111.977258,44,1,stop_id,,0,0,,,unknown
3130,13003,Tatum Bl & Paradise Ln,NB Tatum Bl & FS Paradise Ln,33.6337040000001,-111.977575,44,1,stop_id,,0,0,,,unknown
3131,12422,Tatum Bl & Paradise Village Pkwy N,NB Tatum Bl & FS Paradise Village Pkwy N,33.605423,-111.977714,"44, 138",3,stop_id,,0,0,,,unknown
3132,12419,Tatum Bl & Paradise Village Pkwy S,NB Tatum Bl & FS Paradise Village Pkwy S,33.596254,-111.980861,44,12,stop_id,,0,0,,,unknown
3135,13008,Tatum Bl & Desert Cactus St,NB Tatum Bl & FS Desert Cactus St,33.651937,-111.977187,44,0,stop_id,,0,0,,,unknown
3137,12416,Tatum Bl & Shea Bl,NB Tatum Bl & FS Shea Bl,33.583172,-111.977677,44,40,stop_id,,0,0,,,unknown
3138,12997,Tatum Bl & Thunderbird Rd,NB Tatum Bl & FS Thunderbird Rd,33.6119120000001,-111.977725,44,10,stop_id,,0,0,,,unknown
3139,13010,Tatum Bl & Rose Garden Ln,NB Tatum Bl & FS Rose Garden Ln,33.677329,-111.97717,"SR51, 44",0,stop_id,,0,0,,,unknown
3152,10777,15th Av & Buckeye Rd,NB 15th Av & FS Buckeye Rd,33.4373150000001,-112.091172,15,37,stop_id,,0,0,,,unknown
3153,10192,15th Av & Estes Wy,NB 15th Av & FS Estes Wy,33.3613270000001,-112.091847,0,2,stop_id,,0,0,,,unknown
3154,10776,15th Av & Pima St,NB 15th Av & FS Pima St,33.4333710000001,-112.091128,15,41,stop_id,,0,0,,,unknown
3156,11152,16th St & Alta Vista Rd,NB 16th St & FS Alta Vista Rd,33.3890910000001,-112.047171,16,11,stop_id,,0,0,,,unknown
3157,11149,16th St & Baseline Rd,NB 16th St & FS Baseline Rd,33.3783010000001,-112.047219,16,88,stop_id,,0,0,,,unknown
3158,11157,16th St & Broadway Rd,NB 16th St & FS Broadway Rd,33.407223,-112.046984,16,91,stop_id,,0,0,,,unknown
3159,18283,16th St & Buckeye Rd,NB 16th St & FS Buckeye Rd,33.4372460000001,-112.047539,16,66,stop_id,,0,0,,,unknown
3160,11159,16th St & Elwood St,NB 16th St & FS Elwood St,33.414526,-112.046952,16,9,stop_id,,0,0,,,unknown
3161,11164,16th St & Grant St,NB 16th St & FS Grant St,33.4418150000001,-112.047568,16,37,stop_id,,0,0,,,unknown
3162,11165,16th St & Jefferson St,NB 16th St & FS Jefferson St,33.447666,-112.047612,16,34,stop_id,,0,0,,,unknown
3163,11158,16th St & Jones Av,NB 16th St & FS Jones Av,33.410944,-112.046946,16,7,stop_id,,0,0,,,unknown
3164,11162,16th St & Mohave St,NB 16th St & FS Mohave St,33.431727,-112.047563,16,11,stop_id,,0,0,,,unknown
3165,11155,16th St & Roeser Rd,NB 16th St & FS Roeser Rd,33.4001470000001,-112.047066,16,41,stop_id,,0,0,,,unknown
3166,11153,16th St & Southern Av,NB 16th St & FS Southern Av,33.393226,-112.047217,16,116,stop_id,,0,0,,,unknown
3167,11154,16th St & Sunland Av,NB 16th St & FS Sunland Av,33.3961640000001,-112.047178,16,12,stop_id,,0,0,,,unknown
3168,11160,16th St & University Dr,NB 16th St & FS University Dr,33.4240300000001,-112.047689,16,26,stop_id,,0,0,,,unknown
3169,11151,16th St & Vineyard Rd,NB 16th St & FS Vineyard Rd,33.385324,-112.047153,16,17,stop_id,,0,0,,,unknown
3170,11156,16th St & Wier Av,NB 16th St & FS Wier Av,33.4037880000001,-112.047049,16,6,stop_id,,0,0,,,unknown
3172,11150,16th St & Fremont Rd,NB 16th St & FS Fremont Rd,33.3816800000001,-112.047179,16,13,stop_id,,0,0,,,unknown
3173,11161,16th St & Watkins St,NB 16th St & FS Watkins St,33.4262880000001,-112.047679,16,4,stop_id,,0,0,,,unknown
3174,11512,19th Av & Alta Vista Rd,NB 19th Av & FS Alta Vista Rd,33.389326,-112.099033,19,9,stop_id,,0,0,,,unknown
3176,11520,19th Av & Buchanan St,NB 19th Av & FS Buchanan St,33.4435040000001,-112.09997,19,4,stop_id,,0,0,,,unknown
3177,10774,19th Av & Cocopah St,NB 19th Av & FS Cocopah St,33.4324070000001,-112.099803,19,58,stop_id,,0,0,,,unknown
318,15257,Dunlap Av & 5th St,EB Dunlap Av & FS 5th St,33.567664,-112.066904,90,5,stop_id,,0,0,,,unknown
3180,10773,22nd Av & Hilton Av,NB 22nd Av & FS Hilton Av,33.428475,-112.106271,19,3,stop_id,,0,0,,,unknown
3181,10772,22nd Av & 2441 South,NB 22nd Av & AT 2441 South,33.425014,-112.106195,19,5,stop_id,,0,0,,,unknown
3182,14539,24th St & Burgess Ln,NB 24th St & FS Burgess Ln,33.39007,-112.03,70,5,stop_id,,0,0,,,unknown
3184,12211,24th St & Baseline Rd,NB 24th St & FS Baseline Rd,33.3782560000001,-112.03017,"77, 30",9,stop_id,,0,0,,,unknown
3185,14544,24th St & Broadway Rd,NB 24th St & FS Broadway Rd,33.407476,-112.029676,"SME, 70",85,stop_id,,0,0,,,unknown
3186,14550,24th St & Buckeye Rd,NB 24th St & FS Buckeye Rd,33.43722,-112.034431,70,58,stop_id,,0,0,,,unknown
3189,14536,24th St & Fremont Rd,NB 24th St & FS Fremont Rd,33.3820920000001,-112.030136,"77, 70, 30",42,stop_id,,0,0,,,unknown
319,15325,Dunlap Av & 7th St,WB Dunlap Av & FS 7th St,33.5679890000001,-112.065697,90,44,stop_id,,0,0,,,unknown
3190,14552,24th St & Harrison St,NB 24th St & FS Harrison St,33.4447640000001,-112.029969,70,2,stop_id,,0,0,,,unknown
3191,14553,24th St & Jefferson St,NB 24th St & FS Jefferson St,33.4477230000001,-112.03005,70,123,stop_id,,0,0,,,unknown
3192,14545,24th St & Jones Av,NB 24th St & FS Jones Av,33.410869,-112.029605,70,20,stop_id,,0,0,,,unknown
3193,14546,24th St & Magnolia St,NB 24th St & FS Magnolia St,33.4229740000001,-112.030283,70,36,stop_id,,0,0,,,unknown
3194,14541,24th St & Pecan Rd,NB 24th St & FS Pecan Rd,33.395881,-112.0299,70,5,stop_id,,0,0,,,unknown
3195,14542,24th St & Roeser Rd,NB 24th St & FS Roeser Rd,33.4003960000001,-112.02976,70,37,stop_id,,0,0,,,unknown
3197,18452,24th St & Sky Harbor Cir S,NB 24th St & FS Sky Harbor Cir S,33.4319790000001,-112.034491,70,19,stop_id,,0,0,,,unknown
3198,14540,24th St & Southern Av,NB 24th St & FS Southern Av,33.3937920000001,-112.029925,"SME, 70",88,stop_id,,0,0,,,unknown
3199,18214,24th St & University Dr,NB 24th St & FS University Dr,33.42452,-112.030267,70,38,stop_id,,0,0,,,unknown
320,10118,Dunlap Av & Central Av,EB Dunlap Av & FS Central Av,33.567645,-112.07331,"SMRT, 90, 8, 106, 0",18,stop_id,,0,0,,,unknown
3200,14537,24th St & Vineyard Rd,NB 24th St & FS Vineyard Rd,33.3863200000001,-112.030061,70,10,stop_id,,0,0,,,unknown
3201,14543,24th St & Wier Av,NB 24th St & FS Wier Av,33.4034990000001,-112.029737,70,18,stop_id,,0,0,,,unknown
3202,14551,24th St & Sky Harbor Cir N,NB 24th St & FS Sky Harbor Cir N,33.4414370000001,-112.03391,70,2,stop_id,,0,0,,,unknown
3204,12039,32nd St & Wier Av,NB 32nd St & FS Wier Av,33.4038100000001,-112.012504,30,4,stop_id,,0,0,,,unknown
3205,12040,32nd St & Broadway Rd,NB 32nd St & FS Broadway Rd,33.4077280000001,-112.012453,30,20,stop_id,,0,0,,,unknown
3206,12042,University Dr & Elwood St,NB University Dr & FS Elwood St,33.415197,-112.008649,30,18,stop_id,,0,0,,,unknown
3207,12041,32nd St & Wood St,NB 32nd St & FS Wood St,33.409301,-112.012115,30,14,stop_id,,0,0,,,unknown
3209,12220,35th Av & Elwood St,NB 35th Av & FS Elwood St,33.4158120000001,-112.13421,35,2,stop_id,,0,0,,,unknown
3210,17077,35th Av & Wier Av,NB 35th Av & NS Wier Av,33.4025980000001,-112.133485,35,16,stop_id,,0,0,,,unknown
3211,12219,35th Av & Broadway Rd,NB 35th Av & FS Broadway Rd,33.407228,-112.133529,35,20,stop_id,,0,0,,,unknown
3212,12222,35th Av & Buckeye Rd,NB 35th Av & FS Buckeye Rd,33.437527,-112.13448,35,101,stop_id,,0,0,,,unknown
3213,12221,35th Av & Cocopah St,NB 35th Av & FS Cocopah St,33.432484,-112.134454,35,25,stop_id,,0,0,,,unknown
3214,10868,35th Av & Gibson Ln,NB 35th Av & FS Gibson Ln,33.4271190000001,-112.134417,"35, 27",18,stop_id,,0,0,,,unknown
3215,12223,35th Av & Hadley St,NB 35th Av & FS Hadley St,33.439988,-112.134444,35,47,stop_id,,0,0,,,unknown
3216,18289,35th Av & Lincoln St,NB 35th Av & FS Lincoln St,33.442684,-112.134411,35,22,stop_id,,0,0,,,unknown
3217,10867,35th Av & Lower Buckeye Rd,NB 35th Av & FS Lower Buckeye Rd,33.4231070000001,-112.1344,"35, 27",57,stop_id,,0,0,,,unknown
3219,12844,43rd Av & Hadley St,NB 43rd Av & FS Hadley St,33.439985,-112.151741,43,1,stop_id,,0,0,,,unknown
3221,12845,43rd Av & Washington St,NB 43rd Av & FS Washington St,33.4480110000001,-112.151656,43,6,stop_id,,0,0,,,unknown
3225,13598,48th St & Knox Rd,NB 48th St & FS Knox Rd,33.3259210000001,-111.98013,"ALEX, 108",16,stop_id,,0,0,,,unknown
3226,13597,48th St & Lavender Ln,NB 48th St & FS Lavender Ln,33.3230110000001,-111.979341,108,6,stop_id,,0,0,,,unknown
3228,13601,48th St & Cheyenne Dr,NB 48th St & FS Cheyenne Dr,33.347046,-111.980266,"ALEX, 108",1,stop_id,,0,0,,,unknown
3229,13600,48th St & Kiva St,NB 48th St & FS Kiva St,33.3396220000001,-111.98395,108,0,stop_id,,0,0,,,unknown
3230,13596,48th St & Ray Rd,NB 48th St & FS Ray Rd,33.320411,-111.980226,108,15,stop_id,,0,0,,,unknown
3232,13595,48th St & Thistle Landing Dr,NB 48th St & FS Thistle Landing Dr,33.3129280000001,-111.980259,108,8,stop_id,,0,0,,,unknown
3234,13599,48th St & Warner Rd,NB 48th St & FS Warner Rd,33.3314300000001,-111.98075,108,18,stop_id,,0,0,,,unknown
3248,13673,59th Av & Buckeye Rd,NB 59th Av & FS Buckeye Rd,33.4376120000001,-112.18643,59,0,stop_id,,0,0,,,unknown
3249,13674,59th Av & Sherman St,NB 59th Av & FS Sherman St,33.440456,-112.186527,59,0,stop_id,,0,0,,,unknown
3253,10486,7th St & Victory St,NB 7th St & FS Victory St,33.4167340000001,-112.064592,7,5,stop_id,,0,0,,,unknown
3254,10471,7th St & Alta Vista Rd,NB 7th St & FS Alta Vista Rd,33.3889300000001,-112.064561,7,6,stop_id,,0,0,,,unknown
3255,10468,7th St & Baseline Rd,NB 7th St & FS Baseline Rd,33.37811,-112.064505,7,92,stop_id,,0,0,,,unknown
3256,10483,7th St & Broadway Rd,NB 7th St & FS Broadway Rd,33.4070350000001,-112.064439,7,58,stop_id,,0,0,,,unknown
3257,15156,7th St & Carter Rd,NB 7th St & FS Carter Rd,33.382776,-112.06451,7,13,stop_id,,0,0,,,unknown
3258,10463,7th St & Dobbins Rd,NB 7th St & FS Dobbins Rd,33.3637660000001,-112.065869,7,17,stop_id,,0,0,,,unknown
3259,10485,7th St & Elwood St,NB 7th St & FS Elwood St,33.414228,-112.06451,7,3,stop_id,,0,0,,,unknown
3260,10484,7th St & Jones Av,NB 7th St & FS Jones Av,33.410961,-112.064475,7,54,stop_id,,0,0,,,unknown
3261,10159,7th St & Mohave St,NB 7th St & FS Mohave St,33.4317380000001,-112.064936,7,33,stop_id,,0,0,,,unknown
3262,10491,7th St & Pima St,NB 7th St & FS Pima St,33.433475,-112.0649,7,4,stop_id,,0,0,,,unknown
3263,15157,7th St & Roeser Rd,NB 7th St & FS Roeser Rd,33.3999010000001,-112.064489,7,54,stop_id,,0,0,,,unknown
3265,10493,7th St & Sherman St,NB 7th St & FS Sherman St,33.440366,-112.065003,7,0,stop_id,,0,0,,,unknown
3266,10465,7th St & South Mountain Av,NB 7th St & FS South Mountain Av,33.370862,-112.065892,7,33,stop_id,,0,0,,,unknown
3267,10472,7th St & Southern Av,NB 7th St & FS Southern Av,33.3926480000001,-112.064538,7,38,stop_id,,0,0,,,unknown
3268,10487,7th St & University Dr,NB 7th St & FS University Dr,33.4238280000001,-112.064827,7,36,stop_id,,0,0,,,unknown
3269,10470,7th St & Vineyard Rd,NB 7th St & FS Vineyard Rd,33.385563,-112.064523,7,21,stop_id,,0,0,,,unknown
327,13602,Elliot Rd & 48th St,EB Elliot Rd & FS 48th St,33.3488120000001,-111.979432,"ALEX, 108",18,stop_id,,0,0,,,unknown
3270,10488,7th St & Watkins St,NB 7th St & FS Watkins St,33.426157,-112.064971,7,2,stop_id,,0,0,,,unknown
3271,10475,7th St & Wier Av,NB 7th St & FS Wier Av,33.403444,-112.06446,7,6,stop_id,,0,0,,,unknown
3272,10464,7th St & 8825 South,NB 7th St & AT 8825 South,33.365978,-112.065887,7,12,stop_id,,0,0,,,unknown
3273,10473,7th St & Sunland Av,NB 7th St & FS Sunland Av,33.3972880000001,-112.064468,7,25,stop_id,,0,0,,,unknown
3274,10492,7th St & Buckeye Rd,NB 7th St & FS Buckeye Rd,33.437641,-112.064919,7,38,stop_id,,0,0,,,unknown
3275,10494,7th St & Lincoln St,NB 7th St & NS Lincoln St,33.4418150000001,-112.06514,7,3,stop_id,,0,0,,,unknown
328,13603,Elliot Rd & 51st St,EB Elliot Rd & FS 51st St,33.3488520000001,-111.975503,"ALEX, 108",25,stop_id,,0,0,,,unknown
3298,10061,Central Av & Marguerite Av,NB Central Av & NS Marguerite Av,33.4047160000001,-112.073197,0,46,stop_id,,0,0,,,unknown
3299,10057,Central Av & Alta Vista Rd,NB Central Av & FS Alta Vista Rd,33.3890200000001,-112.073171,0,13,stop_id,,0,0,,,unknown
3300,10054,Central Av & Baseline Rd,NB Central Av & FS Baseline Rd,33.3782430000001,-112.073128,0,177,stop_id,,0,0,,,unknown
3301,10062,Central Av & Broadway Rd,NB Central Av & FS Broadway Rd,33.4073760000001,-112.073176,0,132,stop_id,,0,0,,,unknown
3302,10071,Central Av & Buckeye Rd,NB Central Av & FS Buckeye Rd,33.4375460000001,-112.073611,0,114,stop_id,,0,0,,,unknown
3303,10050,Central Av & Dobbins Rd,NB Central Av & FS Dobbins Rd,33.363666,-112.073048,0,67,stop_id,,0,0,,,unknown
3305,10064,Central Av & Elwood St,NB Central Av & FS Elwood St,33.4143560000001,-112.073271,0,29,stop_id,,0,0,,,unknown
3306,10051,Central Av & Euclid Av,NB Central Av & FS Euclid Av,33.367223,-112.073078,0,50,stop_id,,0,0,,,unknown
3307,10072,Central Av & Hadley St,NB Central Av & FS Hadley St,33.4392940000001,-112.073648,0,13,stop_id,,0,0,,,unknown
3310,10055,Central Av & Jesse Owens Pkwy,NB Central Av & NS Jesse Owens Pkwy,33.3810270000001,-112.073133,0,43,stop_id,,0,0,,,unknown
3311,10063,Central Av & Jones Av,NB Central Av & FS Jones Av,33.4110170000001,-112.073236,0,24,stop_id,,0,0,,,unknown
3312,10073,Central Av & Buchanan St,NB Central Av & NS Buchanan St,33.4430630000001,-112.073678,0,5,stop_id,,,,,,unknown
3313,10068,Central Av & Mohave St,NB Central Av & FS Mohave St,33.431792,-112.073623,0,32,stop_id,,0,0,,,unknown
3314,10053,Central Av & Olympic Dr,NB Central Av & FS Olympic Dr,33.3744550000001,-112.073118,0,69,stop_id,,0,0,,,unknown
3316,10065,Central Av & Pioneer St,NB Central Av & FS Pioneer St,33.417989,-112.073379,0,7,stop_id,,0,0,,,unknown
3317,10060,Central Av & Roeser Rd,NB Central Av & FS Roeser Rd,33.3998570000001,-112.073209,0,103,stop_id,,0,0,,,unknown
3318,10052,Central Av & South Mountain Av,NB Central Av & FS South Mountain Av,33.3708760000001,-112.073102,0,76,stop_id,,0,0,,,unknown
3319,10058,Central Av & Southern Av,NB Central Av & FS Southern Av,33.3926710000001,-112.073179,0,187,stop_id,,0,0,,,unknown
3320,10056,Central Av & Vineyard Rd,NB Central Av & FS Vineyard Rd,33.385347,-112.073196,0,18,stop_id,,0,0,,,unknown
3321,10066,Central Av & Watkins St,NB Central Av & FS Watkins St,33.42627,-112.073504,0,60,stop_id,,0,0,,,unknown
3322,10070,Central Av & Yuma St,NB Central Av & NS Yuma St,33.4345060000001,-112.073626,0,26,stop_id,,0,0,,,unknown
3323,10059,Central Av & Sunland Av,NB Central Av & FS Sunland Av,33.396309,-112.073183,0,37,stop_id,,0,0,,,unknown
347,10497,Fillmore St & 3rd St,EB Fillmore St & FS 3rd St,33.4543780000001,-112.069467,7,14,stop_id,,0,1,,https://farm5.staticflickr.com/4553/38323651974_4f781278ec_o.jpg,unknown
348,17535,Montebello/19th Av TC,Montebello/19th Av TC (Bay 1),33.519568,-112.098792,60,,unmatched,,0,,,,unknown
349,10498,Fillmore St & 5th St,EB Fillmore St & FS 5th St,33.454352,-112.067462,7,12,stop_id,,0,0,,,unknown
350,10496,Fillmore St & Central Av,EB Fillmore St & FS Central Av,33.4544050000001,-112.073435,7,23,stop_id,,0,0,,,unknown
3512,17157,Ranch Cir & Ray Rd,NB Ranch Cir & FS Ray Rd,33.315814,-112.006666,ALEX,0,stop_id,,0,0,,,unknown
3561,17009,Warner Elliot Lp & Equestrian Trl,NB Warner Elliot Lp & FS Equestrian Trl,33.33881,-111.993768,ALEX,0,stop_id,,0,0,,,unknown
3562,17012,Warner Elliot Lp & Walatowa St,NB Warner Elliot Lp & FS Walatowa St,33.3460400000001,-111.991552,ALEX,0,stop_id,,0,0,,,unknown
3563,17008,Warner Elliot Lp & Ahwatukee Dr,NB Warner Elliot Lp & FS Ahwatukee Dr,33.335633,-111.992302,ALEX,0,stop_id,,0,0,,,unknown
3564,17013,Warner Elliot Lp & Jicarilla St,NB Warner Elliot Lp & FS Jicarilla St,33.3475060000001,-111.98951,ALEX,0,stop_id,,0,0,,,unknown
3565,17011,Warner Elliot Lp & Kiowa St,NB Warner Elliot Lp & FS Kiowa St,33.3440630000001,-111.993095,ALEX,0,stop_id,,0,0,,,unknown
3567,10245,Phoenix Zoo,Phoenix Zoo,33.4533450000001,-111.948022,"56, 3",26,stop_id,,0,0,,,unknown
3572,16862,Dreamy Draw PNR,Dreamy Draw PNR (Bay 2 north side),33.581236,-112.011284,"SR51, 39",30,stop_id,,0,0,,,unknown
3576,16880,Bell Rd/I-17 PNR,Bell Rd/I-17 PNR (on-ramp side),33.638762,-112.116994,I17,,unmatched,,0,0,,,unknown
3582,16865,Dreamy Draw PNR,Dreamy Draw PNR (Bay 1 on-ramp side),33.5805730000001,-112.011065,SR51,105,stop_id,,0,0,,,unknown
3587,14481,Glendale Av & 10th St,EB Glendale Av & FS 10th St,33.5381530000001,-112.0604,70,3,stop_id,,0,0,,,unknown
3590,13036,44th St & McDonald Dr,SB 44th St & FS McDonald Dr,33.522812,-111.985956,44,1,stop_id,,0,0,,,unknown
360,14484,Glendale Av & 16th St,EB Glendale Av & FS 16th St,33.538103,-112.046528,70,21,stop_id,,0,0,,,unknown
3600,11814,Metro Pkwy W & Cheryl Dr,SB Metro Pkwy W & FS Cheryl Dr,33.5752140000001,-112.124895,35,92,stop_id,,0,0,,,unknown
3601,11813,Metro Pkwy W & Cochise Dr,SB Metro Pkwy W & FS Cochise Dr,33.5784990000001,-112.124534,35,6,stop_id,,0,0,,,unknown
361,14482,Glendale Av & 12th St,EB Glendale Av & FS 12th St,33.5381410000001,-112.055556,70,15,stop_id,,0,0,,,unknown
3614,10960,11th St & Fillmore St,SB 11th St & FS Fillmore St,33.4546730000001,-112.059027,12,1,stop_id,,0,0,,,unknown
3615,10958,11th St & Moreland St,SB 11th St & FS Moreland St,33.460808,-112.058996,12,1,stop_id,,0,0,,,unknown
3616,10959,11th St & Roosevelt St,SB 11th St & FS Roosevelt St,33.458468,-112.059025,12,4,stop_id,,0,0,,,unknown
3617,10927,12th St & Belmont Av,SB 12th St & NS Belmont Av,33.5493230000001,-112.056584,12,21,stop_id,,0,0,,,unknown
3618,10928,12th St & Wagon Wheel Dr,SB 12th St & FS Wagon Wheel Dr,33.5467580000001,-112.056523,12,6,stop_id,,0,0,,,unknown
3619,10935,12th St & Bethany Home Rd,SB 12th St & FS Bethany Home Rd,33.5232550000001,-112.056332,12,12,stop_id,,0,0,,,unknown
4153,11400,52nd St & McDowell Rd,SB 52nd St & FS McDowell Rd,33.465042,-111.969902,"514, 17",0,stop_id,,0,0,,,unknown
362,14714,Glendale Av & 14th St,EB Glendale Av & FS 14th St,33.53813,-112.05091,70,0,stop_id,,0,0,,,unknown
3620,10924,12th St & Butler Dr,SB 12th St & FS Butler Dr,33.5601780000001,-112.056816,12,9,stop_id,,0,0,,,unknown
3621,15385,12th St & Camelback Rd,SB 12th St & FS Camelback Rd,33.5088450000001,-112.056369,12,23,stop_id,,0,0,,,unknown
3622,10941,12th St & Campbell Av,SB 12th St & FS Campbell Av,33.5015770000001,-112.056402,12,16,stop_id,,0,0,,,unknown
3623,10938,12th St & Colter St,SB 12th St & FS Colter St,33.5126090000001,-112.056327,12,4,stop_id,,0,0,,,unknown
3624,10922,12th St & Dunlap Av,SB 12th St & FS Dunlap Av,33.567415,-112.056904,12,16,stop_id,,0,0,,,unknown
3625,10944,12th St & Fairmount Av,SB 12th St & FS Fairmount Av,33.4925220000001,-112.056408,12,6,stop_id,,0,0,,,unknown
3626,10931,12th St & Glendale Av,SB 12th St & FS Glendale Av,33.5378220000001,-112.056391,12,16,stop_id,,0,0,,,unknown
3627,10925,12th St & Griswold Rd,SB 12th St & FS Griswold Rd,33.556334,-112.05672,12,0,stop_id,,0,0,,,unknown
3628,10921,12th St & Hatcher Rd,SB 12th St & FS Hatcher Rd,33.570924,-112.056853,"SMRT, 12",25,stop_id,,0,0,,,unknown
3629,10940,12th St & Highland Av,SB 12th St & FS Highland Av,33.505231,-112.056385,12,15,stop_id,,0,0,,,unknown
363,12486,Glendale Av & 20th St,EB Glendale Av & FS 20th St,33.538257,-112.038223,70,3,stop_id,,0,0,,,unknown
3630,10943,12th St & Indian School Rd,SB 12th St & FS Indian School Rd,33.494221,-112.05642,12,34,stop_id,,0,0,,,unknown
3631,10923,12th St & Lawrence Ln,SB 12th St & FS Lawrence Ln,33.5643190000001,-112.056733,12,4,stop_id,,0,0,,,unknown
3632,10933,12th St & Maryland Av,SB 12th St & FS Maryland Av,33.530673,-112.056376,12,20,stop_id,,0,0,,,unknown
3633,10956,12th St & McDowell Rd,SB 12th St & FS McDowell Rd,33.465269,-112.056456,12,14,stop_id,,0,0,,,unknown
3634,10937,12th St & Missouri Av,SB 12th St & FS Missouri Av,33.51617,-112.056361,12,9,stop_id,,0,0,,,unknown
3635,10936,12th St & Montebello Av,SB 12th St & FS Montebello Av,33.519758,-112.05631,12,2,stop_id,,0,0,,,unknown
3636,10930,12th St & Myrtle Av,SB 12th St & FS Myrtle Av,33.5415140000001,-112.056419,12,1,stop_id,,0,0,,,unknown
3637,10926,12th St & Northern Av,SB 12th St & FS Northern Av,33.552557,-112.056702,12,29,stop_id,,0,0,,,unknown
3638,10954,12th St & Oak St,SB 12th St & FS Oak St,33.472545,-112.05647,12,9,stop_id,,0,0,,,unknown
3639,10932,12th St & Ocotillo Rd,SB 12th St & FS Ocotillo Rd,33.5343110000001,-112.056339,12,4,stop_id,,0,0,,,unknown
364,14479,Glendale Av & 2nd Pl,EB Glendale Av & FS 2nd Pl,33.538189,-112.069257,70,0,stop_id,,0,0,,,unknown
3640,10955,12th St & Palm Ln,SB 12th St & FS Palm Ln,33.46901,-112.056475,12,4,stop_id,,0,0,,,unknown
3641,10934,12th St & Rose Ln,SB 12th St & FS Rose Ln,33.527139,-112.056324,12,8,stop_id,,0,0,,,unknown
3642,10929,12th St & State Av,SB 12th St & FS State Av,33.5437830000001,-112.056457,12,1,stop_id,,0,0,,,unknown
3643,10952,12th St & Thomas Rd,SB 12th St & FS Thomas Rd,33.4794590000001,-112.056453,12,47,stop_id,,0,0,,,unknown
3644,15396,12th St & Turney Av,SB 12th St & FS Turney Av,33.4992790000001,-112.056389,12,11,stop_id,,0,0,,,unknown
3645,10945,12th St & Whitton Av,SB 12th St & FS Whitton Av,33.488954,-112.056433,12,5,stop_id,,0,0,,,unknown
3646,10957,12th St & Willetta St,SB 12th St & FS Willetta St,33.463306,-112.056499,12,5,stop_id,,0,0,,,unknown
3647,10953,12th St & Virginia Av,SB 12th St & NS Virginia Av,33.4768800000001,-112.056462,12,28,stop_id,,0,0,,,unknown
365,14480,Glendale Av & 7th St,EB Glendale Av & FS 7th St,33.538167,-112.064316,70,25,stop_id,,0,0,,,unknown
3650,15599,15th Av & Brown St,SB 15th Av & NS Brown St,33.577769,-112.091333,106,5,stop_id,,0,0,,,unknown
3651,11140,15th Av & Adams St,SB 15th Av & FS Adams St,33.448943,-112.091525,15,6,stop_id,,0,0,,,unknown
3652,11123,15th Av & Camelback Rd,SB 15th Av & FS Camelback Rd,33.50901,-112.091381,15,57,stop_id,,0,0,,,unknown
3653,11125,15th Av & Campbell Av,SB 15th Av & FS Campbell Av,33.501832,-112.091392,15,6,stop_id,,0,0,,,unknown
3654,11128,15th Av & Clarendon Av,SB 15th Av & FS Clarendon Av,33.490802,-112.091446,15,6,stop_id,,0,0,,,unknown
3655,11136,15th Av & Culver St,SB 15th Av & FS Culver St,33.462518,-112.091356,15,1,stop_id,,0,0,,,unknown
3656,11120,15th Av & Denton Ln,SB 15th Av & FS Denton Ln,33.5155340000001,-112.091313,15,24,stop_id,,0,0,,,unknown
3657,11130,15th Av & Earll Dr,SB 15th Av & FS Earll Dr,33.4836940000001,-112.09145,15,2,stop_id,,0,0,,,unknown
3658,11133,15th Av & Encanto Bl,SB 15th Av & FS Encanto Bl,33.4727140000001,-112.091475,15,2,stop_id,,0,0,,,unknown
3659,11138,15th Av & Fillmore St,SB 15th Av & FS Fillmore St,33.4546980000001,-112.091321,15,6,stop_id,,0,0,,,unknown
366,14478,Glendale Av & Central Av,EB Glendale Av & FS Central Av,33.538213,-112.073113,70,12,stop_id,,0,0,,,unknown
3660,11126,15th Av & Glenrosa Av,SB 15th Av & FS Glenrosa Av,33.498296,-112.091376,15,0,stop_id,,0,0,,,unknown
3661,18184,15th Av & Highland Av,SB 15th Av & FS Highland Av,33.505479,-112.091334,15,24,stop_id,,0,0,,,unknown
3662,11127,15th Av & Indian School Rd,SB 15th Av & FS Indian School Rd,33.49456,-112.09147,15,57,stop_id,,0,0,,,unknown
3663,11135,15th Av & McDowell Rd,SB 15th Av & FS McDowell Rd,33.4653250000001,-112.091399,15,29,stop_id,,0,0,,,unknown
3664,15600,15th Av & Mountain View Rd,SB 15th Av & FS Mountain View Rd,33.574671,-112.091317,106,14,stop_id,,0,0,,,unknown
3665,11129,15th Av & Osborn Rd,SB 15th Av & FS Osborn Rd,33.487313,-112.091464,15,13,stop_id,,0,0,,,unknown
3666,11134,15th Av & Palm Ln,SB 15th Av & FS Palm Ln,33.469115,-112.091472,15,1,stop_id,,0,0,,,unknown
3667,11122,15th Av & Pasadena Av,SB 15th Av & FS Pasadena Av,33.5106930000001,-112.091347,15,8,stop_id,,0,0,,,unknown
3668,15598,15th Av & Peoria Av,SB 15th Av & FS Peoria Av,33.5817060000001,-112.091344,106,20,stop_id,,0,0,,,unknown
367,14485,Glendale Av & 17th St,EB Glendale Av & FS 17th St,33.538166,-112.044855,70,0,stop_id,,0,0,,,unknown
3670,11137,15th Av & Roosevelt St,SB 15th Av & FS Roosevelt St,33.4583500000001,-112.091314,15,4,stop_id,,0,0,,,unknown
3671,11119,15th Av & San Miguel Av,SB 15th Av & FS San Miguel Av,33.5192210000001,-112.091279,15,19,stop_id,,0,0,,,unknown
3672,11131,15th Av & Thomas Rd,SB 15th Av & FS Thomas Rd,33.479905,-112.09148,15,44,stop_id,,0,0,,,unknown
3673,11139,15th Av & Van Buren St,SB 15th Av & FS Van Buren St,33.450994,-112.091522,15,14,stop_id,,0,0,,,unknown
3674,18180,15th Av & Virginia Av,SB 15th Av & FS Virginia Av,33.4764880000001,-112.091461,15,1,stop_id,,0,0,,,unknown
3676,18187,15th Av & Colter St,SB 15th Av & FS Colter St,33.5124710000001,-112.091332,15,8,stop_id,,0,0,,,unknown
3677,11254,16th St & 7720 North,SB 16th St & AT 7720 North,33.550413,-112.048048,16,5,stop_id,,0,0,,,unknown
3678,14982,16th St & Bethany Home Rd,SB 16th St & FS Bethany Home Rd,33.523198,-112.0476,"60, 16",48,stop_id,,0,,,,unknown
3679,11266,16th St & Camelback Rd,SB 16th St & FS Camelback Rd,33.5086460000001,-112.047645,16,98,stop_id,,0,0,,,unknown
3680,11268,16th St & Campbell Av,SB 16th St & FS Campbell Av,33.5014840000001,-112.047689,16,48,stop_id,,0,0,,,unknown
3681,11272,16th St & Clarendon Av,SB 16th St & FS Clarendon Av,33.4903860000001,-112.047759,16,19,stop_id,,0,0,,,unknown
3682,11265,16th St & Colter St,SB 16th St & FS Colter St,33.5124450000001,-112.04764,"60, 16",29,stop_id,,0,0,,,unknown
3683,11281,16th St & Fillmore St,SB 16th St & FS Fillmore St,33.454528,-112.0478,"16s, 16",7,stop_id,,0,0,,,unknown
3684,11258,16th St & Glendale Av,SB 16th St & FS Glendale Av,33.5378210000001,-112.047599,16,55,stop_id,,0,0,,,unknown
3685,11269,16th St & Glenrosa Av,SB 16th St & FS Glenrosa Av,33.4979670000001,-112.047714,16,14,stop_id,,0,0,,,unknown
3686,11267,16th St & Highland Av,SB 16th St & FS Highland Av,33.5051730000001,-112.047661,16,41,stop_id,,0,0,,,unknown
3687,11271,16th St & Indian School Rd,SB 16th St & FS Indian School Rd,33.49404,-112.047745,16,124,stop_id,,0,0,,,unknown
3688,11260,16th St & Maryland Av,SB 16th St & FS Maryland Av,33.5305220000001,-112.047633,16,30,stop_id,,0,0,,,unknown
3689,11277,16th St & McDowell Rd,SB 16th St & FS McDowell Rd,33.4653190000001,-112.047865,"16s, 16",102,stop_id,,0,0,,,unknown
3690,11280,16th St & McKinley St,SB 16th St & FS McKinley St,33.456464,-112.047768,"16s, 16",7,stop_id,,0,0,,,unknown
3691,11264,16th St & Missouri Av,SB 16th St & FS Missouri Av,33.5159790000001,-112.047657,"60, 16",18,stop_id,,0,0,,,unknown
3692,11255,16th St & Morten Av,SB 16th St & FS Morten Av,33.546745,-112.047718,16,26,stop_id,,0,0,,,unknown
3693,11257,16th St & Myrtle Av,SB 16th St & FS Myrtle Av,33.5413140000001,-112.047622,16,3,stop_id,,0,0,,,unknown
3694,11275,16th St & Cypress St,SB 16th St & FS Cypress St,33.471845,-112.047772,"16s, 16",22,stop_id,,0,0,,,unknown
3695,11259,16th St & Ocotillo Rd,SB 16th St & FS Ocotillo Rd,33.534228,-112.047616,16,9,stop_id,,0,0,,,unknown
3696,11256,16th St & Orangewood Av,SB 16th St & FS Orangewood Av,33.545082,-112.047657,16,4,stop_id,,0,0,,,unknown
3697,10948,16th St & Osborn Rd,SB 16th St & FS Osborn Rd,33.486724,-112.047773,"16, 12",65,stop_id,,0,0,,,unknown
3698,11276,16th St & Palm Ln,SB 16th St & FS Palm Ln,33.4690180000001,-112.047783,"16s, 16",8,stop_id,,0,0,,,unknown
3699,11279,16th St & Roosevelt St,SB 16th St & FS Roosevelt St,33.4580090000001,-112.047785,"16s, 16",39,stop_id,,0,0,,,unknown
3700,11261,16th St & Rose Ln,SB 16th St & FS Rose Ln,33.5269890000001,-112.047608,16,13,stop_id,,0,0,,,unknown
3701,11263,16th St & San Miguel Av,SB 16th St & FS San Miguel Av,33.519343,-112.047628,"60, 16",21,stop_id,,0,0,,,unknown
3702,11273,16th St & Thomas Rd,SB 16th St & FS Thomas Rd,33.4796210000001,-112.047763,"16s, 16",168,stop_id,,0,0,,,unknown
3703,14891,16th St & Van Buren St,SB 16th St & FS Van Buren St,33.4508530000001,-112.047834,"16s, 16",38,stop_id,,0,,,,unknown
3704,11274,16th St & Virginia Av,SB 16th St & FS Virginia Av,33.476347,-112.047763,"16s, 16",17,stop_id,,0,0,,,unknown
3705,11278,16th St & 1110 North,SB 16th St & AT 1110 North,33.460853,-112.047807,"16s, 16",10,stop_id,,0,0,,,unknown
3706,11270,16th St & 4212 North,SB 16th St & AT 4212 North,33.496334,-112.047727,16,20,stop_id,,0,0,,,unknown
3707,10949,16th St & Pinchot Av,SB 16th St & NS Pinchot Av,33.4830890000001,-112.047755,"16, 12",5,stop_id,,0,0,,,unknown
3708,11253,16th St & Winter Dr,SB 16th St & NS Winter Dr,33.5529900000001,-112.048096,16,21,stop_id,,0,0,,,unknown
3711,11599,19th Av & Behrend Dr,SB 19th Av & FS Behrend Dr,33.6652770000001,-112.099963,19,19,stop_id,,0,0,,,unknown
3712,11115,19th Av & Rose Ln,SB 19th Av & NS Rose Ln,33.5281660000001,-112.099894,19,6,stop_id,,0,0,,,unknown
3713,11642,19th Av & Culver St,SB 19th Av & FS Culver St,33.4627790000001,-112.100118,19,3,stop_id,,0,0,,,unknown
3714,18181,19th Av & Earll Dr,SB 19th Av & FS Earll Dr,33.48321,-112.100076,19,34,stop_id,,0,0,,,unknown
3715,11610,19th Av & Evans Dr,SB 19th Av & FS Evans Dr,33.6176140000001,-112.099776,19,10,stop_id,,0,0,,,unknown
3716,11644,19th Av & Fillmore St,SB 19th Av & FS Fillmore St,33.454868,-112.100204,19,1,stop_id,,0,0,,,unknown
3717,11604,19th Av & Grovers Av,SB 19th Av & FS Grovers Av,33.646941,-112.099857,19,20,stop_id,,0,0,,,unknown
3719,11623,19th Av & Hatcher Rd,SB 19th Av & FS Hatcher Rd,33.5709420000001,-112.09975,"19, 122",17,stop_id,,0,0,,,unknown
3720,11643,19th Av & Linden Rd,SB 19th Av & FS Linden Rd,33.459284,-112.100168,19,3,stop_id,,0,0,,,unknown
3721,11597,19th Av & Mohawk Ln,SB 19th Av & FS Mohawk Ln,33.672651,-112.099981,19,16,stop_id,,0,0,,,unknown
3722,11118,19th Av & Montebello Av,SB 19th Av & FS Montebello Av,33.519321,-112.099909,19,100,stop_id,,0,0,,,unknown
3723,16993,19th Av & Tierra Buena Ln,SB 19th Av & FS Tierra Buena Ln,33.6288480000001,-112.099833,19,8,stop_id,,0,0,,,unknown
3724,18618,19th Av & Elm St,SB 19th Av & FS Elm St,33.5065060000001,-112.100005,19,30,stop_id,,0,0,,,unknown
3725,18484,19th Av & Jefferson St,SB 19th Av & NS Jefferson St,33.447238,-112.100201,19,34,stop_id,,0,0,,,unknown
3726,11606,19th Av & Bell Rd,SB 19th Av & FS Bell Rd,33.639527,-112.099895,19,280,stop_id,,0,0,,,unknown
3728,11117,19th Av & Bethany Home Rd,SB 19th Av & FS Bethany Home Rd,33.523397,-112.099868,"60, 19",103,stop_id,,0,0,,,unknown
3729,11106,19th Av & Butler Dr,SB 19th Av & FS Butler Dr,33.5599290000001,-112.099788,19,44,stop_id,,0,0,,,unknown
3730,11616,19th Av & Cactus Rd,SB 19th Av & FS Cactus Rd,33.5948250000001,-112.09978,"19, 122",80,stop_id,,0,0,,,unknown
3731,18397,19th Av & Camelback Rd,SB 19th Av & FS Camelback Rd,33.508972,-112.100055,19,257,stop_id,,0,0,,,unknown
3732,11629,19th Av & Campbell Av,SB 19th Av & FS Campbell Av,33.502033,-112.100018,19,53,stop_id,,0,0,,,unknown
3733,11621,19th Av & Cheryl Dr,SB 19th Av & FS Cheryl Dr,33.578091,-112.099705,"19, 122",18,stop_id,,0,0,,,unknown
3734,11618,19th Av & Cholla St,SB 19th Av & FS Cholla St,33.5887770000001,-112.099818,"19, 122",33,stop_id,,0,0,,,unknown
3736,11632,19th Av & Clarendon Av,SB 19th Av & FS Clarendon Av,33.4910350000001,-112.100041,19,9,stop_id,,0,0,,,unknown
3737,11626,19th Av & Colter St,SB 19th Av & FS Colter St,33.512726,-112.100007,19,25,stop_id,,0,0,,,unknown
3738,11619,19th Av & Desert Cove Av,SB 19th Av & FS Desert Cove Av,33.585382,-112.099811,"19, 122",25,stop_id,,0,0,,,unknown
3739,11104,19th Av & Dunlap Av,SB 19th Av & FS Dunlap Av,33.566945,-112.09979,"19, 122",171,stop_id,,0,0,,,unknown
3740,11639,19th Av & Encanto Bl,SB 19th Av & FS Encanto Bl,33.4727490000001,-112.10009,19,7,stop_id,,0,0,,,unknown
3741,11112,19th Av & Glendale Av,SB 19th Av & FS Glendale Av,33.5380630000001,-112.099907,19,137,stop_id,,0,0,,,unknown
3742,18008,19th Av & Greenway Rd,SB 19th Av & FS Greenway Rd,33.625048,-112.099847,19,97,stop_id,,0,0,,,unknown
3743,11630,19th Av & Heatherbrae Dr,SB 19th Av & FS Heatherbrae Dr,33.4975860000001,-112.100015,19,16,stop_id,,0,0,,,unknown
3744,11640,19th Av & Holly St,SB 19th Av & FS Holly St,33.469815,-112.100065,19,2,stop_id,,0,0,,,unknown
3745,11631,19th Av & Indian School Rd,SB 19th Av & FS Indian School Rd,33.494469,-112.100068,19,179,stop_id,,0,0,,,unknown
3746,11615,19th Av & Larkspur Dr,SB 19th Av & FS Larkspur Dr,33.5997170000001,-112.100436,19,20,stop_id,,0,0,,,unknown
3747,11114,19th Av & Maryland Av,SB 19th Av & FS Maryland Av,33.5308810000001,-112.099923,19,17,stop_id,,0,0,,,unknown
3748,11641,19th Av & McDowell Rd,SB 19th Av & FS McDowell Rd,33.465175,-112.100154,"GAL, 19",32,stop_id,,0,0,,,unknown
3749,11625,19th Av & Missouri Av,SB 19th Av & FS Missouri Av,33.516485,-112.099927,19,42,stop_id,,0,0,,,unknown
3750,11109,19th Av & Morten Av,SB 19th Av & FS Morten Av,33.5479580000001,-112.099755,19,12,stop_id,,0,0,,,unknown
3751,16995,19th Av & Mountain View Rd,SB 19th Av & FS Mountain View Rd,33.574305,-112.099793,"19, 122",54,stop_id,,0,0,,,unknown
3752,11111,19th Av & Myrtle Av,SB 19th Av & FS Myrtle Av,33.5419180000001,-112.099734,19,10,stop_id,,0,0,,,unknown
3753,11108,19th Av & Northern Av,SB 19th Av & FS Northern Av,33.552666,-112.099848,19,114,stop_id,,0,0,,,unknown
3754,11110,19th Av & Orangewood Av,SB 19th Av & FS Orangewood Av,33.545419,-112.099751,19,14,stop_id,,0,0,,,unknown
3755,11105,19th Av & Alice Av,SB 19th Av & FS Alice Av,33.5631910000001,-112.099821,19,11,stop_id,,0,0,,,unknown
3756,11634,19th Av & Osborn Rd,SB 19th Av & FS Osborn Rd,33.48713,-112.10006,19,29,stop_id,,0,0,,,unknown
3757,11620,19th Av & Peoria Av,SB 19th Av & FS Peoria Av,33.5815420000001,-112.099778,"19, 122",184,stop_id,,0,0,,,unknown
3758,11607,19th Av & Phelps Rd,SB 19th Av & FS Phelps Rd,33.636017,-112.099866,19,46,stop_id,,0,0,,,unknown
3759,11596,19th Av & Rose Garden Ln,SB 19th Av & FS Rose Garden Ln,33.6760760000001,-112.100013,19,30,stop_id,,0,0,,,unknown
3760,11617,19th Av & Sunnyside Dr,SB 19th Av & FS Sunnyside Dr,33.5925540000001,-112.099763,"19, 122",23,stop_id,,0,0,,,unknown
3761,11637,19th Av & Thomas Rd,SB 19th Av & FS Thomas Rd,33.4802480000001,-112.100131,19,98,stop_id,,0,0,,,unknown
3762,18007,19th Av & Thunderbird Rd,SB 19th Av & FS Thunderbird Rd,33.6106370000001,-112.099799,19,136,stop_id,,0,0,,,unknown
3763,11113,19th Av & Tuckey Ln,SB 19th Av & FS Tuckey Ln,33.5340780000001,-112.099857,19,21,stop_id,,0,0,,,unknown
3764,11602,19th Av & Union Hills Dr,SB 19th Av & FS Union Hills Dr,33.6542600000001,-112.099951,19,148,stop_id,,0,0,,,unknown
3765,11600,19th Av & Utopia Rd,SB 19th Av & FS Utopia Rd,33.661483,-112.09994,19,10,stop_id,,0,0,,,unknown
3766,18168,19th Av & Van Buren St,SB 19th Av & FS Van Buren St,33.450819,-112.100187,"GAL, 19",77,stop_id,,0,0,,,unknown
3767,11605,19th Av & Village Dr,SB 19th Av & FS Village Dr,33.64482,-112.099878,19,31,stop_id,,0,0,,,unknown
3768,18286,19th Av & Virginia Av,SB 19th Av & FS Virginia Av,33.4766000000001,-112.100089,19,2,stop_id,,0,0,,,unknown
3769,11601,19th Av & Wescott Dr,SB 19th Av & FS Wescott Dr,33.6576440000001,-112.099928,19,4,stop_id,,0,0,,,unknown
3770,11633,19th Av & Whitton Av,SB 19th Av & FS Whitton Av,33.489175,-112.100053,19,5,stop_id,,0,0,,,unknown
3771,11613,19th Av & Willow Av,SB 19th Av & FS Willow Av,33.6063280000001,-112.099747,19,7,stop_id,,0,0,,,unknown
3772,16994,19th Av & Sweetwater Av,SB 19th Av & FS Sweetwater Av,33.6033190000001,-112.099745,19,42,stop_id,,0,0,,,unknown
3773,11107,19th Av & El Caminito Dr,SB 19th Av & FS El Caminito Dr,33.557806,-112.099797,19,24,stop_id,,0,0,,,unknown
3774,11611,19th Av & 13850 North,SB 19th Av & AT 13850 North,33.6141410000001,-112.09977,19,49,stop_id,,0,0,,,unknown
3777,11603,19th Av & Michigan Av,SB 19th Av & FS Michigan Av,33.651302,-112.099888,19,14,stop_id,,0,0,,,unknown
3781,10161,1st Av & Van Buren St,SB 1st Av & NS Van Buren St,33.4516810000001,-112.075249,"GAL, 8, 0",480,stop_id,,0,0,,,unknown
3783,10158,1st Av & Roosevelt St,SB 1st Av & NS Roosevelt St,33.4589810000001,-112.074452,0,16,stop_id,,0,0,,,unknown
3790,11775,23rd Av & Behrend Dr,SB 23rd Av & FS Behrend Dr,33.665332,-112.108718,27,2,stop_id,,0,0,,,unknown
3792,11774,23rd Av & Tonopah Dr,SB 23rd Av & NS Tonopah Dr,33.6712000000001,-112.108746,27,6,stop_id,,0,0,,,unknown
3794,10476,24th St & Biltmore Cir,SB 24th St & FS Biltmore Cir,33.525583,-112.030122,70,10,stop_id,,0,,,,unknown
3796,14486,24th St & Camelback Rd,SB 24th St & FS Camelback Rd,33.508695,-112.030428,"70, 60",106,stop_id,,0,0,,,unknown
3797,14488,24th St & Campbell Av,SB 24th St & FS Campbell Av,33.50149,-112.030343,70,42,stop_id,,0,0,,,unknown
3799,14491,24th St & Clarendon Av,SB 24th St & FS Clarendon Av,33.4909890000001,-112.030319,70,13,stop_id,,0,0,,,unknown
3800,12494,24th St & Colter St,SB 24th St & FS Colter St,33.512503,-112.030363,70,1,stop_id,,0,0,,,unknown
3802,14493,24th St & Flower St,SB 24th St & FS Flower St,33.4850020000001,-112.030311,70,6,stop_id,,0,0,,,unknown
3803,14490,24th St & Indian School Rd,SB 24th St & FS Indian School Rd,33.49436,-112.030321,70,112,stop_id,,0,0,,,unknown
3804,18036,24th St & McDowell Rd,SB 24th St & FS McDowell Rd,33.4654090000001,-112.030414,70,96,stop_id,,0,0,,,unknown
3805,12493,24th St & Missouri Av,SB 24th St & FS Missouri Av,33.5160270000001,-112.03032,70,3,stop_id,,0,0,,,unknown
3806,12492,24th St & Montebello Av,SB 24th St & FS Montebello Av,33.51962,-112.030338,70,1,stop_id,,0,0,,,unknown
3807,14497,24th St & Oak St,SB 24th St & FS Oak St,33.472631,-112.030343,70,16,stop_id,,0,0,,,unknown
3808,14492,24th St & Osborn Rd,SB 24th St & FS Osborn Rd,33.486902,-112.030318,70,14,stop_id,,0,0,,,unknown
3809,14498,24th St & Palm Ln,SB 24th St & FS Palm Ln,33.469078,-112.030375,70,5,stop_id,,0,0,,,unknown
3810,14502,24th St & Pierce St,SB 24th St & FS Pierce St,33.4558500000001,-112.030296,70,7,stop_id,,0,0,,,unknown
3811,14501,24th St & Roosevelt St,SB 24th St & FS Roosevelt St,33.4581680000001,-112.030317,70,67,stop_id,,0,0,,,unknown
3813,14503,24th St & Taylor St,SB 24th St & FS Taylor St,33.4536600000001,-112.030283,70,6,stop_id,,0,0,,,unknown
3814,18037,24th St & Thomas Rd,SB 24th St & FS Thomas Rd,33.4798210000001,-112.030312,70,146,stop_id,,0,0,,,unknown
3815,14504,24th St & Van Buren St,SB 24th St & FS Van Buren St,33.4509580000001,-112.030283,70,59,stop_id,,0,0,,,unknown
3816,14496,24th St & Virginia Av,SB 24th St & FS Virginia Av,33.4763820000001,-112.03033,70,13,stop_id,,0,0,,,unknown
3817,14500,24th St & Willetta St,SB 24th St & FS Willetta St,33.46362,-112.030388,70,6,stop_id,,0,0,,,unknown
3819,14487,24th St & Highland Av,SB 24th St & FS Highland Av,33.5052240000001,-112.03034,70,29,stop_id,,0,0,,,unknown
3821,12490,24th St & 6225 North,SB 24th St & AT 6225 North,33.528532,-112.029367,70,6,stop_id,,0,0,,,unknown
3822,18213,24th St & Pinchot Av,SB 24th St & NS Pinchot Av,33.4826620000001,-112.030318,70,12,stop_id,,0,0,,,unknown
3823,14489,24th St & Heatherbrae Dr,SB 24th St & NS Heatherbrae Dr,33.4979260000001,-112.030333,70,10,stop_id,,0,0,,,unknown
3828,15658,27th Av & Belmont Av,SB 27th Av & FS Belmont Av,33.548319,-112.117081,27,11,stop_id,,0,0,,,unknown
3829,11827,27th Av & Bethany Home Rd,SB 27th Av & FS Bethany Home Rd,33.523151,-112.117061,27,77,stop_id,,0,0,,,unknown
3830,11817,27th Av & Butler Dr,SB 27th Av & FS Butler Dr,33.559959,-112.11705,27,20,stop_id,,0,0,,,unknown
3831,11831,27th Av & Camelback Rd,SB 27th Av & FS Camelback Rd,33.5088690000001,-112.117108,27,110,stop_id,,0,0,,,unknown
3832,11833,27th Av & Campbell Av,SB 27th Av & FS Campbell Av,33.5018260000001,-112.117141,27,34,stop_id,,0,0,,,unknown
3833,11841,27th Av & Encanto Bl,SB 27th Av & FS Encanto Bl,33.4726460000001,-112.117219,27,1,stop_id,,0,0,,,unknown
3834,11823,27th Av & Glendale Av,SB 27th Av & FS Glendale Av,33.538148,-112.117026,27,96,stop_id,,0,0,,,unknown
3835,11834,27th Av & Glenrosa Av,SB 27th Av & FS Glenrosa Av,33.498185,-112.117157,27,26,stop_id,,0,0,,,unknown
3836,11818,27th Av & Griswold Rd,SB 27th Av & FS Griswold Rd,33.55638,-112.117068,27,4,stop_id,,0,0,,,unknown
3837,11788,27th Av & Grovers Av,SB 27th Av & FS Grovers Av,33.6469280000001,-112.117212,27,3,stop_id,,0,0,,,unknown
3838,11832,27th Av & Highland Av,SB 27th Av & FS Highland Av,33.505565,-112.117124,27,15,stop_id,,0,0,,,unknown
3839,11844,27th Av & I-10 Fwy,SB 27th Av & FS I-10 Fwy,33.4607,-112.117411,27,1,stop_id,,0,0,,,unknown
3840,11835,27th Av & Indian School Rd,SB 27th Av & FS Indian School Rd,33.494426,-112.117214,27,84,stop_id,,0,0,,,unknown
3841,11816,27th Av & Lawrence Ln,SB 27th Av & FS Lawrence Ln,33.5639830000001,-112.117039,27,7,stop_id,,0,0,,,unknown
3842,11825,27th Av & Maryland Av,SB 27th Av & FS Maryland Av,33.5309760000001,-112.117024,27,34,stop_id,,0,0,,,unknown
3843,15751,27th Av & McDowell Rd,SB 27th Av & FS McDowell Rd,33.465676,-112.117276,27,24,stop_id,,0,0,,,unknown
3844,11787,27th Av & Michigan Av,SB 27th Av & FS Michigan Av,33.6507060000001,-112.117212,27,3,stop_id,,0,0,,,unknown
3845,11829,27th Av & Missouri Av,SB 27th Av & FS Missouri Av,33.5163170000001,-112.117058,27,45,stop_id,,0,0,,,unknown
3846,11828,27th Av & Montebello Av,SB 27th Av & FS Montebello Av,33.520001,-112.117049,27,12,stop_id,,0,0,,,unknown
3847,11822,27th Av & Myrtle Av,SB 27th Av & FS Myrtle Av,33.541886,-112.117036,27,14,stop_id,,0,0,,,unknown
3848,11819,27th Av & Northern Av,SB 27th Av & FS Northern Av,33.5526120000001,-112.117129,27,87,stop_id,,0,0,,,unknown
3849,11824,27th Av & Ocotillo Rd,SB 27th Av & FS Ocotillo Rd,33.5345370000001,-112.117029,27,29,stop_id,,0,0,,,unknown
3850,11821,27th Av & Orangewood Av,SB 27th Av & FS Orangewood Av,33.5455680000001,-112.117056,27,30,stop_id,,0,0,,,unknown
3851,11837,27th Av & Osborn Rd,SB 27th Av & FS Osborn Rd,33.4871820000001,-112.117169,27,25,stop_id,,0,0,,,unknown
3852,11842,27th Av & Palm Ln,SB 27th Av & FS Palm Ln,33.4689930000001,-112.117236,27,1,stop_id,,0,0,,,unknown
3853,11845,27th Av & Roosevelt St,SB 27th Av & FS Roosevelt St,33.458268,-112.117458,27,3,stop_id,,0,0,,,unknown
3854,11764,27th Av & Rose Garden Ln,SB 27th Av & FS Rose Garden Ln,33.6760100000001,-112.117514,27,9,stop_id,,0,0,,,unknown
3855,11826,27th Av & Rose Ln,SB 27th Av & FS Rose Ln,33.5272360000001,-112.117027,27,24,stop_id,,0,0,,,unknown
3856,11839,27th Av & Thomas Rd,SB 27th Av & FS Thomas Rd,33.479834,-112.117172,27,38,stop_id,,0,0,,,unknown
3857,11786,27th Av & Union Hills Dr,SB 27th Av & FS Union Hills Dr,33.654161,-112.11724,27,32,stop_id,,0,0,,,unknown
3858,10460,27th Av & Van Buren St,SB 27th Av & FS Van Buren St,33.45052,-112.117642,27,16,stop_id,,0,0,,,unknown
3859,11840,27th Av & Virginia Av,SB 27th Av & FS Virginia Av,33.4764260000001,-112.117202,27,3,stop_id,,0,0,,,unknown
3860,11836,27th Av & Weldon Av,SB 27th Av & FS Weldon Av,33.4907670000001,-112.117169,27,13,stop_id,,0,0,,,unknown
3861,11838,27th Av & Earll Dr,SB 27th Av & FS Earll Dr,33.483465,-112.117171,27,2,stop_id,,0,0,,,unknown
3862,11830,27th Av & Colter St,SB 27th Av & FS Colter St,33.5127340000001,-112.117075,27,9,stop_id,,0,0,,,unknown
3863,11846,27th Av & Fillmore St,SB 27th Av & FS Fillmore St,33.454306,-112.117567,27,1,stop_id,,0,0,,,unknown
3864,11794,28th Av & Kathleen Rd,SB 28th Av & FS Kathleen Rd,33.629761,-112.118007,27,6,stop_id,,0,0,,,unknown
3865,11795,28th Av & 28th Dr,SB 28th Av & FS 28th Dr,33.6270630000001,-112.118709,27,8,stop_id,,0,0,,,unknown
3866,11793,28th Av & 16212 North,SB 28th Av & AT 16212 North,33.6336210000001,-112.119088,27,1,stop_id,,0,0,,,unknown
3867,11811,28th Dr & Mercer Ln,SB 28th Dr & FS Mercer Ln,33.585542,-112.122161,27,5,stop_id,,0,0,,,unknown
3868,11808,28th Dr & Laurel Ln,SB 28th Dr & FS Laurel Ln,33.593934,-112.12,27,22,stop_id,,0,0,,,unknown
3869,11807,28th Dr & Cactus Rd,SB 28th Dr & FS Cactus Rd,33.5958860000001,-112.120225,27,51,stop_id,,0,0,,,unknown
3870,11806,28th Dr & Larkspur Dr,SB 28th Dr & FS Larkspur Dr,33.599722,-112.119851,27,21,stop_id,,0,0,,,unknown
3872,11812,28th Dr & Peoria Av,SB 28th Dr & FS Peoria Av,33.5813470000001,-112.122195,"27, 106",55,stop_id,,0,0,,,unknown
3873,11805,28th Dr & Sweetwater Av,SB 28th Dr & FS Sweetwater Av,33.603187,-112.119793,27,26,stop_id,,0,0,,,unknown
3874,11792,28th Av & Kelton Ln,SB 28th Av & FS Kelton Ln,33.635272,-112.118791,27,18,stop_id,,0,0,,,unknown
3875,11810,28th Dr & 11444 North,SB 28th Dr & AT 11444 North,33.5894480000001,-112.120538,27,5,stop_id,,0,0,,,unknown
3877,10720,28th St & Meadowbrook Av,SB 28th St & FS Meadowbrook Av,33.5036390000001,-112.021733,"32s, 32, 17s",120,stop_id,,0,0,,,unknown
3878,10817,28th St & Camelback Rd,SB 28th St & FS Camelback Rd,33.5090660000001,-112.021714,"32s, 32, 17s",123,stop_id,,0,0,,,unknown
3887,10818,28th St & Highland Av,SB 28th St & FS Highland Av,33.5053980000001,-112.021745,"32s, 32, 17s",99,stop_id,,0,0,,,unknown
3889,11797,29th Av & Banff Ln,SB 29th Av & FS Banff Ln,33.620031,-112.120749,27,17,stop_id,,0,0,,,unknown
3890,11791,29th Av & Bell Rd,SB 29th Av & FS Bell Rd,33.639168,-112.121537,27,100,stop_id,,0,0,,,unknown
3892,11796,29th Av & Greenway Rd,SB 29th Av & FS Greenway Rd,33.624936,-112.120391,27,24,stop_id,,0,0,,,unknown
3905,11802,31st Av & Thunderbird Rd,SB 31st Av & FS Thunderbird Rd,33.6101350000001,-112.12526,27,40,stop_id,,0,0,,,unknown
3906,11803,31st Av & Willow Av,SB 31st Av & FS Willow Av,33.606771,-112.125312,27,2,stop_id,,0,0,,,unknown
3907,11242,32nd St & Acoma Dr,SB 32nd St & FS Acoma Dr,33.6184440000001,-112.013459,16,2,stop_id,,0,0,,,unknown
3908,11237,32nd St & Aire Libre Av,SB 32nd St & FS Aire Libre Av,33.6368210000001,-112.013599,16,15,stop_id,,0,0,,,unknown
3909,11236,32nd St & Bell Rd,SB 32nd St & FS Bell Rd,33.6400180000001,-112.013659,16,63,stop_id,,0,0,,,unknown
3910,18000,32nd St & Cactus Rd,SB 32nd St & FS Cactus Rd,33.59632,-112.013366,16,34,stop_id,,0,0,,,unknown
3911,10820,32nd St & Campbell Av,SB 32nd St & FS Campbell Av,33.5021380000001,-112.013115,"32s, 32, 17s",18,stop_id,,0,0,,,unknown
3912,11235,32nd St & Campo Bello Dr,SB 32nd St & FS Campo Bello Dr,33.6438590000001,-112.013642,16,5,stop_id,,0,0,,,unknown
3913,11249,32nd St & Cholla St,SB 32nd St & FS Cholla St,33.58939,-112.013247,16,1,stop_id,,0,0,,,unknown
3914,10823,32nd St & Clarendon Av,SB 32nd St & FS Clarendon Av,33.491254,-112.013086,"32s, 32, 17s",15,stop_id,,0,0,,,unknown
3915,11211,32nd St & Desert Cove Av,SB 32nd St & FS Desert Cove Av,33.585409,-112.013243,16,2,stop_id,,0,0,,,unknown
3916,10825,32nd St & Cheery Lynn Rd,SB 32nd St & FS Cheery Lynn Rd,33.4847780000001,-112.013049,"32s, 32, 17s",12,stop_id,,0,0,,,unknown
3917,11245,32nd St & Emile Zola Av,SB 32nd St & FS Emile Zola Av,33.6076130000001,-112.013358,16,6,stop_id,,0,0,,,unknown
3918,10778,32nd St & Fillmore St,SB 32nd St & FS Fillmore St,33.454509,-112.013027,32,6,stop_id,,0,0,,,unknown
3919,10821,32nd St & Glenrosa Av,SB 32nd St & FS Glenrosa Av,33.498187,-112.01311,"32s, 32, 17s",2,stop_id,,0,0,,,unknown
3920,11240,32nd St & Greenway Rd,SB 32nd St & FS Greenway Rd,33.6257440000001,-112.01355,16,53,stop_id,,0,0,,,unknown
3921,11234,32nd St & Grovers Av,SB 32nd St & FS Grovers Av,33.6474660000001,-112.013666,16,2,stop_id,,0,0,,,unknown
3922,11243,32nd St & Hearn Rd,SB 32nd St & FS Hearn Rd,33.6148420000001,-112.013407,16,3,stop_id,,0,0,,,unknown
3923,10822,32nd St & Indian School Rd,SB 32nd St & FS Indian School Rd,33.4946890000001,-112.013147,"41, 32s, 32, 17s",133,stop_id,,0,0,,,unknown
3924,11247,32nd St & Larkspur Dr,SB 32nd St & FS Larkspur Dr,33.6005900000001,-112.013291,16,0,stop_id,,0,0,,,unknown
3926,10831,32nd St & McDowell Rd,SB 32nd St & FS McDowell Rd,33.465176,-112.013055,"32s, 32",81,stop_id,,0,0,,,unknown
3927,11233,32nd St & Michigan Av,SB 32nd St & FS Michigan Av,33.6515420000001,-112.013729,16,5,stop_id,,0,0,,,unknown
3928,10829,32nd St & Monte Vista Rd,SB 32nd St & FS Monte Vista Rd,33.47101,-112.013032,"32s, 32, 17s",5,stop_id,,0,0,,,unknown
3929,11241,32nd St & Nisbet Rd,SB 32nd St & FS Nisbet Rd,33.6222450000001,-112.013453,16,2,stop_id,,0,0,,,unknown
3930,10828,32nd St & Oak St,SB 32nd St & FS Oak St,33.472698,-112.013036,"32s, 32, 17s",22,stop_id,,0,0,,,unknown
3931,10824,32nd St & Osborn Rd,SB 32nd St & FS Osborn Rd,33.4874120000001,-112.013063,"32s, 32, 17s",20,stop_id,,0,0,,,unknown
3932,10830,32nd St & Palm Ln,SB 32nd St & FS Palm Ln,33.4691310000001,-112.013032,"32s, 32, 17s",20,stop_id,,0,0,,,unknown
3933,11238,32nd St & Paradise Ln,SB 32nd St & FS Paradise Ln,33.63314,-112.013603,16,15,stop_id,,0,0,,,unknown
3934,10046,32nd St & Roosevelt St,SB 32nd St & FS Roosevelt St,33.458111,-112.013025,"32, 10",38,stop_id,,0,0,,,unknown
3935,11251,32nd St & Shea Bl,SB 32nd St & FS Shea Bl,33.582033,-112.01329,"80, 16",53,stop_id,,0,0,,,unknown
3936,11246,32nd St & Sweetwater Av,SB 32nd St & FS Sweetwater Av,33.6038810000001,-112.013324,16,7,stop_id,,0,0,,,unknown
3937,11239,32nd St & Tierra Buena Ln,SB 32nd St & FS Tierra Buena Ln,33.629596,-112.013515,16,11,stop_id,,0,0,,,unknown
3938,10826,32nd St & Thomas Rd,SB 32nd St & FS Thomas Rd,33.4802120000001,-112.013031,"32s, 32, 17s",157,stop_id,,0,0,,,unknown
3939,18069,32nd St & Thunderbird Rd,SB 32nd St & FS Thunderbird Rd,33.6109960000001,-112.013464,"16, 138",15,stop_id,,0,0,,,unknown
394,10919,Hatcher Rd & 7th St,EB Hatcher Rd & FS 7th St,33.5713220000001,-112.064708,"SMRT, 12",13,stop_id,,0,0,,,unknown
3940,11232,32nd St & Union Hills Dr,SB 32nd St & FS Union Hills Dr,33.6547190000001,-112.013811,"39, 16",29,stop_id,,0,0,,,unknown
3941,10832,32nd St & Belleview St,SB 32nd St & NS Belleview St,33.4630260000001,-112.01303,"32s, 32",3,stop_id,,0,0,,,unknown
3942,10827,32nd St & Yale St,SB 32nd St & FS Yale St,33.47655,-112.013042,"32s, 32, 17s",15,stop_id,,0,0,,,unknown
3943,11252,32nd St & Cheryl Dr,SB 32nd St & NS Cheryl Dr,33.5794740000001,-112.013165,"80, 16",15,stop_id,,0,0,,,unknown
3945,12367,35th Av & Virginia Av,SB 35th Av & FS Virginia Av,33.4761570000001,-112.134508,35,6,stop_id,,0,0,,,unknown
3946,12328,35th Av & Acoma Dr,SB 35th Av & FS Acoma Dr,33.6172080000001,-112.133889,35,8,stop_id,,0,0,,,unknown
3947,18392,35th Av & Aire Libre Av,SB 35th Av & FS Aire Libre Av,33.6353970000001,-112.134082,35,4,stop_id,,0,0,,,unknown
3948,12343,35th Av & Alice Av,SB 35th Av & FS Alice Av,33.5636940000001,-112.134345,35,17,stop_id,,0,0,,,unknown
3949,12322,35th Av & Bell Rd,SB 35th Av & FS Bell Rd,33.638874,-112.134557,35,116,stop_id,,0,0,,,unknown
395,10918,Hatcher Rd & 3rd St,EB Hatcher Rd & FS 3rd St,33.5713220000001,-112.069035,"SMRT, 12",6,stop_id,,0,0,,,unknown
3950,12347,35th Av & Frier Dr,SB 35th Av & NS Frier Dr,33.5497350000001,-112.134404,35,5,stop_id,,0,0,,,unknown
3951,13836,35th Av & Bethany Home Rd,SB 35th Av & FS Bethany Home Rd,33.523625,-112.134393,35,154,stop_id,,0,0,,,unknown
3952,12344,35th Av & Butler Dr,SB 35th Av & FS Butler Dr,33.5599810000001,-112.134366,35,16,stop_id,,0,0,,,unknown
3953,12334,35th Av & Cactus Rd,SB 35th Av & FS Cactus Rd,33.5958450000001,-112.134146,35,49,stop_id,,0,0,,,unknown
3954,12358,35th Av & Camelback Rd,SB 35th Av & FS Camelback Rd,33.508898,-112.134309,35,179,stop_id,,0,0,,,unknown
3955,12360,35th Av & Campbell Av,SB 35th Av & FS Campbell Av,33.501943,-112.134332,35,18,stop_id,,0,0,,,unknown
3956,12320,35th Av & Campo Bello Dr,SB 35th Av & FS Campo Bello Dr,33.643404,-112.134564,35,2,stop_id,,0,0,,,unknown
3957,12336,35th Av & Cholla St,SB 35th Av & FS Cholla St,33.588673,-112.134173,35,4,stop_id,,0,0,,,unknown
3958,12363,35th Av & Clarendon Av,SB 35th Av & FS Clarendon Av,33.4918280000001,-112.134399,35,18,stop_id,,0,0,,,unknown
3959,12357,35th Av & Colter St,SB 35th Av & FS Colter St,33.5125650000001,-112.134309,35,2,stop_id,,0,0,,,unknown
396,10914,Hatcher Rd & 7th St,WB Hatcher Rd & FS 7th St,33.5714810000001,-112.065895,"SMRT, 12",9,stop_id,,0,0,,,unknown
3960,12333,35th Av & Columbine Dr,SB 35th Av & FS Columbine Dr,33.598889,-112.134092,35,7,stop_id,,0,0,,,unknown
3961,12327,35th Av & Country Gables Dr,SB 35th Av & FS Country Gables Dr,33.6220420000001,-112.133847,35,3,stop_id,,0,0,,,unknown
3962,12321,35th Av & Danbury Dr,SB 35th Av & FS Danbury Dr,33.6412950000001,-112.134544,35,2,stop_id,,0,0,,,unknown
3963,12342,35th Av & Dunlap Av,SB 35th Av & FS Dunlap Av,33.566806,-112.134449,35,141,stop_id,,0,0,,,unknown
3964,12365,35th Av & Earll Dr,SB 35th Av & FS Earll Dr,33.483635,-112.134459,35,14,stop_id,,0,0,,,unknown
3965,12345,35th Av & El Camino Dr,SB 35th Av & FS El Camino Dr,33.5567120000001,-112.134373,35,31,stop_id,,0,0,,,unknown
3966,12359,35th Av & Elm St,SB 35th Av & FS Elm St,33.5057600000001,-112.134309,35,9,stop_id,,0,0,,,unknown
3967,12368,35th Av & Encanto Bl,SB 35th Av & FS Encanto Bl,33.4726890000001,-112.134534,35,17,stop_id,,0,0,,,unknown
3968,12341,35th Av & Eva St,SB 35th Av & FS Eva St,33.570277,-112.134397,35,10,stop_id,,0,0,,,unknown
3969,12373,35th Av & Fillmore St,SB 35th Av & FS Fillmore St,33.454683,-112.134592,35,29,stop_id,,0,0,,,unknown
397,10913,Hatcher Rd & Cave Creek Rd,WB Hatcher Rd & FS Cave Creek Rd,33.57147,-112.061041,12,9,stop_id,,0,0,,,unknown
3970,12350,35th Av & Glendale Av,SB 35th Av & FS Glendale Av,33.5381350000001,-112.134498,35,152,stop_id,,0,0,,,unknown
3971,16011,35th Av & Greenway Rd,SB 35th Av & FS Greenway Rd,33.624558,-112.133815,35,61,stop_id,,0,0,,,unknown
3972,12319,35th Av & Grovers Av,SB 35th Av & FS Grovers Av,33.6469460000001,-112.134581,35,4,stop_id,,0,0,,,unknown
3973,11781,35th Av & Kimberly Wy,SB 35th Av & FS Kimberly Wy,33.65741,-112.134663,"35, 27",4,stop_id,,0,0,,,unknown
3974,12340,35th Av & Malapai Dr,SB 35th Av & FS Malapai Dr,33.5748810000001,-112.134346,35,4,stop_id,,0,0,,,unknown
3975,12352,35th Av & Maryland Av,SB 35th Av & FS Maryland Av,33.5308880000001,-112.134381,35,20,stop_id,,0,0,,,unknown
3976,12370,35th Av & McDowell Rd,SB 35th Av & FS McDowell Rd,33.4653890000001,-112.134647,35,100,stop_id,,0,0,,,unknown
3977,12318,35th Av & Michelle Dr,SB 35th Av & FS Michelle Dr,33.6492950000001,-112.134598,35,5,stop_id,,0,0,,,unknown
3978,12356,35th Av & Missouri Av,SB 35th Av & FS Missouri Av,33.516333,-112.134342,35,39,stop_id,,0,0,,,unknown
3979,12355,35th Av & Montebello Av,SB 35th Av & FS Montebello Av,33.5200350000001,-112.134356,35,16,stop_id,,0,0,,,unknown
398,10920,Hatcher Rd & 11th St,EB Hatcher Rd & FS 11th St,33.571291,-112.059635,12,16,stop_id,1,0,0,,,unknown
3980,12362,35th Av & Monterosa St,SB 35th Av & FS Monterosa St,33.49623,-112.134358,35,49,stop_id,,0,0,,,unknown
3981,12349,35th Av & Myrtle Av,SB 35th Av & FS Myrtle Av,33.541726,-112.134439,35,12,stop_id,,0,0,,,unknown
3982,12346,35th Av & Northern Av,SB 35th Av & FS Northern Av,33.552421,-112.134432,35,93,stop_id,,0,0,,,unknown
3983,12351,35th Av & Ocotillo Rd,SB 35th Av & FS Ocotillo Rd,33.5344470000001,-112.134409,35,19,stop_id,,0,0,,,unknown
3984,12348,35th Av & Orangewood Av,SB 35th Av & FS Orangewood Av,33.5454570000001,-112.134421,35,14,stop_id,,0,0,,,unknown
3985,12364,35th Av & Osborn Rd,SB 35th Av & FS Osborn Rd,33.487194,-112.134475,35,43,stop_id,,0,0,,,unknown
3986,12324,35th Av & Paradise Ln,SB 35th Av & FS Paradise Ln,33.6317980000001,-112.133748,35,3,stop_id,,0,0,,,unknown
3987,12338,35th Av & Peoria Av,SB 35th Av & FS Peoria Av,33.5812280000001,-112.134323,35,74,stop_id,,0,0,,,unknown
3988,12329,35th Av & Redfield Rd,SB 35th Av & FS Redfield Rd,33.613392,-112.133905,35,2,stop_id,,0,0,,,unknown
3989,12372,35th Av & Roosevelt St,SB 35th Av & FS Roosevelt St,33.4581140000001,-112.134582,35,38,stop_id,,0,0,,,unknown
399,12717,Indian School Rd & 10th St,EB Indian School Rd & FS 10th St,33.4946170000001,-112.060583,41,15,stop_id,,0,0,,,unknown
3990,12353,35th Av & Rose Ln,SB 35th Av & FS Rose Ln,33.526863,-112.134373,35,20,stop_id,,0,0,,,unknown
3991,12335,35th Av & Sunnyside Av,SB 35th Av & FS Sunnyside Dr,33.5924210000001,-112.134142,35,4,stop_id,,0,0,,,unknown
3992,12332,35th Av & Sweetwater Av,SB 35th Av & FS Sweetwater Av,33.603104,-112.134059,35,11,stop_id,,0,0,,,unknown
3993,12366,35th Av & Thomas Rd,SB 35th Av & FS Thomas Rd,33.480105,-112.134534,35,126,stop_id,,0,0,,,unknown
3994,12330,35th Av & Thunderbird Rd,SB 35th Av & FS Thunderbird Rd,33.6100700000001,-112.134006,35,69,stop_id,,0,0,,,unknown
3995,12325,35th Av & Tierra Buena Ln,SB 35th Av & FS Tierra Buena Ln,33.6284880000001,-112.133784,35,16,stop_id,,0,0,,,unknown
3996,12317,35th Av & Union Hills Dr,SB 35th Av & FS Union Hills Dr,33.6538580000001,-112.134654,35,49,stop_id,,0,0,,,unknown
3997,12374,35th Av & Van Buren St,SB 35th Av & FS Van Buren St,33.4509360000001,-112.134674,35,106,stop_id,,0,0,,,unknown
3998,11780,35th Av & Yorkshire Dr,SB 35th Av & FS Yorkshire Dr,33.6614750000001,-112.134699,"35, 27",8,stop_id,,0,0,,,unknown
3999,12361,35th Av & Glenrosa Av,SB 35th Av & FS Glenrosa Av,33.498188,-112.134352,35,25,stop_id,,0,0,,,unknown
4,10069,Sunnyslope TC,Sunnyslope TC (Bay 6 south side),33.5670190000001,-112.068912,90,,unmatched,,0,0,,,unknown
40,14934,Baseline Rd & 16th St,EB Baseline Rd & FS 16th St,33.3775620000001,-112.046792,77,46,stop_id,,0,0,,,unknown
400,12718,Indian School Rd & 12th St,EB Indian School Rd & FS 12th St,33.494581,-112.055717,41,52,stop_id,,0,0,,,unknown
4000,12369,35th Av & Palm Ln,SB 35th Av & NS Palm Ln,33.4699170000001,-112.134555,35,17,stop_id,,0,0,,,unknown
40001,50000,Virginia Av & 65th Av (Flag Zone),WB Virginia Av & FS 65th Av (Flag Zone),33.4768060000001,-112.199685,MARY,,unmatched,,0,,,,unknown
40002,50001,Osborn Rd & 63rd Av (Flag Zone),EB Osborn Rd & FS 63rd Av (Flag Zone),33.4875930000001,-112.194733,MARY,,unmatched,,0,,,,unknown
40003,50002,Campbell Av & 63rd Av (Flag Zone),WB Campbell Av & NS 63rd Av (Flag Zone),33.502219,-112.194674,MARY,,unmatched,,0,,,,unknown
40004,50003,Campbell Av & 59th Av (Flag Zone),WB Campbell Av & NS 59th Av (Flag Zone),33.502329,-112.18609,MARY,,unmatched,,0,,,,unknown
40005,50004,Campbell Av & 55th Av (Flag Zone),WB Campbell Av & NS 55th Av (Flag Zone),33.5023390000001,-112.177276,MARY,,unmatched,,0,,,,unknown
40006,50005,Campbell Av & Maryvale Pk (Flag Zone),WB Campbell Av & NS Maryvale Pk (Flag Zone),33.5022300000001,-112.172187,MARY,,unmatched,,0,,,,unknown
40007,50006,Campbell Av & 67th Av (Flag Zone),EB Campbell Av & FS 67th Av (Flag Zone),33.50199,-112.20272,MARY,,unmatched,,0,,,,unknown
40008,50007,Osborn Rd & 47th Av (Flag Zone),WB Osborn Rd & FS 47th Av (Flag Zone),33.4877990000001,-112.160598,MARY,,unmatched,,0,,,,unknown
40009,50008,47th Av & Thomas Rd (Flag Zone),SB 47th Av & FS Thomas Rd (Flag Zone),33.48087,-112.159974,MARY,,unmatched,,0,,,,unknown
4001,12371,35th Av & Moreland St,SB 35th Av & NS Moreland St,33.461616,-112.134639,35,3,stop_id,,0,0,,,unknown
40010,50009,48th Ln & Thomas Rd (Flag Zone),SB 48th Ln & NS Thomas Rd (Flag Zone),33.48011,-112.161783,MARY,,unmatched,,0,,,,unknown
40011,50010,Holly St & 48th Ln (Flag Zone),EB Holly St & NS 48th Ln (Flag Zone),33.4707110000001,-112.165663,MARY,,unmatched,,0,,,,unknown
40012,50011,Holly St & 51st Av (Flag Zone),EB Holly St & FS 51st Av (Flag Zone),33.4707900000001,-112.168575,MARY,,unmatched,,0,,,,unknown
40014,50013,Encanto Bl & 55th Av (Flag Zone),EB Encanto Bl & FS 55th Av (Flag Zone),33.4731810000001,-112.177583,MARY,,unmatched,,0,,,,unknown
40015,50014,Encanto Bl & 59th Av (Flag Zone),EB Encanto Bl & FS 59th Av (Flag Zone),33.4732020000001,-112.185978,MARY,,unmatched,,0,,,,unknown
40016,50015,Encanto Bl & 64th Dr (Flag Zone),EB Encanto Bl & FS 64th Dr (Flag Zone),33.473098,-112.197679,MARY,,unmatched,,0,,,,unknown
40017,50016,Encanto Bl & 67th Av (Flag Zone),EB Encanto Bl & FS 67th Av (Flag Zone),33.4730430000001,-112.202993,MARY,,unmatched,,0,,,,unknown
40018,50017,Encanto Bl & 71st Av (Flag Zone),EB Encanto Bl & FS 71st Av (Flag Zone),33.472947,-112.211528,MARY,,unmatched,,0,,,,unknown
40019,50018,Encanto Bl & 7515 West (Flag Zone),EB Encanto Bl & At 7515 West (Flag Zone),33.472815,-112.222575,MARY,,unmatched,,0,,,,unknown
4002,12331,35th Av & Joan De Arc Av,SB 35th Av & FS Joan De Arc Av,33.606883,-112.134,35,11,stop_id,,0,0,,,unknown
40020,50019,Encanto Bl & 8100 West (Flag Zone),EB Encanto Bl & AT 8100 West (Flag Zone),33.4725510000001,-112.234736,MARY,,unmatched,,0,,,,unknown
40021,50020,Encanto Bl & 83rd Av (Flag Zone),EB Encanto Bl & FS 83rd Av (Flag Zone),33.472496,-112.237461,MARY,,unmatched,,0,,,,unknown
40022,50021,Encanto Bl & 86th Dr (Flag Zone),EB Encanto Bl & FS 86th Dr (Flag Zone),33.4714750000001,-112.243491,MARY,,unmatched,,0,,,,unknown
40023,50022,Encanto Bl & 89th Av (Flag Zone),EB Encanto Bl & FS 89th Av (Flag Zone),33.472362,-112.250441,MARY,,unmatched,,0,,,,unknown
40024,50023,Osborn Rd & 91st Av (Flag Zone),EB Osborn Rd & FS 91st Av (Flag Zone),33.4869100000001,-112.254848,MARY,,unmatched,,0,,,,unknown
40025,50024,Osborn Rd & 87th Av (Flag Zone),WB Osborn Rd & FS 87th Av (Flag Zone),33.4870690000001,-112.246742,MARY,,unmatched,,0,,,,unknown
40026,50025,Osborn Rd & 86th Av (Flag Zone),WB Osborn Rd & FS 86th Av (Flag Zone),33.4870950000001,-112.24381,MARY,,unmatched,,0,,,,unknown
40027,50026,Osborn Rd & 83rd Av (Flag Zone),WB Osborn Rd & FS 83rd Av (Flag Zone),33.487129,-112.238282,MARY,,unmatched,,0,,,,unknown
40028,50027,79th Dr & Osborn Rd (Flag Zone),SB 79th Dr & NS Osborn Rd (Flag Zone),33.487382,-112.232772,MARY,,unmatched,,0,,,,unknown
40029,50028,79th Dr & Indian School Rd (Flag Zone),SB 79th Dr & FS Indian School Rd (Flag Zone),33.494182,-112.229662,MARY,,unmatched,,0,,,,unknown
4003,12337,35th Av & Mescal St,SB 35th Av & FS Mescal St,33.5857820000001,-112.134211,35,3,stop_id,,0,0,,,unknown
40030,50029,Sells Dr & 77th Av (Flag Zone),WB Sells Dr & FS 77th Av (Flag Zone),33.5007840000001,-112.226426,MARY,,unmatched,,0,,,,unknown
40031,50030,Sells Dr & 75th Av (Flag Zone),WB Sells Dr & FS 75th Av (Flag Zone),33.501881,-112.221229,MARY,,unmatched,,0,,,,unknown
40032,50031,Virginia Av & 65th Av (Flag Zone),EB Virginia Av & FS 65th Av (Flag Zone),33.476709,-112.199246,MARY,,unmatched,,0,,,,unknown
40033,50032,63rd Av & Thomas Rd (Flag Zone),SB 63rd Av & FS Thomas Rd (Flag Zone),33.479966,-112.195153,MARY,,unmatched,,0,,,,unknown
40034,50033,Osborn Rd & 59th Av (Flag Zone),WB Osborn Rd & FS 59th Av (Flag Zone),33.4878670000001,-112.18685,MARY,,unmatched,,0,,,,unknown
416,12738,Indian School Rd & 52nd St,EB Indian School Rd & FS 52nd St,33.4914220000001,-111.968693,41,0,stop_id,,0,0,,,unknown
4162,18975,56th St & Thomas Rd,SB 56th St & FS Thomas Rd,33.4797980000001,-111.961034,29,,unmatched,,,,,,unknown
4167,13791,59th Av & Glenrosa Av,SB 59th Av & FS Glenrosa Av,33.498316,-112.186561,"59s, 59",1,stop_id,,0,0,,,unknown
417,12739,Indian School Rd & 56th St,EB Indian School Rd & FS 56th St,33.4889610000001,-111.959875,41,4,stop_id,,0,0,,,unknown
301,17146,Chandler Bl & 44th St,EB Chandler Bl & FS 44th St,33.305097,-111.988517,ALEX,0,stop_id,,0,0,,,unknown
4170,13801,59th Av & Belleview St,SB 59th Av & NS Belleview St,33.4619010000001,-112.186612,"MARY, 59s, 59",0,stop_id,,0,0,,,unknown
4171,13788,59th Av & Camelback Rd,SB 59th Av & FS Camelback Rd,33.508833,-112.186507,"59s, 59",50,stop_id,,0,0,,,unknown
4173,13789,59th Av & Highland Av,SB 59th Av & FS Highland Av,33.505659,-112.186488,"59s, 59",8,stop_id,,0,0,,,unknown
4175,13799,59th Av & Palm Ln,SB 59th Av & FS Palm Ln,33.4689220000001,-112.186523,"MARY, 59s, 59",1,stop_id,,0,0,,,unknown
4176,13797,59th Av & Virginia Av,SB 59th Av & FS Virginia Av,33.4758610000001,-112.186507,"59s, 59",1,stop_id,,0,0,,,unknown
4183,13790,59th Av & Campbell Av,SB 59th Av & FS Campbell Av,33.5018700000001,-112.18652,"59s, 59",3,stop_id,,0,0,,,unknown
4186,13795,59th Av & Earll Dr,SB 59th Av & FS Earll Dr,33.4840750000001,-112.186523,"MARY, 59s, 59",3,stop_id,,0,0,,,unknown
4187,13803,59th Av & Fillmore St,SB 59th Av & FS Fillmore St,33.454669,-112.186622,"59s, 59",0,stop_id,,0,0,,,unknown
4194,13792,59th Av & Indian School Rd,SB 59th Av & FS Indian School Rd,33.494584,-112.186593,"59s, 59, 41",38,stop_id,,0,0,,,unknown
4198,13800,59th Av & McDowell Rd,SB 59th Av & FS McDowell Rd,33.465474,-112.186603,"MARY, 59s, 59",4,stop_id,,0,0,,,unknown
42,14930,Baseline Rd & 7th St,EB Baseline Rd & FS 7th St,33.3776070000001,-112.064093,77,48,stop_id,,0,0,,,unknown
4208,13794,59th Av & Osborn Rd,SB 59th Av & FS Osborn Rd,33.4873240000001,-112.186522,"MARY, 59s, 59",11,stop_id,,0,0,,,unknown
4211,13802,59th Av & Roosevelt St,SB 59th Av & FS Roosevelt St,33.458313,-112.186596,"MARY, 59s, 59",0,stop_id,,0,0,,,unknown
4215,13796,59th Av & Thomas Rd,SB 59th Av & FS Thomas Rd,33.4801390000001,-112.186504,"59s, 59",23,stop_id,,0,0,,,unknown
4217,13804,59th Av & Van Buren St,SB 59th Av & FS Van Buren St,33.450854,-112.186642,59,1,stop_id,,0,0,,,unknown
422,18032,Indian School Rd & 7th St,EB Indian School Rd & FS 7th St,33.494622,-112.064447,41,78,stop_id,,0,0,,,unknown
4225,13798,59th Av & Encanto Bl,SB 59th Av & NS Encanto Bl,33.473577,-112.186515,"59s, 59",2,stop_id,,0,0,,,unknown
4228,14408,67th Av & Fillmore St,SB 67th Av & FS Fillmore St,33.4548510000001,-112.203545,67,2,stop_id,,0,0,,,unknown
4230,14407,67th Av & Roosevelt St,SB 67th Av & FS Roosevelt St,33.458375,-112.203529,67,4,stop_id,,0,0,,,unknown
4236,13445,67th Av & Camelback Rd,SB 67th Av & FS Camelback Rd,33.5088500000001,-112.203311,"67, 50",69,stop_id,,0,0,,,unknown
4239,11411,67th Av & Clarendon Av,SB 67th Av & FS Clarendon Av,33.490887,-112.203349,"MARY, 67",15,stop_id,,0,0,,,unknown
424,12714,Indian School Rd & Central Av,EB Indian School Rd & FS Central Av,33.4946330000001,-112.073074,41,270,stop_id,,0,0,,,unknown
4241,11416,67th Av & Encanto Bl,SB 67th Av & FS Encanto Bl,33.4726170000001,-112.20346,67,7,stop_id,,0,0,,,unknown
4245,14404,67th Av & Heatherbrae Dr,SB 67th Av & FS Heatherbrae Dr,33.49812,-112.203328,"MARY, 67",5,stop_id,,0,0,,,unknown
4246,13446,67th Av & Highland Av,SB 67th Av & FS Highland Av,33.5058950000001,-112.203292,67,12,stop_id,,0,0,,,unknown
4247,11410,67th Av & Indian School Rd,SB 67th Av & FS Indian School Rd,33.494198,-112.203403,"MARY, 67",67,stop_id,,0,0,,,unknown
4250,14406,67th Av & McDowell Rd,SB 67th Av & FS McDowell Rd,33.465174,-112.203578,67,33,stop_id,,0,0,,,unknown
4260,11412,67th Av & Osborn Rd,SB 67th Av & FS Osborn Rd,33.487157,-112.203362,67,6,stop_id,,0,0,,,unknown
4261,14405,67th Av & Palm Ln,SB 67th Av & FS Palm Ln,33.469841,-112.203473,67,1,stop_id,,0,0,,,unknown
4264,14403,67th Av & Roma Av,SB 67th Av & FS Roma Av,33.5012070000001,-112.203314,"MARY, 67",9,stop_id,,0,0,,,unknown
4267,11414,67th Av & Thomas Rd,SB 67th Av & FS Thomas Rd,33.479837,-112.203434,"MARY, 67",35,stop_id,,0,0,,,unknown
4269,14409,67th Av & Van Buren St,SB 67th Av & FS Van Buren St,33.451238,-112.203609,67,17,stop_id,,0,0,,,unknown
4270,11415,67th Av & Virginia Av,SB 67th Av & FS Virginia Av,33.4763560000001,-112.203436,67,2,stop_id,,0,0,,,unknown
4271,11413,67th Av & Earll Dr,SB 67th Av & FS Earll Dr,33.483735,-112.203376,67,4,stop_id,,0,0,,,unknown
4287,17318,75th Av & Cheery Lynn Rd,SB 75th Av & FS Cheery Lynn Rd,33.484274,-112.220698,"MARY, 75",4,stop_id,,0,0,,,unknown
4288,11311,75th Av & Encanto Bl,SB 75th Av & FS Encanto Bl,33.4723920000001,-112.220947,75,5,stop_id,,0,0,,,unknown
4289,11312,75th Av & Palm Ln,SB 75th Av & FS Palm Ln,33.4690210000001,-112.220836,75,7,stop_id,,0,0,,,unknown
429,12719,Indian School Rd & 14th St,EB Indian School Rd & FS 14th St,33.494607,-112.052289,41,5,stop_id,,0,0,,,unknown
4292,11310,75th Av & Virginia Av,SB 75th Av & FS Virginia Av,33.476033,-112.220898,75,9,stop_id,,0,0,,,unknown
4297,10713,7th Av & Bethany Home Rd,SB 7th Av & FS Bethany Home Rd,33.523514,-112.082546,8,15,stop_id,,0,0,,,unknown
4298,10703,7th Av & Butler Dr,SB 7th Av & FS Butler Dr,33.5598900000001,-112.082667,8,2,stop_id,,0,0,,,unknown
4299,10717,7th Av & Camelback Rd,SB 7th Av & FS Camelback Rd,33.5088670000001,-112.082622,8,119,stop_id,,0,0,,,unknown
430,12733,Indian School Rd & 42nd St,EB Indian School Rd & FS 42nd St,33.4948830000001,-111.990824,41,4,stop_id,,0,0,,,unknown
4300,10719,7th Av & Campbell Av,SB 7th Av & FS Campbell Av,33.5018680000001,-112.082556,8,18,stop_id,,0,0,,,unknown
4301,10722,7th Av & Clarendon Av,SB 7th Av & FS Clarendon Av,33.490395,-112.083425,8,4,stop_id,,0,0,,,unknown
4302,10716,7th Av & Colter St,SB 7th Av & FS Colter St,33.5126990000001,-112.082595,8,5,stop_id,,0,0,,,unknown
4303,15279,7th Av & Dunlap Av,SB 7th Av & FS Dunlap Av,33.5672070000001,-112.082649,8,31,stop_id,,0,0,,,unknown
4304,10718,7th Av & Elm St,SB 7th Av & FS Elm St,33.5062760000001,-112.082589,8,15,stop_id,,0,0,,,unknown
4305,10727,7th Av & Encanto Bl,SB 7th Av & FS Encanto Bl,33.4727130000001,-112.082949,8,0,stop_id,,0,0,,,unknown
4306,10706,7th Av & Frier Dr,SB 7th Av & FS Frier Dr,33.5487160000001,-112.08267,8,1,stop_id,,0,0,,,unknown
4307,10709,7th Av & Glendale Av,SB 7th Av & FS Glendale Av,33.5377350000001,-112.082557,8,19,stop_id,,0,0,,,unknown
4308,10721,7th Av & Indian School Rd,SB 7th Av & FS Indian School Rd,33.494264,-112.08356,8,90,stop_id,,0,0,,,unknown
4309,10711,7th Av & Maryland Av,SB 7th Av & FS Maryland Av,33.530759,-112.082544,8,9,stop_id,,0,0,,,unknown
431,12735,Indian School Rd & 45th Pl,EB Indian School Rd & FS 45th Pl,33.4946180000001,-111.981934,41,7,stop_id,,0,0,,,unknown
4310,10729,7th Av & McDowell Rd,SB 7th Av & FS McDowell Rd,33.4651260000001,-112.082777,8,42,stop_id,,0,0,,,unknown
4311,10715,7th Av & Missouri Av,SB 7th Av & FS Missouri Av,33.515947,-112.0826,8,6,stop_id,,0,0,,,unknown
4312,10708,7th Av & Myrtle Av,SB 7th Av & FS Myrtle Av,33.5417120000001,-112.082594,8,3,stop_id,,0,0,,,unknown
4313,10705,7th Av & Northern Av,SB 7th Av & FS Northern Av,33.552533,-112.082705,8,16,stop_id,,0,0,,,unknown
4314,10710,7th Av & Ocotillo Rd,SB 7th Av & FS Ocotillo Rd,33.5343950000001,-112.08255,8,1,stop_id,,0,0,,,unknown
4315,10723,7th Av & Osborn Rd,SB 7th Av & FS Osborn Rd,33.487131,-112.083353,8,55,stop_id,,0,0,,,unknown
4316,10712,7th Av & Rose Ln,SB 7th Av & FS Rose Ln,33.5271900000001,-112.082542,8,2,stop_id,,0,0,,,unknown
4317,10714,7th Av & Solano Dr,SB 7th Av & FS Solano Dr,33.520515,-112.082546,8,4,stop_id,,0,0,,,unknown
4318,10725,7th Av & Thomas Rd,SB 7th Av & FS Thomas Rd,33.479226,-112.083109,8,43,stop_id,,0,0,,,unknown
4319,15291,7th Av & Glenrosa Av,SB 7th Av & FS Glenrosa Av,33.498121,-112.083534,8,9,stop_id,,0,0,,,unknown
4320,10732,7th Av & McKinley St,SB 7th Av & FS McKinley St,33.456511,-112.08275,8,6,stop_id,,0,0,,,unknown
4321,10731,7th Av & Roosevelt St,SB 7th Av & FS Roosevelt St,33.4583430000001,-112.082703,8,3,stop_id,,0,0,,,unknown
4322,10707,7th Av & Vista Av,SB 7th Av & FS Vista Av,33.5458850000001,-112.082635,8,1,stop_id,,0,0,,,unknown
4323,10730,7th Av & Willetta St,SB 7th Av & FS Willetta St,33.463148,-112.08286,8,1,stop_id,,0,0,,,unknown
4324,10702,7th Av & Why Worry Ln,SB 7th Av & FS Why Worry Ln,33.5629980000001,-112.08266,8,2,stop_id,,0,0,,,unknown
4325,10704,7th Av & El Camino Dr,SB 7th Av & FS El Camino Dr,33.5566630000001,-112.082688,8,1,stop_id,,0,0,,,unknown
4326,10724,7th Av & Earll Dr,SB 7th Av & NS Earll Dr,33.484202,-112.083249,8,14,stop_id,,0,0,,,unknown
4327,10726,7th Av & Virginia Av,SB 7th Av & FS Virginia Av,33.4761560000001,-112.08303,8,1,stop_id,,0,0,,,unknown
4328,10563,7th St & Acoma Dr,SB 7th St & FS Acoma Dr,33.618569,-112.065553,7,1,stop_id,,0,0,,,unknown
4329,15188,7th St & 16220 North,SB 7th St & AT 16220 North,33.6352180000001,-112.065669,7,20,stop_id,,0,0,,,unknown
433,12721,Indian School Rd & 18th Pl,EB Indian School Rd & FS 18th Pl,33.494624,-112.042012,41,2,stop_id,,0,0,,,unknown
4330,10569,7th St & Cheryl Dr,SB 7th St & FS Cheryl Dr,33.578423,-112.065266,7,11,stop_id,,0,0,,,unknown
4331,10589,7th St & Highland Av,SB 7th St & FS Highland Av,33.5053380000001,-112.065151,7,10,stop_id,,0,0,,,unknown
4332,10565,7th St & Roberts Rd,SB 7th St & FS Roberts Rd,33.6109430000001,-112.065557,7,4,stop_id,,0,0,,,unknown
4334,10590,7th St & Roma Av,SB 7th St & NS Roma Av,33.50156,-112.06515,7,12,stop_id,,0,0,,,unknown
4335,10591,7th St & Devonshire Av,SB 7th St & NS Devonshire Av,33.49769,-112.065157,7,22,stop_id,,0,0,,,unknown
4336,10573,7th St & Alice Av,SB 7th St & FS Alice Av,33.5638430000001,-112.06538,7,22,stop_id,,0,0,,,unknown
4337,10557,7th St & Bell Rd,SB 7th St & FS Bell Rd,33.639712,-112.06573,7,145,stop_id,,0,0,,,unknown
4338,10577,7th St & Belmont Av,SB 7th St & FS Belmont Av,33.548102,-112.065293,7,3,stop_id,,0,0,,,unknown
4339,14903,7th St & Bethany Home Rd,SB 7th St & FS Bethany Home Rd,33.523337,-112.065131,7,61,stop_id,,0,,,,unknown
434,12737,Indian School Rd & 50th St,EB Indian School Rd & NS 50th St,33.4936290000001,-111.973184,41,0,stop_id,,0,0,,,unknown
4340,10574,7th St & Butler Dr,SB 7th St & FS Butler Dr,33.5601760000001,-112.065404,7,9,stop_id,,0,0,,,unknown
4341,10588,7th St & Camelback Rd,SB 7th St & FS Camelback Rd,33.5088500000001,-112.06513,7,70,stop_id,,0,0,,,unknown
4342,10587,7th St & Colter St,SB 7th St & FS Colter St,33.512392,-112.065125,7,29,stop_id,,0,0,,,unknown
4343,10561,7th St & Coral Gables Dr,SB 7th St & FS Coral Gables Dr,33.625364,-112.06561,7,6,stop_id,,0,0,,,unknown
4345,10562,7th St & Country Gables Dr,SB 7th St & FS Country Gables Dr,33.6221100000001,-112.065602,7,2,stop_id,,0,0,,,unknown
4346,10572,7th St & Dunlap Av,SB 7th St & FS Dunlap Av,33.567306,-112.065423,7,55,stop_id,,0,0,,,unknown
4347,10596,7th St & Earll Dr,SB 7th St & FS Earll Dr,33.4832670000001,-112.065193,7,6,stop_id,,0,0,,,unknown
4348,10580,7th St & Glendale Av,SB 7th St & FS Glendale Av,33.5377700000001,-112.06519,7,43,stop_id,,0,0,,,unknown
4349,10555,7th St & Grovers Av,SB 7th St & FS Grovers Av,33.647074,-112.065714,7,19,stop_id,,0,0,,,unknown
4350,10571,7th St & Hatcher Rd,SB 7th St & FS Hatcher Rd,33.571151,-112.065325,7,41,stop_id,,0,0,,,unknown
4352,10556,7th St & Helena Dr,SB 7th St & FS Helena Dr,33.643969,-112.065721,7,12,stop_id,,0,0,,,unknown
4353,10593,7th St & 4100 North,SB 7th St & AT 4100 North,33.494271,-112.065177,7,61,stop_id,,0,0,,,unknown
4354,10582,7th St & Maryland Av,SB 7th St & FS Maryland Av,33.530629,-112.06515,7,19,stop_id,,0,0,,,unknown
4355,10601,7th St & McDowell Rd,SB 7th St & FS McDowell Rd,33.4653480000001,-112.065288,7,71,stop_id,,0,0,,,unknown
4357,10586,7th St & Missouri Av,SB 7th St & FS Missouri Av,33.5160450000001,-112.065147,7,36,stop_id,,0,0,,,unknown
4358,10585,7th St & Montebello Av,SB 7th St & FS Montebello Av,33.5196480000001,-112.06512,7,13,stop_id,,0,0,,,unknown
4359,10570,7th St & Mountain View Rd,SB 7th St & FS Mountain View Rd,33.574693,-112.065296,7,26,stop_id,,0,0,,,unknown
4360,10579,7th St & Nicolet Av,SB 7th St & FS Nicolet Av,33.5421160000001,-112.065233,7,2,stop_id,,0,0,,,unknown
4361,18360,7th St & Northern Av,SB 7th St & FS Northern Av,33.5522490000001,-112.06534,7,25,stop_id,,0,0,,,unknown
4362,15196,7th St & Oak St,SB 7th St & FS Oak St,33.4727760000001,-112.065231,7,22,stop_id,,0,0,,,unknown
4363,14863,7th St & Ocotillo Rd,SB 7th St & FS Ocotillo Rd,33.5340610000001,-112.065161,7,4,stop_id,,0,0,,,unknown
4364,10578,7th St & Orangewood Av,SB 7th St & FS Orangewood Av,33.5450920000001,-112.065265,7,1,stop_id,,0,0,,,unknown
4365,10595,7th St & Osborn Rd,SB 7th St & FS Osborn Rd,33.4868710000001,-112.065186,7,12,stop_id,,0,0,,,unknown
4366,10600,7th St & Palm Ln,SB 7th St & FS Palm Ln,33.4687690000001,-112.065234,7,5,stop_id,,0,0,,,unknown
4367,10559,7th St & Paradise Ln,SB 7th St & FS Paradise Ln,33.6325160000001,-112.065645,7,5,stop_id,,0,0,,,unknown
4368,10568,7th St & Peoria Av,SB 7th St & FS Peoria Av,33.5812550000001,-112.065271,7,0,stop_id,,0,0,,,unknown
4370,10603,7th St & Roosevelt St,SB 7th St & FS Roosevelt St,33.4581220000001,-112.065419,7,16,stop_id,,0,0,,,unknown
4371,10583,7th St & Rose Ln,SB 7th St & FS Rose Ln,33.526799,-112.06513,7,25,stop_id,,0,0,,,unknown
4372,10597,7th St & Thomas Rd,SB 7th St & FS Thomas Rd,33.4798030000001,-112.065235,7,77,stop_id,,0,0,,,unknown
4373,18165,7th St & Thunderbird Rd,SB 7th St & FS Thunderbird Rd,33.60722,-112.065325,7,61,stop_id,,0,0,,,unknown
4374,10560,7th St & Tierra Buena Ln,SB 7th St & FS Tierra Buena Ln,33.6290550000001,-112.06565,7,3,stop_id,,0,0,,,unknown
4376,10215,7th St & Van Buren St,SB 7th St & FS Van Buren St,33.4508470000001,-112.065311,"7, 1",40,stop_id,,0,0,,,unknown
4377,10552,7th St & Virginia Av,SB 7th St & FS Virginia Av,33.4760610000001,-112.065214,7,18,stop_id,,0,0,,,unknown
4378,10567,7th St & Tapatio Cliffs Dr,SB 7th St & FS Tapatio Cliffs Dr,33.5949860000001,-112.065958,7,10,stop_id,,0,0,,,unknown
4379,10594,7th St & Weldon Av,SB 7th St & NS Weldon Av,33.49069,-112.06517,7,7,stop_id,,0,0,,,unknown
4380,10592,7th St & Indian School Rd,SB 7th St & NS Indian School Rd,33.495847,-112.065159,7,19,stop_id,,0,0,,,unknown
4382,10564,7th St & Hearn Rd,SB 7th St & FS Hearn Rd,33.6145470000001,-112.065558,7,4,stop_id,,0,0,,,unknown
4383,10575,7th St & Griswold Rd,SB 7th St & NS Griswold Rd,33.556924,-112.065374,7,1,stop_id,,0,0,,,unknown
4388,17300,83rd Av & Encanto Bl,SB 83rd Av & FS Encanto Bl,33.4720560000001,-112.238061,83,2,stop_id,,0,0,,,unknown
4389,12669,83rd Av & Indian School Rd,SB 83rd Av & FS Indian School Rd,33.493564,-112.237945,"83, 41",43,stop_id,,0,0,,,unknown
4390,12671,83rd Av & Osborn Rd,SB 83rd Av & FS Osborn Rd,33.4866430000001,-112.237903,83,4,stop_id,,0,0,,,unknown
4392,18365,83rd Av & Palm Ln,SB 83rd Av & FS Palm Ln,33.4685470000001,-112.238061,83,1,stop_id,,0,0,,,unknown
4394,12674,83rd Av & Thomas Rd,SB 83rd Av & FS Thomas Rd,33.4793040000001,-112.238005,83,10,stop_id,,0,0,,,unknown
4395,18364,83rd Av & Virginia Av,SB 83rd Av & FS Virginia Av,33.475808,-112.237986,83,3,stop_id,,0,0,,,unknown
4396,12670,83rd Av & Fairmount Av,SB 83rd Av & NS Fairmount Av,33.490616,-112.237908,83,8,stop_id,,0,0,,,unknown
440,10219,Jefferson St & 11th St,EB Jefferson St & FS 11th St,33.44705,-112.05855,1,2,stop_id,,0,0,,,unknown
441,10220,Jefferson St & 12th St,EB Jefferson St & FS 12th St,33.4470680000001,-112.055842,"SR51, SME, 12, 1",19,stop_id,,0,0,,,unknown
442,10221,Jefferson St & 14th St,EB Jefferson St & FS 14th St,33.4470900000001,-112.051681,1,2,stop_id,,0,0,,,unknown
444,10224,Jefferson St & 18th St,EB Jefferson St & FS 18th St,33.44712,-112.042687,1,1,stop_id,,0,0,,,unknown
445,10226,Jefferson St & 22nd St,EB Jefferson St & FS 22nd St,33.4471580000001,-112.034176,1,1,stop_id,,0,0,,,unknown
4458,11815,I-17 Fwy & Dunlap Av,SB I-17 Fwy & FS Dunlap Av,33.56681,-112.117763,27,24,stop_id,,0,0,,,unknown
446,10227,Jefferson St & 24th St,EB Jefferson St & FS 24th St,33.447034,-112.029396,1,13,stop_id,,0,0,,,unknown
4460,15300,Cave Creek Rd & Angela Dr,SB Cave Creek Rd & FS Angela Dr,33.6447450000001,-112.030984,90,6,stop_id,,0,0,,,unknown
4461,15301,Cave Creek Rd & Bell Rd,SB Cave Creek Rd & FS Bell Rd,33.6400570000001,-112.031057,90,124,stop_id,,0,0,,,unknown
4462,15319,Cave Creek Rd & Cheryl Dr,SB Cave Creek Rd & FS Cheryl Dr,33.57804,-112.054364,90,11,stop_id,,0,0,,,unknown
4463,15307,Cave Creek Rd & Claire Dr,SB Cave Creek Rd & FS Claire Dr,33.620057,-112.030784,90,7,stop_id,,0,0,,,unknown
4464,15317,Cave Creek Rd & Desert Cove Av,SB Cave Creek Rd & FS Desert Cove Av,33.585162,-112.050035,90,15,stop_id,,0,0,,,unknown
4465,15310,Cave Creek Rd & Eugie Ter,SB Cave Creek Rd & FS Eugie Ter,33.608847,-112.036364,90,7,stop_id,,0,0,,,unknown
4466,15305,Cave Creek Rd & Greenway Rd,SB Cave Creek Rd & FS Greenway Rd,33.6258510000001,-112.030858,90,68,stop_id,,0,0,,,unknown
4467,15299,Cave Creek Rd & Grovers Av,SB Cave Creek Rd & FS Grovers Av,33.6473050000001,-112.030982,90,16,stop_id,,0,0,,,unknown
4468,15323,Cave Creek Rd & Hatcher Rd,SB Cave Creek Rd & FS Hatcher Rd,33.570907,-112.061284,90,25,stop_id,,0,0,,,unknown
4469,15308,Cave Creek Rd & Hearn Rd,SB Cave Creek Rd & FS Hearn Rd,33.6138340000001,-112.035104,90,8,stop_id,,0,0,,,unknown
4470,15304,Cave Creek Rd & Greenway Pkwy,SB Cave Creek Rd & FS Greenway Pkwy,33.6312780000001,-112.030938,90,30,stop_id,,0,0,,,unknown
4471,15321,Cave Creek Rd & Mountain View Rd,SB Cave Creek Rd & FS Mountain View Rd,33.574417,-112.058306,90,11,stop_id,,0,0,,,unknown
4472,15306,Cave Creek Rd & Nisbet Rd,SB Cave Creek Rd & FS Nisbet Rd,33.6227030000001,-112.030846,90,9,stop_id,,0,0,,,unknown
4473,15303,Cave Creek Rd & Paradise Ln,SB Cave Creek Rd & FS Paradise Ln,33.632824,-112.030955,90,15,stop_id,,0,0,,,unknown
4474,15318,Cave Creek Rd & Peoria Av,SB Cave Creek Rd & FS Peoria Av,33.581714,-112.052313,90,21,stop_id,,0,0,,,unknown
4475,15302,Cave Creek Rd & Sandra Ter,SB Cave Creek Rd & FS Sandra Ter,33.6348300000001,-112.030934,90,15,stop_id,,0,0,,,unknown
4476,15316,Cave Creek Rd & Shangri La Rd,SB Cave Creek Rd & FS Shangri La Rd,33.5871990000001,-112.048698,90,2,stop_id,,0,0,,,unknown
4477,15309,Cave Creek Rd & Sharon Dr,SB Cave Creek Rd & FS Sharon Dr,33.610887,-112.036032,90,5,stop_id,,0,0,,,unknown
4478,15311,Cave Creek Rd & Sweetwater Av,SB Cave Creek Rd & FS Sweetwater Av,33.60339,-112.036965,90,32,stop_id,,0,0,,,unknown
4480,18062,Cave Creek Rd & Thunderbird Rd,SB Cave Creek Rd & FS Thunderbird Rd,33.596483,-112.038437,90,48,stop_id,,0,0,,,unknown
4481,15297,Cave Creek Rd & Union Hills Dr,SB Cave Creek Rd & FS Union Hills Dr,33.654614,-112.031068,90,41,stop_id,,0,0,,,unknown
4482,15315,Cave Creek Rd & 16th Pl,SB Cave Creek Rd & FS 16th Pl,33.589574,-112.046719,90,3,stop_id,,0,0,,,unknown
4483,15324,Cave Creek Rd & 8th St,SB Cave Creek Rd & FS 8th St,33.5698410000001,-112.062805,90,2,stop_id,,0,0,,,unknown
4485,18394,Cave Creek Rd & Michigan Av,SB Cave Creek Rd & FS Michigan Av,33.650989,-112.030992,90,16,stop_id,,0,0,,,unknown
4488,15320,Cave Creek Rd & Cinnabar Av,SB Cave Creek Rd & NS Cinnabar Av,33.577253,-112.055513,90,4,stop_id,,0,0,,,unknown
4489,15314,Cave Creek Rd & 18th St,SB Cave Creek Rd & NS 18th St,33.5917000000001,-112.043202,90,2,stop_id,,0,0,,,unknown
449,10217,Jefferson St & 7th St,EB Jefferson St & FS 7th St,33.447052,-112.064595,"SR51, SME, 1",11,stop_id,,0,0,,,unknown
450,10218,Jefferson St & 9th St,EB Jefferson St & FS 9th St,33.4470470000001,-112.061619,1,5,stop_id,,0,0,,,unknown
4503,10121,Central Av & Alice Av,SB Central Av & FS Alice Av,33.563616,-112.074042,0,21,stop_id,,0,0,,,unknown
4504,10147,Central Av & Earll Dr,SB Central Av & FS Earll Dr,33.4834060000001,-112.073969,0,7,stop_id,,0,0,,,unknown
4505,10127,Central Av & Myrtle Av,SB Central Av & FS Myrtle Av,33.541906,-112.073884,0,1,stop_id,,0,0,,,unknown
4507,10132,Central Av & Bethany Home Rd,SB Central Av & FS Bethany Home Rd,33.5233930000001,-112.073845,0,18,stop_id,,0,0,,,unknown
4508,18040,Central Av & Camelback Rd,SB Central Av & FS Camelback Rd,33.508857,-112.073912,0,64,stop_id,,0,0,,,unknown
4509,10141,Central Av & Campbell Av,SB Central Av & FS Campbell Av,33.50147,-112.073948,0,48,stop_id,,0,0,,,unknown
4511,18097,Central Av & Clarendon Av,SB Central Av & FS Clarendon Av,33.491679,-112.073966,0,17,stop_id,,0,0,,,unknown
4512,10136,Central Av & Colter St,SB Central Av & FS Colter St,33.512576,-112.073877,0,5,stop_id,,0,0,,,unknown
4513,10145,Central Av & Columbus Av,SB Central Av & FS Columbus Av,33.489179,-112.07395,0,8,stop_id,,0,0,,,unknown
4515,17037,Central Av & Dunlap Av,SB Central Av & FS Dunlap Av,33.567286,-112.074042,"SMRT, 0",68,stop_id,,0,0,,,unknown
4516,10153,Central Av & Encanto Bl,SB Central Av & FS Encanto Bl,33.4725340000001,-112.073954,0,7,stop_id,,0,0,,,unknown
4517,10125,Central Av & Frier Dr,SB Central Av & FS Frier Dr,33.548891,-112.073954,0,2,stop_id,,0,0,,,unknown
4518,10128,Central Av & Glendale Av,SB Central Av & FS Glendale Av,33.5379590000001,-112.073845,0,23,stop_id,,0,0,,,unknown
4519,10130,Central Av & Glenrosa Av,SB Central Av & FS Glenrosa Av,33.497667,-112.07394,0,3,stop_id,,0,0,,,unknown
452,10222,Jefferson St & 16th St,EB Jefferson St & NS 16th St,33.4471080000001,-112.048254,1,11,stop_id,,0,0,,,unknown
4520,10123,Central Av & Griswold Rd,SB Central Av & FS Griswold Rd,33.5564410000001,-112.073995,0,2,stop_id,,0,0,,,unknown
4521,15606,Central Av & Hatcher Rd,SB Central Av & FS Hatcher Rd,33.570949,-112.073992,106,1,stop_id,,0,0,,,unknown
4522,10225,Central Av & Indian School Rd,SB Central Av & FS Indian School Rd,33.494338,-112.073973,0,81,stop_id,,0,0,,,unknown
4529,18361,Central Av & Maryland Av,SB Central Av & FS Maryland Av,33.5307260000001,-112.073835,0,16,stop_id,,0,0,,,unknown
4530,10157,Central Av & McDowell Rd,SB Central Av & FS McDowell Rd,33.4651680000001,-112.073973,0,96,stop_id,,0,0,,,unknown
4531,15607,Central Av & Mission Ln,SB Central Av & FS Mission Ln,33.5691420000001,-112.074015,106,0,stop_id,,0,0,,,unknown
4532,10134,Central Av & Missouri Av,SB Central Av & FS Missouri Av,33.515787,-112.073878,0,2,stop_id,,0,0,,,unknown
4533,10133,Central Av & Montebello Av,SB Central Av & FS Montebello Av,33.519353,-112.07384,0,2,stop_id,,0,0,,,unknown
4534,10124,Central Av & Northern Av,SB Central Av & FS Northern Av,33.5525220000001,-112.07401,0,24,stop_id,,0,0,,,unknown
4535,10129,Central Av & Ocotillo Rd,SB Central Av & FS Ocotillo Rd,33.533846,-112.07382,0,4,stop_id,,0,0,,,unknown
4536,10126,Central Av & Orangewood Av,SB Central Av & FS Orangewood Av,33.545257,-112.073911,0,1,stop_id,,0,0,,,unknown
4537,10146,Central Av & Osborn Rd,SB Central Av & FS Osborn Rd,33.486522,-112.073964,0,27,stop_id,,0,0,,,unknown
4538,10295,Central Av & Palm Ln,SB Central Av & FS Palm Ln,33.468985,-112.073972,0,3,stop_id,,0,0,,,unknown
4539,10139,Central Av & Pierson St,SB Central Av & FS Pierson St,33.507054,-112.073915,0,5,stop_id,,0,0,,,unknown
4540,14865,Central Av & Rose Ln,SB Central Av & FS Rose Ln,33.527652,-112.073806,0,1,stop_id,,0,0,,,unknown
4541,10150,Central Av & Thomas Rd,SB Central Av & FS Thomas Rd,33.4798920000001,-112.073949,0,117,stop_id,,0,0,,,unknown
4544,10151,Central Av & Virginia Av,SB Central Av & FS Virginia Av,33.476055,-112.07395,0,9,stop_id,,0,0,,,unknown
4547,10135,Central Av & Georgia Av,SB Central Av & FS Georgia Av,33.514238,-112.073874,0,1,stop_id,,0,0,,,unknown
4548,18038,Central Av & Highland Av,SB Central Av & FS Highland Av,33.505341,-112.073924,0,15,stop_id,,0,0,,,unknown
4550,10122,Central Av & Butler Dr,SB Central Av & NS Butler Dr,33.560974,-112.074006,0,2,stop_id,,0,0,,,unknown
456,12487,Lincoln Dr & 22nd St,EB Lincoln Dr & FS 22nd St,33.5377960000001,-112.034113,70,2,stop_id,,0,0,,,unknown
457,12489,Lincoln Dr & 24th St,EB Lincoln Dr & NS 24th St,33.5321240000001,-112.028543,70,0,stop_id,,0,0,,,unknown
458,12488,Lincoln Dr & Piestewa Peak Dr,EB Lincoln Dr & FS Piestewa Peak Dr,33.5363750000001,-112.03235,70,3,stop_id,,0,0,,,unknown
302,17147,Chandler Bl & 46th St,EB Chandler Bl & FS 46th St,33.3050940000001,-111.984226,ALEX,0,stop_id,,0,0,,,unknown
306,19036,24th St/Baseline PNR,24th St/Baseline PNR (Bay 1),33.3795400000001,-112.029547,70,,unmatched,,,,,,unknown
3109,12444,Tatum Bl & Union Hills Dr,NB Tatum Bl & FS Union Hills Dr,33.6556430000001,-111.977221,"44, 186",20,stop_id,,0,0,,,unknown
3110,12999,Tatum Bl & Acoma Dr,NB Tatum Bl & FS Acoma Dr,33.6191700000001,-111.977676,44,1,stop_id,,0,0,,,unknown
3111,13004,Tatum Bl & Aire Libre Av,NB Tatum Bl & FS Aire Libre Av,33.6369710000001,-111.977599,44,1,stop_id,,0,0,,,unknown
3112,12423,Tatum Bl & Andora Dr,NB Tatum Bl & FS Andora Dr,33.6076830000001,-111.977715,"44, 138",1,stop_id,,0,0,,,unknown
3113,13006,Tatum Bl & Angela Dr,NB Tatum Bl & FS Angela Dr,33.643894,-111.977207,44,5,stop_id,,0,0,,,unknown
3114,13005,Tatum Bl & Bell Rd,NB Tatum Bl & FS Bell Rd,33.641016,-111.977256,44,34,stop_id,,0,0,,,unknown
3116,12420,Tatum Bl & Cactus Rd,NB Tatum Bl & FS Cactus Rd,33.5992670000001,-111.979949,"44, 138",18,stop_id,,0,0,,,unknown
3117,12418,Tatum Bl & Cholla St,NB Tatum Bl & FS Cholla St,33.591804,-111.978182,44,0,stop_id,,0,0,,,unknown
3119,12417,Tatum Bl & Desert Cove Av,NB Tatum Bl & FS Desert Cove Av,33.586663,-111.977712,44,10,stop_id,,0,0,,,unknown
40035,50034,Osborn Rd & 63rd Av (Flag Zone),WB Osborn Rd & FS 63rd Av (Flag Zone),33.487778,-112.195425,MARY,,unmatched,,0,,,,unknown
40036,50035,Osborn Rd & 67th Av (Flag Zone),WB Osborn Rd & FS 67th Av (Flag Zone),33.4875290000001,-112.202643,MARY,,unmatched,,0,,,,unknown
40037,50036,Campbell Av & 63rd Av (Flag Zone),EB Campbell Av & FS 63rd Av (Flag Zone),33.5020930000001,-112.194668,MARY,,unmatched,,0,,,,unknown
40038,50037,Campbell Av & 59th Av (Flag Zone),EB Campbell Av & FS 59th Av (Flag Zone),33.5021990000001,-112.185749,MARY,,unmatched,,0,,,,unknown
40039,50038,Campbell Av & 55th Av (Flag Zone),EB Campbell Av & FS 55th Av (Flag Zone),33.5021130000001,-112.177172,MARY,,unmatched,,0,,,,unknown
40040,50039,Campbell Av & Maryvale Pk (Flag Zone),EB Campbell Av & FS Maryvale Pk (Flag Zone),33.5020960000001,-112.172112,MARY,,unmatched,,0,,,,unknown
40041,50040,Campbell Av & 51st Av (Flag Zone),WB Campbell Av & FS 51st Av (Flag Zone),33.502217,-112.169362,MARY,,unmatched,,0,,,,unknown
40042,50041,Osborn Rd & 51st Av (Flag Zone),EB Osborn Rd & FS 51st Av (Flag Zone),33.487398,-112.168412,MARY,,unmatched,,0,,,,unknown
40043,50042,Osborn Rd & 47th Av (Flag Zone),EB Osborn Rd & NS 47th Av (Flag Zone),33.487646,-112.160597,MARY,,unmatched,,0,,,,unknown
40044,50043,47th Av & Thomas Rd (Flag Zone),NB 47th Av & NS Thomas Rd (Flag Zone),33.4808640000001,-112.159749,MARY,,unmatched,,0,,,,unknown
40045,50044,Holly St & 48th Ln (Flag Zone),WB Holly St & FS 48th Ln (Flag Zone),33.4708360000001,-112.165789,MARY,,unmatched,,0,,,,unknown
40046,50045,Holly St & 51st Av (Flag Zone),WB Holly St & NS 51st Av (Flag Zone),33.4708900000001,-112.168706,MARY,,unmatched,,0,,,,unknown
40047,50046,Encanto Bl & 51st Av (Flag Zone),WB Encanto Bl & FS 51st Av (Flag Zone),33.473353,-112.169444,MARY,,unmatched,,0,,,,unknown
40048,50047,Encanto Bl & 55th Av (Flag Zone),WB Encanto Bl & FS 55th Av (Flag Zone),33.473303,-112.178046,MARY,,unmatched,,0,,,,unknown
40049,50048,Encanto Bl & 59th Av (Flag Zone),WB Encanto Bl & FS 59th Av (Flag Zone),33.4733200000001,-112.186765,MARY,,unmatched,,0,,,,unknown
40050,50049,Encanto Bl & 64th Dr (Flag Zone),WB Encanto Bl & NS 64th Dr (Flag Zone),33.47322,-112.197689,MARY,,unmatched,,0,,,,unknown
40051,50050,Encanto Bl & 67th Av (Flag Zone),WB Encanto Bl & FS 67th Av (Flag Zone),33.4732030000001,-112.20385,MARY,,unmatched,,0,,,,unknown
40052,50051,Encanto Bl & 71st Av (Flag Zone),WB Encanto Bl & FS 71st Av (Flag Zone),33.473085,-112.212247,MARY,,unmatched,,0,,,,unknown
40053,50052,Encanto Bl & 75th Av (Flag Zone),WB Encanto Bl & FS 75th Av (Flag Zone),33.4730010000001,-112.221953,MARY,,unmatched,,0,,,,unknown
40054,50053,Encanto Bl & 8100 West (Flag Zone),WB Encanto Bl & AT 8100 West (Flag Zone),33.4727290000001,-112.234769,MARY,,unmatched,,0,,,,unknown
40055,50054,Encanto Bl & 83rd Av (Flag Zone),WB Encanto Bl & FS 83rd Av (Flag Zone),33.472649,-112.238295,MARY,,unmatched,,0,,,,unknown
40056,50055,Encanto Bl & 86th Dr (Flag Zone),WB Encanto Bl & NS 86th Dr (Flag Zone),33.4716550000001,-112.243559,MARY,,unmatched,,0,,,,unknown
40057,50056,Encanto Bl & 89th Av (Flag Zone),WB Encanto Bl & FS 89th Av (Flag Zone),33.4725080000001,-112.250956,MARY,,unmatched,,0,,,,unknown
40058,50057,Encanto Bl & 91st Av (Flag Zone),WB Encanto Bl & FS 91st Av (Flag Zone),33.4721670000001,-112.254704,MARY,,unmatched,,0,,,,unknown
40059,50058,Osborn Rd & 87th Av (Flag Zone),EB Osborn Rd & FS 87th Av (Flag Zone),33.486951,-112.246257,MARY,,unmatched,,0,,,,unknown
40060,50059,Osborn Rd & 86th Av (Flag Zone),EB Osborn Rd & FS 86th Av (Flag Zone),33.486969,-112.243317,MARY,,unmatched,,0,,,,unknown
40061,50060,Osborn Rd & 83rd Av (Flag Zone),EB Osborn Rd & FS 83rd Av (Flag Zone),33.486992,-112.237432,MARY,,unmatched,,0,,,,unknown
40062,50061,79th Dr & Osborn Rd (Flag Zone),NB 79th Dr & FS Osborn Rd (Flag Zone),33.4873890000001,-112.232616,MARY,,unmatched,,0,,,,unknown
40063,50062,79th Dr & Indian School Rd (Flag Zone),NB 79th Dr & FS Indian School Rd (Flag Zone),33.4947070000001,-112.229529,MARY,,unmatched,,0,,,,unknown
40064,50063,Sells Dr & 77th Av (Flag Zone),EB Sells Dr & NS 77th Av (Flag Zone),33.5006710000001,-112.226428,MARY,,unmatched,,0,,,,unknown
40087,50086,17th Av & Shangri La Rd (Flag Zone),SB 17th Av & NS Shangri La Rd (Flag Zone),33.587699,-112.09558,SMRT,,unmatched,,0,,,,unknown
40088,50087,Desert Cove Av & 17th Av (Flag Zone),WB Desert Cove Av & NS 17th Av (Flag Zone),33.585765,-112.095721,SMRT,,unmatched,,0,,,,unknown
40089,50088,18th Av & Sahuaro Dr (Flag Zone),SB 18th Av & NS Sahuaro Dr (Flag Zone),33.584073,-112.097677,SMRT,,unmatched,,0,,,,unknown
40090,50089,17th Av & 10600 North (Flag Zone),SB 17th Av & AT 10600 North (Flag Zone),33.5827160000001,-112.0956,SMRT,,unmatched,,0,,,,unknown
40091,50090,Sahuaro Dr & 15th Av (Flag Zone),EB Sahuaro Dr & NS 15th Av (Flag Zone),33.583876,-112.091508,SMRT,,unmatched,,0,,,,unknown
40092,50091,15th Av & Peoria Av (Flag Zone),SB 15th Av & NS Peoria Av (Flag Zone),33.5824720000001,-112.091356,SMRT,,unmatched,,0,,,,unknown
40093,50092,9th Av & North Ln (Flag Zone),SB 9th Av & NS North Ln (Flag Zone),33.5814290000001,-112.084796,SMRT,,unmatched,,0,,,,unknown
40095,50094,9th Av & Mountain View Rd (Flag Zone),SB 9th Av & FS Mountain View Rd (Flag Zone),33.5747630000001,-112.084807,SMRT,,unmatched,,0,,,,unknown
40096,50095,9th Av & Hatcher Rd (Flag Zone),SB 9th Av & NS Hatcher Rd (Flag Zone),33.5717100000001,-112.084794,SMRT,,unmatched,,0,,,,unknown
40097,50096,Central Av & Hatcher Rd (Flag Zone),NB Central Av & FS Hatcher Rd (Flag Zone),33.5718350000001,-112.073751,SMRT,,unmatched,,0,,,,unknown
40098,50097,Central & Mountain View (Flag Zone),NB Central & NS Mountain View (Flag Zone),33.574595,-112.073732,SMRT,,unmatched,,0,,,,unknown
40099,50098,Mountain View Rd & 3rd St (Flag Zone),EB Mountain View Rd & NS 3rd St (Flag Zone),33.5749520000001,-112.069715,SMRT,,unmatched,,0,,,,unknown
401,12720,Indian School Rd & 16th St,EB Indian School Rd & FS 16th St,33.494582,-112.046799,41,83,stop_id,,0,0,,,unknown
40100,50099,Mountain View Rd & 7th St (Flag Zone),EB Mountain View Rd & NS 7th St (Flag Zone),33.5749670000001,-112.065582,SMRT,,unmatched,,0,,,,unknown
40101,50100,8th St & Vogel Av (Flag Zone),SB 8th St & NS Vogel Av (Flag Zone),33.5733440000001,-112.063113,SMRT,,unmatched,,0,,,,unknown
40102,50101,8th St & Carol Av (Flag Zone),SB 8th St & NS Carol Av (Flag Zone),33.5723990000001,-112.063124,SMRT,,unmatched,,0,,,,unknown
40104,50103,3rd St & Alice Av (Flag Zone),SB 3rd St & FS Alice Av (Flag Zone),33.563928,-112.069648,SMRT,,unmatched,,0,,,,unknown
40105,50104,Alice Av & 7th St (Flag Zone),EB Alice Av & FS 7th St (Flag Zone),33.5640920000001,-112.064882,SMRT,,unmatched,,0,,,,unknown
40106,50105,Townley Av & 8th St (Flag Zone),EB Townley Av & FS 8th St (Flag Zone),33.565908,-112.063278,SMRT,,unmatched,,0,,,,unknown
40107,50106,11th St & Townley Av (Flag Zone),NB 11th St & FS Townley Av (Flag Zone),33.5662060000001,-112.058749,SMRT,,unmatched,,0,,,,unknown
40108,50107,12th St & Hatcher Rd (Flag Zone),NB 12th St & FS Hatcher Rd (Flag Zone),33.571648,-112.056645,SMRT,,unmatched,,0,,,,unknown
40109,50108,Mountain View Rd & 13th St (Flag Zone),EB Mountain View Rd & FS 13th St (Flag Zone),33.574821,-112.054085,SMRT,,unmatched,,0,,,,unknown
40110,50109,Shangri La Rd & 17th Av (Flag Zone),WB Shangri La Rd & FS 17th Av (Flag Zone),33.587588,-112.09581,SMRT,,unmatched,,0,,,,unknown
40111,50110,Desert Cove Av & 17th Av (Flag Zone),EB Desert Cove Av & FS 17th Av (Flag Zone),33.58568,-112.095719,SMRT,,unmatched,,0,,,,unknown
40112,50111,18th Av & Sahuaro Dr (Flag Zone),NB 18th Av & FS Sahuaro Dr (Flag Zone),33.5840700000001,-112.097533,SMRT,,unmatched,,0,,,,unknown
40113,50112,Sahuaro Dr & 15th Av (Flag Zone),WB Sahuaro Dr & FS 15th Av (Flag Zone),33.5839770000001,-112.091519,SMRT,,unmatched,,0,,,,unknown
40114,50113,15th Av & Peoria Av (Flag Zone),NB 15th Av & FS Peoria Av (Flag Zone),33.5824680000001,-112.091208,SMRT,,unmatched,,0,,,,unknown
40115,50114,9th Av & North Ln (Flag Zone),NB 9th Av & FS North Ln (Flag Zone),33.581438,-112.084671,SMRT,,unmatched,,0,,,,unknown
40117,50116,9th Av & Mountain View Rd (Flag Zone),NB 9th Av & NS Mountain View Rd (Flag Zone),33.5747700000001,-112.084686,SMRT,,unmatched,,0,,,,unknown
40118,50117,9th Av & Hatcher Rd (Flag Zone),NB 9th Av & FS Hatcher Rd (Flag Zone),33.571513,-112.084673,SMRT,,unmatched,,0,,,,unknown
40119,50118,Central & Mountain View (Flag Zone),SB Central & FS Mountain View (Flag Zone),33.574715,-112.073967,SMRT,,unmatched,,0,,,,unknown
40120,50119,Mountain View Rd & 3rd St (Flag Zone),WB Mountain View Rd & FS 3rd St (Flag Zone),33.575075,-112.069723,SMRT,,unmatched,,0,,,,unknown
40121,50120,Mountain View Rd & 7th St (Flag Zone),WB Mountain View Rd & FS 7th St (Flag Zone),33.575097,-112.065611,SMRT,,unmatched,,0,,,,unknown
40122,50121,8th St & Vogel Av (Flag Zone),NB 8th St & FS Vogel Av (Flag Zone),33.5733880000001,-112.063018,SMRT,,unmatched,,0,,,,unknown
40123,50122,8th St & Carol Av (Flag Zone),NB 8th St & FS Carol Av (Flag Zone),33.5724690000001,-112.063004,SMRT,,unmatched,,0,,,,unknown
40125,50124,3rd St & Alice Av (Flag Zone),NB 3rd St & NS Alice Av (Flag Zone),33.563929,-112.069508,SMRT,,unmatched,,0,,,,unknown
40126,50125,Alice Av & 7th St (Flag Zone),WB Alice Av & FS 7th St (Flag Zone),33.5642050000001,-112.065686,SMRT,,unmatched,,0,,,,unknown
40127,50126,Townley Av & 8th St (Flag Zone),WB Townley Av & NS 8th St (Flag Zone),33.566015,-112.062994,SMRT,,unmatched,,0,,,,unknown
40128,50127,11th St & Townley Av (Flag Zone),SB 11th St & NS Townley Av (Flag Zone),33.5660820000001,-112.058879,SMRT,,unmatched,,0,,,,unknown
40129,50128,Mountain View Rd & 13th St (Flag Zone),WB Mountain View Rd & NS 13th St (Flag Zone),33.5749460000001,-112.054135,SMRT,,unmatched,,0,,,,unknown
40130,50129,Knox Rd & 48th St (Flag Zone),WB Knox Rd & FS 48th St (Flag Zone),33.325499,-111.980593,ALEX,,unmatched,,0,,,,unknown
40131,50130,Knox Rd & 40th St (Flag Zone),WB Knox Rd & NS 40th St (Flag Zone),33.327048,-111.996945,ALEX,,unmatched,,0,,,,unknown
40132,50131,Knox Rd & 36th St (Flag Zone),WB Knox Rd & NS 36th St (Flag Zone),33.327074,-112.005583,ALEX,,unmatched,,0,,,,unknown
40133,50132,50th St & 14400 South (Flag Zone),SB 50th St & AT 14400 South (Flag Zone),33.3172220000001,-111.976348,ALEX,,unmatched,,0,,,,unknown
40134,50133,50th St & Thistle Landing Dr (Flag Zone),SB 50th St & NS Thistle Landing Dr (Flag Zone),33.313566,-111.976891,ALEX,,unmatched,,0,,,,unknown
40135,50134,44th St & Chandler Bl (Flag Zone),SB 44th St & FS Chandler Bl (Flag Zone),33.3045100000001,-111.989119,ALEX,,unmatched,,0,,,,unknown
40136,50135,44th St & Woodland Dr (Flag Zone),SB 44th St & FS Woodland Dr (Flag Zone),33.30179,-111.989112,ALEX,,unmatched,,0,,,,unknown
40137,50136,Frye Rd & 44th St (Flag Zone),WB Frye Rd & FS 44th St (Flag Zone),33.2980480000001,-111.989296,ALEX,,unmatched,,0,,,,unknown
40138,50137,Frye Rd & 40th St (Flag Zone),WB Frye Rd & NS 40th St (Flag Zone),33.298035,-111.995531,ALEX,,unmatched,,0,,,,unknown
40139,50138,40th St & 15700 South (Flag Zone),NB 40th St & AT 15700 South (Flag Zone),33.30303,-111.997158,ALEX,,unmatched,,0,,,,unknown
40140,50139,32nd St & Chandler Bl (Flag Zone),SB 32nd St & FS Chandler Bl (Flag Zone),33.3043010000001,-112.014685,ALEX,,unmatched,,0,,,,unknown
40141,50140,32nd St & Mountain Vista Dr (Flag Zone),SB 32nd St & FS Mountain Vista Dr (Flag Zone),33.3013710000001,-112.014664,ALEX,,unmatched,,0,,,,unknown
40142,50141,32nd St & Frye Rd (Flag Zone),SB 32nd St & NS Frye Rd (Flag Zone),33.298192,-112.014663,ALEX,,unmatched,,0,,,,unknown
40143,50142,Dsrt Foothills & Chandler Bl (Flag Zone),SB Dsrt Foothills & FS Chandler Bl (Flag Zone),33.3057230000001,-112.055986,ALEX,,unmatched,,0,,,,unknown
40144,50143,Liberty & Desert Foothills (Flag Zone),EB Liberty & FS Desert Foothills (Flag Zone),33.2960840000001,-112.060544,ALEX,,unmatched,,0,,,,unknown
40145,50144,Knox Rd & 40th St (Flag Zone),EB Knox Rd & FS 40th St (Flag Zone),33.3268590000001,-111.996873,ALEX,,unmatched,,0,,,,unknown
40146,50145,Knox Rd & 36th St (Flag Zone),EB Knox Rd & FS 36th St (Flag Zone),33.3268860000001,-112.005498,ALEX,,unmatched,,0,,,,unknown
40148,50147,50th St & 14415 South (Flag Zone),NB 50th St & AT 14415 South (Flag Zone),33.3161940000001,-111.976337,ALEX,,unmatched,,0,,,,unknown
40149,50148,50th St & Thistle Landing Dr (Flag Zone),NB 50th St & FS Thistle Landing Dr (Flag Zone),33.3135290000001,-111.976695,ALEX,,unmatched,,0,,,,unknown
40150,50149,Thistle Landing Dr & 48th St (Flag Zone),EB Thistle Landing Dr & FS 48th St (Flag Zone),33.3124760000001,-111.979489,ALEX,,unmatched,,0,,,,unknown
40151,50150,44th St & Woodland Dr (Flag Zone),NB 44th St & FS Woodland Dr (Flag Zone),33.3018050000001,-111.98894,ALEX,,unmatched,,0,,,,unknown
40152,50151,Frye Rd & 44th St (Flag Zone),EB Frye Rd & NS 44th St (Flag Zone),33.2979030000001,-111.989204,ALEX,,unmatched,,0,,,,unknown
40153,50152,Frye Rd & 40th St (Flag Zone),EB Frye Rd & FS 40th St (Flag Zone),33.2978850000001,-111.995525,ALEX,,unmatched,,0,,,,unknown
40154,50153,40th St & 15700 South (Flag Zone),SB 40th St & AT 15700 South (Flag Zone),33.3036070000001,-111.997389,ALEX,,unmatched,,0,,,,unknown
40156,50155,32nd St & Mountain Vista Dr (Flag Zone),NB 32nd St & FS Mountain Vista Dr (Flag Zone),33.3018480000001,-112.014331,ALEX,,unmatched,,0,,,,unknown
40158,50157,Liberty & Desert Foothills (Flag Zone),WB Liberty & NS Desert Foothills (Flag Zone),33.2964620000001,-112.060945,ALEX,,unmatched,,0,,,,unknown
402,12722,Indian School Rd & 20th St,EB Indian School Rd & FS 20th St,33.494607,-112.038302,41,13,stop_id,,0,0,,,unknown
40261,50260,Liberty Ln & 2720 East (Flag Zone),WB Liberty Ln & AT 2720 East (Flag Zone),33.2926620000001,-112.024269,ALEX,,unmatched,,0,,,,unknown
40262,50261,Liberty Ln & 2620 East (Flag Zone),WB Liberty Ln & AT 2620 East (Flag Zone),33.292403,-112.027355,ALEX,,unmatched,,0,,,,unknown
40263,50262,Liberty Ln & 2720 East (Flag Zone),EB Liberty Ln & AT 2720 East (Flag Zone),33.292286,-112.024632,ALEX,,unmatched,,0,,,,unknown
40264,50263,Liberty Ln & 2620 East (Flag Zone),EB Liberty Ln & AT 2620 East (Flag Zone),33.292447,-112.028447,ALEX,,unmatched,,0,,,,unknown
40265,50264,24th St & Liberty Ln (Flag Zone),NB 24th St & FS Liberty Ln (Flag Zone),33.295401,-112.032303,ALEX,,unmatched,,0,,,,unknown
40266,50265,24th St & Liberty Ln (Flag Zone),SB 24th St & NS Liberty Ln (Flag Zone),33.2956140000001,-112.03258,ALEX,,unmatched,,0,,,,unknown
40267,50266,24th St & Mountain Vista Dr (Flag Zone),NB 24th St & FS Mountain Vista Dr (Flag Zone),33.30087,-112.0333,ALEX,,unmatched,,0,,,,unknown
40268,50267,24th St & Woodland Dr (Flag Zone),SB 24th St & FS Woodland Dr (Flag Zone),33.3012400000001,-112.033551,ALEX,,unmatched,,0,,,,unknown
40269,50268,Dsrt Foothills & Marketplace (Flag Zone),SB Dsrt Foothills & FS Marketplace (Flag Zone),33.302195,-112.058297,ALEX,,unmatched,,0,,,,unknown
40270,50269,Dsrt Foothills & Marketplace (Flag Zone),NB Dsrt Foothills & FS Marketplace (Flag Zone),33.302556,-112.05779,ALEX,,unmatched,,0,,,,unknown
40271,50270,Dsrt Foothills & 16013 South (Flag Zone),SB Dsrt Foothills & AT 16013 South (Flag Zone),33.2996850000001,-112.059965,ALEX,,unmatched,,0,,,,unknown
40272,50271,Dsrt Foothills & 16013 South (Flag Zone),NB Dsrt Foothills & AT 16013 South (Flag Zone),33.2996190000001,-112.05974,ALEX,,unmatched,,0,,,,unknown
40279,50278,Sells Dr & 75th Av (Flag Zone),EB Sells Dr & NS 75th Av (Flag Zone),33.501765,-112.221224,MARY,,unmatched,,0,,,,unknown
40282,50281,Ruth Av & Central Av (Flag Zone),WB Ruth Av & NS Central Av (Flag Zone),33.5629200000001,-112.073617,SMRT,,unmatched,,0,,,,unknown
40283,50282,Ruth Av & Central Av (Flag Zone),EB Ruth Av & FS Central Av (Flag Zone),33.5628290000001,-112.07353,SMRT,,unmatched,,0,,,,unknown
40287,50286,7th Av & Cinnabar Av (Flag Zone),NB 7th Av & FS Cinnabar Av (Flag Zone),33.576983,-112.082509,SMRT,,unmatched,,0,,,,unknown
40288,50287,Cinnabar Av & 7th Av (Flag Zone),WB Cinnabar Av & FS 7th Av (Flag Zone),33.576826,-112.082805,SMRT,,unmatched,,0,,,,unknown
40289,50288,7th Av & Cheryl Dr (Flag Zone),NB 7th Av & NS Cheryl Dr (Flag Zone),33.578498,-112.08249,SMRT,,unmatched,,0,,,,unknown
4029,16883,3rd St & Garfield St,SB 3rd St & FS Garfield St,33.45723,-112.070067,"542, 535, 533, 531, 522, 521, 514",0,stop_id,,0,0,,,unknown
40290,50289,7th Av & Cheryl Dr (Flag Zone),SB 7th Av & FS Cheryl Dr (Flag Zone),33.5783900000001,-112.082646,SMRT,,unmatched,,0,,,,unknown
40294,50093,Cheryl Dr & 9th Av (Flag Zone),EB Cheryl Dr & FS 9th Av (Flag Zone),33.5785100000001,-112.084515,SMRT,,unmatched,,0,,,,unknown
40295,50115,Cheryl Dr & 9th Av (Flag Zone),WB Cheryl Dr & NS 9th Av (Flag Zone),33.5786340000001,-112.084578,SMRT,,unmatched,,0,,,,unknown
40296,50295,Fillmore St & 59th Av (Flag Zone),WB Fillmore St & FS 59th Av (Flag Zone),33.455223,-112.187108,MARY,,unmatched,,0,,,,unknown
40297,50296,Fillmore St & 62nd Dr (Flag Zone),WB Fillmore St & FS 62nd Dr (Flag Zone),33.455223,-112.192421,MARY,,unmatched,,0,,,,unknown
40298,50297,63rd Av & Fillmore St (Flag Zone),NB 63rd Av & FS Fillmore St (Flag Zone),33.455428,-112.195068,MARY,,unmatched,,0,,,,unknown
40299,50298,Roosevelt St & 63rd Av (Flag Zone),EB Roosevelt St & FS 63rd Av (Flag Zone),33.458698,-112.194861,MARY,,unmatched,,0,,,,unknown
403,13371,Indian School Rd & 22nd St,EB Indian School Rd & FS 22nd St,33.4947050000001,-112.03434,41,2,stop_id,,0,,,,unknown
4030,10915,3rd St & Hatcher Rd,SB 3rd St & FS Hatcher Rd,33.5707860000001,-112.069637,"SMRT, 12",2,stop_id,,0,0,,,unknown
40300,50299,Roosevelt St & 61st Av (Flag Zone),EB Roosevelt St & FS 61st Av (Flag Zone),33.458737,-112.189989,MARY,,unmatched,,0,,,,unknown
4031,16876,3rd St & Moreland St,SB 3rd St & FS Moreland St,33.4608180000001,-112.069484,"I10E, 542, 535, 533, 531, 522, 521, 514",0,stop_id,,0,0,,,unknown
4033,10916,3rd St & Eva St,SB 3rd St & NS Eva St,33.569263,-112.069644,"SMRT, 12",1,stop_id,,0,0,,,unknown
40338,50012,12th St & Liberty Ln (Flag Zone),SB 12th St & NS Liberty Ln (Flag Zone),33.295379,-112.057755,ALEX,,unmatched,,0,,,,unknown
40339,50146,Cholla St & 19th Av (Flag Zone),EB Cholla St & FS 19th Av (Flag Zone),33.5892830000001,-112.098853,SMRT,,unmatched,,0,,,,unknown
4034,12458,40th St & Grovers Av,SB 40th St & FS Grovers Av,33.6476200000001,-111.996335,39,6,stop_id,,0,0,,,unknown
40340,50154,Cinnabar Av & 15th St (Flag Zone),EB Cinnabar Av & NS 15th St (Flag Zone),33.576629,-112.050246,SMRT,,unmatched,,0,,,,unknown
40341,50156,Sunnyslope Manor (Flag Zone),Sunnyslope Manor (Flag Zone),33.562889,-112.071478,SMRT,,unmatched,,0,,,,unknown
40344,50335,Liberty Ln & 29th Pl (Flag Zone),WB Liberty Ln & FS 29th Pl (Flag Zone),33.2931,-112.020624,ALEX,,unmatched,,,,,,unknown
40345,50336,Liberty Ln & 29th Wy (Flag Zone),EB Liberty Ln & FS 29th Wy (Flag Zone),33.292987,-112.019279,ALEX,,unmatched,,,,,,unknown
40346,50337,Liberty Ln & 31st Wy (Flag Zone),EB Liberty Ln & NS 31st Wy (Flag Zone),33.294247,-112.01543,ALEX,,unmatched,,,,,,unknown
40347,50338,Shangri-la Rd & 19th Av (Flag Zone),WB Shangri-la Rd & NS 19th Av (Flag Zone),33.5875830000001,-112.099115,SMRT,,unmatched,,,,,,unknown
40348,50339,Encanto Bl & 75th Av (Flag Zone),EB Encanto Bl & FS 75th Av (Flag Zone),33.472853,-112.220285,MARY,,unmatched,,,,,,unknown
40349,50340,Knox Rd & 44th St (Flag Zone),EB Knox Rd & FS 44th St (Flag Zone),33.3269310000001,-111.988574,ALEX,,unmatched,,,,,,unknown
4035,12457,40th St & Desert Cactus St,SB 40th St & FS Desert Cactus St,33.6513150000001,-111.996366,39,4,stop_id,,0,0,,,unknown
4036,12459,40th St & Danbury Rd,SB 40th St & NS Danbury Rd,33.644593,-111.996319,39,1,stop_id,,0,0,,,unknown
4037,12466,40th St & Acoma Dr,SB 40th St & FS Acoma Dr,33.6188770000001,-111.996093,39,1,stop_id,,0,0,,,unknown
4038,12460,40th St & Bell Rd,SB 40th St & FS Bell Rd,33.64023,-111.996321,39,30,stop_id,,0,0,,,unknown
4039,18217,40th St & Edna Av,SB 40th St & FS Edna Av,33.636289,-111.996255,39,1,stop_id,,0,0,,,unknown
404,12724,Indian School Rd & 24th St,EB Indian School Rd & FS 24th St,33.4947280000001,-112.029791,41,55,stop_id,,0,0,,,unknown
4040,12464,40th St & Greenway Rd,SB 40th St & FS Greenway Rd,33.625843,-111.996203,39,10,stop_id,,0,0,,,unknown
4041,12467,40th St & Hearn Rd,SB 40th St & FS Hearn Rd,33.615151,-111.996069,39,0,stop_id,,0,0,,,unknown
4042,18218,40th St & Paradise Ln,SB 40th St & FS Paradise Ln,33.6329870000001,-111.996249,39,2,stop_id,,0,0,,,unknown
4043,12463,40th St & Tierra Buena Ln,SB 40th St & FS Tierra Buena Ln,33.62953,-111.996189,39,0,stop_id,,0,0,,,unknown
4044,12456,40th St & Union Hills Dr,SB 40th St & FS Union Hills Dr,33.654775,-111.996391,39,16,stop_id,,0,0,,,unknown
4045,12465,40th St & Hillery Dr,SB 40th St & NS Hillery Dr,33.6224770000001,-111.996123,39,2,stop_id,,0,0,,,unknown
4048,12914,43rd Av & Acoma Dr,SB 43rd Av & FS Acoma Dr,33.617442,-112.151314,43,4,stop_id,,0,0,,,unknown
405,12725,Indian School Rd & 26th St,EB Indian School Rd & FS 26th St,33.494848,-112.025265,41,10,stop_id,,0,0,,,unknown
4050,12908,43rd Av & Bell Rd,SB 43rd Av & FS Bell Rd,33.6387330000001,-112.151946,43,73,stop_id,,0,0,,,unknown
4053,12920,43rd Av & Cactus Rd,SB 43rd Av & FS Cactus Rd,33.595851,-112.151554,43,44,stop_id,,0,0,,,unknown
4054,12947,43rd Av & Camelback Rd,SB 43rd Av & FS Camelback Rd,33.5087100000001,-112.151784,43,64,stop_id,,0,0,,,unknown
4055,12922,43rd Av & Cholla St,SB 43rd Av & FS Cholla St,33.5886130000001,-112.151602,43,4,stop_id,,0,0,,,unknown
4056,12913,43rd Av & Country Gables Dr,SB 43rd Av & FS Country Gables Dr,33.621157,-112.151248,43,1,stop_id,,0,0,,,unknown
4057,12923,43rd Av & Desert Cove Av,SB 43rd Av & FS Desert Cove Av,33.5852410000001,-112.151619,43,7,stop_id,,0,0,,,unknown
4059,12954,43rd Av & Earll Dr,SB 43rd Av & FS Earll Dr,33.4835880000001,-112.151765,43,1,stop_id,,0,0,,,unknown
406,17083,Indian School Rd & 28th St,EB Indian School Rd & FS 28th St,33.4949350000001,-112.021152,41,25,stop_id,,0,0,,,unknown
4061,18208,43rd Av & Encanto Bl,SB 43rd Av & FS Encanto Bl,33.4728700000001,-112.151874,43,6,stop_id,,0,0,,,unknown
4062,12962,43rd Av & Fillmore St,SB 43rd Av & FS Fillmore St,33.454552,-112.151911,43,4,stop_id,,0,0,,,unknown
4065,12950,43rd Av & Glenrosa Av,SB 43rd Av & FS Glenrosa Av,33.497932,-112.151783,43,1,stop_id,,0,0,,,unknown
4066,12912,43rd Av & Greenway Rd,SB 43rd Av & FS Greenway Rd,33.624471,-112.15128,43,33,stop_id,,0,0,,,unknown
4067,12906,43rd Av & Grovers Av,SB 43rd Av & FS Grovers Av,33.646889,-112.151991,43,5,stop_id,,0,0,,,unknown
4068,12948,43rd Av & Highland Av,SB 43rd Av & FS Highland Av,33.5048090000001,-112.151703,43,2,stop_id,,0,0,,,unknown
4069,12958,43rd Av & Hubbell St,SB 43rd Av & FS Hubbell St,33.4692610000001,-112.15188,43,6,stop_id,,0,0,,,unknown
407,12727,Indian School Rd & 30th St,EB Indian School Rd & FS 30th St,33.495037,-112.016683,41,30,stop_id,,0,0,,,unknown
4070,12951,43rd Av & Indian School Rd,SB 43rd Av & FS Indian School Rd,33.4943960000001,-112.151885,43,72,stop_id,,0,0,,,unknown
4071,12917,43rd Av & Joan De Arc Av,SB 43rd Av & FS Joan De Arc Av,33.6065380000001,-112.151426,43,4,stop_id,,0,0,,,unknown
4072,12919,43rd Av & Larkspur Dr,SB 43rd Av & FS Larkspur Dr,33.5996450000001,-112.151472,43,2,stop_id,,0,0,,,unknown
4074,12959,43rd Av & McDowell Rd,SB 43rd Av & FS McDowell Rd,33.46545,-112.151981,"43, 17",36,stop_id,,0,0,,,unknown
408,12728,Indian School Rd & 32nd St,EB Indian School Rd & FS 32nd St,33.49512,-112.012599,41,62,stop_id,,0,0,,,unknown
4084,12953,43rd Av & Osborn Rd,SB 43rd Av & FS Osborn Rd,33.4874310000001,-112.151768,43,19,stop_id,,0,0,,,unknown
4086,12910,43rd Av & Paradise Ln,SB 43rd Av & FS Paradise Ln,33.6318210000001,-112.151181,43,5,stop_id,,0,0,,,unknown
4087,12909,43rd Av & Park Pl,SB 43rd Av & FS Park Pl,33.6357640000001,-112.151521,43,0,stop_id,,0,0,,,unknown
4089,12921,43rd Av & Poinsettia Dr,SB 43rd Av & FS Poinsettia Dr,33.592629,-112.151519,43,5,stop_id,,0,0,,,unknown
409,12729,Indian School Rd & 34th St,EB Indian School Rd & FS 34th St,33.495096,-112.008284,41,12,stop_id,1,0,0,,,unknown
4090,12915,43rd Av & Redfield Rd,SB 43rd Av & FS Redfield Rd,33.6135540000001,-112.151297,43,2,stop_id,,0,0,,,unknown
4091,12961,43rd Av & Roosevelt St,SB 43rd Av & FS Roosevelt St,33.458108,-112.151975,43,1,stop_id,,0,0,,,unknown
4094,12907,43rd Av & Sandra Cir,SB 43rd Av & FS Sandra Cir,33.6428230000001,-112.15198,43,2,stop_id,,0,0,,,unknown
4096,12918,43rd Av & Sweetwater Av,SB 43rd Av & FS Sweetwater Av,33.6030900000001,-112.151441,43,4,stop_id,,0,0,,,unknown
4097,12955,43rd Av & Thomas Rd,SB 43rd Av & FS Thomas Rd,33.4800040000001,-112.151824,43,57,stop_id,,0,0,,,unknown
4098,12916,43rd Av & Thunderbird Rd,SB 43rd Av & FS Thunderbird Rd,33.610152,-112.151407,43,35,stop_id,,0,0,,,unknown
4099,12911,43rd Av & Tierra Buena Ln,SB 43rd Av & FS Tierra Buena Ln,33.628358,-112.151187,43,1,stop_id,,0,0,,,unknown
41,14945,Baseline Rd & 44th St,EB Baseline Rd & FS 44th St,33.377982,-111.986744,77,5,stop_id,,0,0,,,unknown
410,12730,Indian School Rd & 36th St,EB Indian School Rd & FS 36th St,33.4950270000001,-112.00364,41,18,stop_id,,0,0,,,unknown
4100,12904,43rd Av & Union Hills Dr,SB 43rd Av & FS Union Hills Dr,33.654029,-112.15208,43,44,stop_id,,0,0,,,unknown
4101,12963,43rd Av & Van Buren St,SB 43rd Av & FS Van Buren St,33.450924,-112.151935,43,3,stop_id,,0,0,,,unknown
4102,12956,43rd Av & Virginia Av,SB 43rd Av & FS Virginia Av,33.476435,-112.151821,43,10,stop_id,,0,0,,,unknown
4104,12949,43rd Av & 4430 North,SB 43rd Av & AT 4430 North,33.501922,-112.151717,43,2,stop_id,,0,0,,,unknown
4105,12905,43rd Av & Michigan Av,SB 43rd Av & FS Michigan Av,33.650071,-112.152017,43,1,stop_id,,0,0,,,unknown
4106,12952,43rd Av & Clarendon Av,SB 43rd Av & NS Clarendon Av,33.4916470000001,-112.15176,43,5,stop_id,,0,0,,,unknown
4107,13049,44th St & 2600 North,SB 44th St & FS 2600 North,33.476282,-111.987191,44,22,stop_id,,0,0,,,unknown
4108,13053,44th St & Belleview St,SB 44th St & FS Belleview St,33.4616950000001,-111.987261,44,22,stop_id,,0,0,,,unknown
4109,13041,44th St & Calle Redonda,SB 44th St & FS Calle Redonda,33.5050440000001,-111.986915,44,1,stop_id,,0,0,,,unknown
411,12731,Indian School Rd & 38th St,EB Indian School Rd & FS 38th St,33.4950380000001,-111.999389,41,5,stop_id,,0,0,,,unknown
4110,13040,44th St & Camelback Rd,SB 44th St & FS Camelback Rd,33.5089610000001,-111.986888,"50, 44",68,stop_id,,0,0,,,unknown
4111,13042,44th St & Campbell Av,SB 44th St & FS Campbell Av,33.501829,-111.986966,44,6,stop_id,,0,0,,,unknown
4112,13054,44th St & Cofco Center St,SB 44th St & FS Cofco Center St,33.455678,-111.98736,44,2,stop_id,,0,0,,,unknown
4113,13039,44th St & Colter St,SB 44th St & FS Colter St,33.510973,-111.986846,44,1,stop_id,,0,0,,,unknown
4114,13047,44th St & Earll Dr,SB 44th St & FS Earll Dr,33.4839470000001,-111.987101,44,2,stop_id,,0,0,,,unknown
4115,13043,44th St & Glenrosa Av,SB 44th St & FS Glenrosa Av,33.4982630000001,-111.98701,44,4,stop_id,,0,0,,,unknown
4116,13044,44th St & Indian School Rd,SB 44th St & FS Indian School Rd,33.494538,-111.987085,44,66,stop_id,,0,0,,,unknown
4117,13045,44th St & Indianola Av,SB 44th St & FS Indianola Av,33.491637,-111.987059,44,5,stop_id,,0,0,,,unknown
4118,13052,44th St & McDowell Rd,SB 44th St & FS McDowell Rd,33.465295,-111.987333,"44, 17s, 17",77,stop_id,,0,0,,,unknown
4119,18010,44th St & Oak St,SB 44th St & FS Oak St,33.472423,-111.987203,44,20,stop_id,,0,0,,,unknown
412,12715,Indian School Rd & 3rd St,EB Indian School Rd & FS 3rd St,33.494671,-112.069003,41,36,stop_id,,0,0,,,unknown
4120,13046,44th St & Osborn Rd,SB 44th St & FS Osborn Rd,33.487088,-111.987093,44,9,stop_id,,0,0,,,unknown
4121,13051,44th St & Palm Ln,SB 44th St & FS Palm Ln,33.469009,-111.987214,44,4,stop_id,,0,0,,,unknown
4122,13037,44th St & St Joseph Wy,SB 44th St & FS St Joseph Wy,33.519981,-111.98663,44,1,stop_id,,0,0,,,unknown
4123,13038,44th St & Stanford Dr,SB 44th St & FS Stanford Dr,33.516534,-111.98671,44,1,stop_id,,0,0,,,unknown
4124,13048,44th St & Thomas Rd,SB 44th St & FS Thomas Rd,33.4792,-111.987196,"44, 29",143,stop_id,,0,0,,,unknown
4125,10373,44th St & Van Buren St,SB 44th St & FS Van Buren St,33.450765,-111.98729,"44, 3",3,stop_id,,0,0,,,unknown
4127,13055,44th St & 426 North,SB 44th St & AT 426 North,33.4533870000001,-111.987336,44,0,stop_id,,0,0,,,unknown
4129,13525,51st Av & Virginia Av,SB 51st Av & FS Virginia Av,33.4761940000001,-112.169126,51,7,stop_id,,0,0,,,unknown
413,12732,Indian School Rd & 40th St,EB Indian School Rd & FS 40th St,33.4949970000001,-111.994861,41,6,stop_id,,0,0,,,unknown
4132,13516,51st Av & Camelback Rd,SB 51st Av & FS Camelback Rd,33.5084830000001,-112.168965,51,106,stop_id,,0,0,,,unknown
4133,13518,51st Av & Campbell Av,SB 51st Av & FS Campbell Av,33.5016860000001,-112.168983,"MARY, 51",24,stop_id,,0,0,,,unknown
4135,13517,51st Av & Maryvale Pkwy,SB 51st Av & FS Maryvale Pkwy,33.5049720000001,-112.16893,51,12,stop_id,,0,0,,,unknown
4136,13523,51st Av & Earll Dr,SB 51st Av & FS Earll Dr,33.4837420000001,-112.169035,51,3,stop_id,,0,0,,,unknown
4137,13526,51st Av & Encanto Bl,SB 51st Av & FS Encanto Bl,33.4728030000001,-112.169176,"MARY, 51",4,stop_id,,0,0,,,unknown
414,12734,Indian School Rd & 44th St,EB Indian School Rd & FS 44th St,33.4947520000001,-111.986543,41,16,stop_id,,0,0,,,unknown
4140,13519,51st Av & Glenrosa Av,SB 51st Av & FS Glenrosa Av,33.4981000000001,-112.169009,"MARY, 51",6,stop_id,,0,0,,,unknown
4141,13527,51st Av & Hubbell St,SB 51st Av & FS Hubbell St,33.4701690000001,-112.169186,51,2,stop_id,,0,0,,,unknown
4142,13520,51st Av & Indian School Rd,SB 51st Av & FS Indian School Rd,33.49429,-112.169071,"MARY, 51",141,stop_id,,0,0,,,unknown
4145,13522,51st Av & Osborn Rd,SB 51st Av & FS Osborn Rd,33.486968,-112.169081,51,12,stop_id,,0,0,,,unknown
4148,13524,51st Av & Thomas Rd,SB 51st Av & FS Thomas Rd,33.479881,-112.169112,51,86,stop_id,,0,0,,,unknown
4149,13521,51st Av & Whitton Av,SB 51st Av & FS Whitton Av,33.489696,-112.169068,"MARY, 51",5,stop_id,,0,0,,,unknown
415,18059,Indian School Rd & 48th St,EB Indian School Rd & FS 48th St,33.494494,-111.977725,41,8,stop_id,,0,0,,,unknown
5609,11305,Dobbins Rd & 14th St,WB Dobbins Rd & FS 14th St,33.363347,-112.05354,"16s, 16",0,stop_id,,0,0,,,unknown
5610,11304,Dobbins Rd & 16th St,WB Dobbins Rd & FS 16th St,33.3633150000001,-112.049249,"16s, 16",0,stop_id,,0,0,,,unknown
5619,17019,Elliot Rd & 44th St,WB Elliot Rd & FS 44th St,33.3485420000001,-111.987558,ALEX,0,stop_id,,0,0,,,unknown
562,10947,Osborn Rd & Randolph Rd,EB Osborn Rd & FS Randolph Rd,33.487311,-112.052039,12,2,stop_id,,0,0,,,unknown
5620,13658,Elliot Rd & 51st St,WB Elliot Rd & FS 51st St,33.3491110000001,-111.976418,108,3,stop_id,,0,0,,,unknown
563,10946,Osborn Rd & West Manor Dr,EB Osborn Rd & FS West Manor Dr,33.487312,-112.055112,12,4,stop_id,,0,0,,,unknown
6564,17018,Elliot Rd & 48th St,WB Elliot Rd & FS 48th St,33.349069,-111.981039,ALEX,0,stop_id,,0,0,,,unknown
5634,10606,Fillmore St & 3rd St,WB Fillmore St & FS 3rd St,33.454596,-112.070336,7,2,stop_id,,0,0,,,unknown
5635,10605,Fillmore St & 5th St,WB Fillmore St & FS 5th St,33.454592,-112.068632,7,2,stop_id,,0,0,,,unknown
5636,10604,Fillmore St & 7th St,WB Fillmore St & FS 7th St,33.454574,-112.065852,7,7,stop_id,,0,0,,,unknown
5641,16645,Bell Rd & Scottsdale Rd,WB Bell Rd & FS Scottsdale Rd,33.638427,-111.926075,170,56,stop_id,,0,0,,,unknown
5644,14576,Glendale Av & 10th St,WB Glendale Av & FS 10th St,33.538369,-112.060888,70,5,stop_id,,0,0,,,unknown
5645,14575,Glendale Av & 12th St,WB Glendale Av & FS 12th St,33.538345,-112.056849,70,16,stop_id,,0,0,,,unknown
5646,14573,Glendale Av & 16th St,WB Glendale Av & FS 16th St,33.538355,-112.048163,70,65,stop_id,,0,0,,,unknown
5647,14572,Glendale Av & 18th St,WB Glendale Av & FS 18th St,33.53842,-112.043983,70,3,stop_id,,0,0,,,unknown
5648,12407,Glendale Av & 20th St,WB Glendale Av & FS 20th St,33.538483,-112.039401,70,4,stop_id,,0,0,,,unknown
5650,14578,Glendale Av & 3rd St,WB Glendale Av & FS 3rd St,33.538393,-112.069854,70,1,stop_id,,0,0,,,unknown
5651,14577,Glendale Av & 7th St,WB Glendale Av & FS 7th St,33.538442,-112.065734,70,57,stop_id,,0,0,,,unknown
5652,14574,Glendale Av & 14th St,WB Glendale Av & FS 14th St,33.538332,-112.051697,70,1,stop_id,,0,0,,,unknown
5676,10912,Hatcher Rd & 12th St,WB Hatcher Rd & FS 12th St,33.571403,-112.057352,12,2,stop_id,,0,0,,,unknown
5680,12788,Indian School Rd & 20th St,WB Indian School Rd & FS 20th St,33.494895,-112.039644,41,34,stop_id,,0,0,,,unknown
5681,12787,Indian School Rd & 22nd St,WB Indian School Rd & FS 22nd St,33.494895,-112.034937,41,5,stop_id,,0,0,,,unknown
5682,17081,Indian School Rd & 24th St,WB Indian School Rd & FS 24th St,33.49497,-112.030824,41,102,stop_id,,0,0,,,unknown
5683,12785,Indian School Rd & 26th St,WB Indian School Rd & FS 26th St,33.4950240000001,-112.026185,41,17,stop_id,,0,0,,,unknown
5684,18282,Indian School Rd & 28th St,WB Indian School Rd & FS 28th St,33.4951150000001,-112.022434,41,64,stop_id,,0,0,,,unknown
5685,12781,Indian School Rd & 32nd St,WB Indian School Rd & FS 32nd St,33.4953530000001,-112.013714,41,92,stop_id,,0,0,,,unknown
5686,12780,Indian School Rd & 34th St,WB Indian School Rd & FS 34th St,33.495298,-112.008982,41,3,stop_id,,0,0,,,unknown
5687,12779,Indian School Rd & 36th St,WB Indian School Rd & FS 36th St,33.4952740000001,-112.004595,41,34,stop_id,,0,0,,,unknown
5688,12778,Indian School Rd & 38th St,WB Indian School Rd & FS 38th St,33.49524,-112.000341,41,11,stop_id,,0,0,,,unknown
5689,12777,Indian School Rd & 40th St,WB Indian School Rd & FS 40th St,33.495217,-111.995929,41,16,stop_id,,0,0,,,unknown
5690,18011,Indian School Rd & 42nd St,WB Indian School Rd & FS 42nd St,33.4951080000001,-111.991628,41,9,stop_id,,0,0,,,unknown
5691,12775,Indian School Rd & 44th St,WB Indian School Rd & FS 44th St,33.4950250000001,-111.987503,41,70,stop_id,,0,0,,,unknown
5692,12774,Indian School Rd & 45th Pl,WB Indian School Rd & FS 45th Pl,33.4948630000001,-111.983524,41,16,stop_id,,0,0,,,unknown
5693,12772,Indian School Rd & 50th St,WB Indian School Rd & FS 50th St,33.493978,-111.973392,41,1,stop_id,,0,0,,,unknown
5694,12771,Indian School Rd & 52nd St,WB Indian School Rd & FS 52nd St,33.4919310000001,-111.969429,41,1,stop_id,,0,0,,,unknown
5695,12770,Indian School Rd & 56th St,WB Indian School Rd & FS 56th St,33.489039,-111.961408,41,15,stop_id,,0,0,,,unknown
5698,12773,Indian School Rd & Arcadia Dr,WB Indian School Rd & FS Arcadia Dr,33.494757,-111.979039,41,26,stop_id,,0,0,,,unknown
57,14944,Baseline Rd & 42nd Pl,EB Baseline Rd & FS 42nd Pl,33.3779510000001,-111.991985,77,0,stop_id,,0,0,,,unknown
570,17167,Ray Rd & 40th Pl,EB Ray Rd & FS 40th Pl,33.3195680000001,-111.99854,ALEX,0,stop_id,,0,0,,,unknown
5706,12769,Indian School Rd & 60th St,WB Indian School Rd & FS 60th St,33.490666,-111.952146,41,2,stop_id,,0,0,,,unknown
571,17169,Ray Rd & 46th Pl,EB Ray Rd & FS 46th Pl,33.319619,-111.983765,ALEX,0,stop_id,,0,0,,,unknown
5711,17162,Knox Rd & 44th St,WB Knox Rd & FS 44th St,33.327115,-111.989613,ALEX,0,stop_id,,0,0,,,unknown
5714,12405,Lincoln Dr & Piestewa Peak Dr,WB Lincoln Dr & FS Piestewa Peak Dr,33.5372080000001,-112.032796,70,1,stop_id,,0,0,,,unknown
5715,18219,Lincoln Dr & 22nd St,WB Lincoln Dr & FS 22nd St,33.5383330000001,-112.034989,70,6,stop_id,,0,0,,,unknown
572,17170,Ray Rd & 48th St,EB Ray Rd & FS 48th St,33.319649,-111.97989,"ALEX, 56, 140",114,stop_id,,0,0,,,unknown
573,17166,Ray Rd & Mountain Pkwy,EB Ray Rd & FS Mountain Pkwy,33.3153080000001,-112.006217,ALEX,0,stop_id,,0,0,,,unknown
5731,12450,Mayo Bl & 4910 East,WB Mayo Bl & AT 4910 East,33.6685370000001,-111.972551,186,1,stop_id,,0,0,,,unknown
5737,11437,McDowell Rd & 30th St,WB McDowell Rd & FS 30th St,33.465855,-112.017786,17,20,stop_id,,0,0,,,unknown
5738,11448,McDowell Rd & 10th St,WB McDowell Rd & FS 10th St,33.465831,-112.061198,17,29,stop_id,,0,0,,,unknown
5739,11447,McDowell Rd & 12th St,WB McDowell Rd & FS 12th St,33.465828,-112.057132,17,76,stop_id,,0,0,,,unknown
574,17168,Ray Rd & Ranch Cir S,EB Ray Rd & FS Ranch Cir S,33.3197890000001,-111.991647,ALEX,0,stop_id,,0,0,,,unknown
5740,11446,McDowell Rd & 14th St,WB McDowell Rd & FS 14th St,33.465858,-112.052383,17,24,stop_id,,0,0,,,unknown
5741,11445,McDowell Rd & 16th St,WB McDowell Rd & FS 16th St,33.4659,-112.04805,17,124,stop_id,,0,0,,,unknown
5742,11444,McDowell Rd & 18th St,WB McDowell Rd & FS 18th St,33.4658690000001,-112.043925,17,16,stop_id,,0,0,,,unknown
5743,11443,McDowell Rd & 19th St,WB McDowell Rd & FS 19th St,33.4658690000001,-112.04186,17,9,stop_id,,0,0,,,unknown
5744,11442,McDowell Rd & 21st Pl,WB McDowell Rd & FS 21st Pl,33.4659340000001,-112.036075,17,24,stop_id,,0,0,,,unknown
5745,11441,McDowell Rd & 22nd Pl,WB McDowell Rd & FS 22nd Pl,33.4658670000001,-112.033846,17,15,stop_id,,0,0,,,unknown
5746,11440,McDowell Rd & 24th St,WB McDowell Rd & FS 24th St,33.465948,-112.030595,17,118,stop_id,,0,0,,,unknown
5747,11438,McDowell Rd & 27th Pl,WB McDowell Rd & FS 27th Pl,33.4658680000001,-112.023582,17,36,stop_id,,0,0,,,unknown
5748,11436,McDowell Rd & 32nd St,WB McDowell Rd & FS 32nd St,33.4658820000001,-112.013481,17,147,stop_id,,0,0,,,unknown
5749,11435,McDowell Rd & 34th St,WB McDowell Rd & FS 34th St,33.465826,-112.009018,17,40,stop_id,,0,0,,,unknown
575,13543,Roeser Rd & 18th Pl,EB Roeser Rd & FS 18th Pl,33.399591,-112.042114,"52s, 52",3,stop_id,,0,0,,,unknown
5750,11434,McDowell Rd & 36th St,WB McDowell Rd & FS 36th St,33.4658160000001,-112.004831,17,72,stop_id,,0,0,,,unknown
5751,11433,McDowell Rd & 38th St,WB McDowell Rd & FS 38th St,33.4658210000001,-112.000428,17,34,stop_id,,0,0,,,unknown
5752,11451,McDowell Rd & 3rd St,WB McDowell Rd & FS 3rd St,33.4658420000001,-112.070061,17,13,stop_id,,0,0,,,unknown
5753,18078,McDowell Rd & 40th St,WB McDowell Rd & FS 40th St,33.4658150000001,-111.996045,17,134,stop_id,,0,0,,,unknown
5754,11431,McDowell Rd & 41st Pl,WB McDowell Rd & FS 41st Pl,33.465768,-111.992824,17,70,stop_id,,0,0,,,unknown
5755,11430,McDowell Rd & 44th St,WB McDowell Rd & FS 44th St,33.4658830000001,-111.987648,17,124,stop_id,,0,0,,,unknown
5756,11429,McDowell Rd & 46th St,WB McDowell Rd & FS 46th St,33.465787,-111.982592,17,12,stop_id,,0,0,,,unknown
5757,11428,McDowell Rd & 48th St,WB McDowell Rd & FS 48th St,33.465811,-111.979144,17,116,stop_id,,0,0,,,unknown
5758,11427,McDowell Rd & 50th St,WB McDowell Rd & FS 50th St,33.465783,-111.97478,17,23,stop_id,,0,0,,,unknown
5759,11426,McDowell Rd & 52nd St,WB McDowell Rd & FS 52nd St,33.46572,-111.970398,17,37,stop_id,,0,0,,,unknown
576,13544,Roeser Rd & 20th St,EB Roeser Rd & FS 20th St,33.3995870000001,-112.038152,"52s, 52",16,stop_id,,0,0,,,unknown
5760,11450,McDowell Rd & 5th St,WB McDowell Rd & FS 5th St,33.4658240000001,-112.067678,17,32,stop_id,,0,0,,,unknown
5761,11424,McDowell Rd & 64th St,WB McDowell Rd & FS 64th St,33.466119,-111.944283,"514, 17",8,stop_id,,0,0,,,unknown
5765,18072,McDowell Rd & 7th St,WB McDowell Rd & FS 7th St,33.4658850000001,-112.065809,17,102,stop_id,,0,0,,,unknown
5766,11425,McDowell Rd & Bushmaster Bl,WB McDowell Rd & FS Bushmaster Bl,33.4656650000001,-111.962023,17,1,stop_id,,0,0,,,unknown
577,13545,Roeser Rd & 22nd Pl,EB Roeser Rd & FS 22nd Pl,33.399592,-112.032723,"52s, 52",1,stop_id,,0,0,,,unknown
578,13547,Roeser Rd & 27th St,EB Roeser Rd & FS 27th St,33.399599,-112.023831,"52s, 52",1,stop_id,,0,0,,,unknown
579,13548,Roeser Rd & 28th St,EB Roeser Rd & FS 28th St,33.3996040000001,-112.020953,"52s, 52",1,stop_id,,0,0,,,unknown
58,14946,Baseline Rd & 46th St,EB Baseline Rd & FS 46th St,33.377998,-111.983819,77,18,stop_id,,0,0,,,unknown
580,13553,Roeser Rd & 36th St,EB Roeser Rd & FS 36th St,33.3997140000001,-112.004057,"52s, 52",0,stop_id,,0,0,,,unknown
5801,11198,Northern Av & 12th St,WB Northern Av & FS 12th St,33.553118,-112.056994,80,38,stop_id,,0,0,,,unknown
5802,11196,Northern Av & 16th St,WB Northern Av & FS 16th St,33.5539220000001,-112.049195,80,14,stop_id,,0,0,,,unknown
5803,11201,Northern Av & 3rd Pl,WB Northern Av & FS 3rd Pl,33.552875,-112.069591,80,0,stop_id,,0,0,,,unknown
5804,11200,Northern Av & 7th St,WB Northern Av & FS 7th St,33.552832,-112.065727,80,32,stop_id,,0,0,,,unknown
5805,11199,Northern Av & Pueblo Rd,WB Northern Av & FS Pueblo Rd,33.5528120000001,-112.061098,80,2,stop_id,,0,0,,,unknown
581,13554,Roeser Rd & 38th Pl,EB Roeser Rd & FS 38th Pl,33.399688,-111.998385,"52s, 52",0,stop_id,,0,0,,,unknown
5811,10886,Osborn Rd & 14th St,WB Osborn Rd & FS 14th St,33.4874980000001,-112.052505,12,2,stop_id,,0,0,,,unknown
5812,10885,Osborn Rd & 16th St,WB Osborn Rd & FS 16th St,33.487509,-112.048255,12,10,stop_id,,0,0,,,unknown
5817,17156,Ray Rd & 40th Pl,WB Ray Rd & FS 40th Pl,33.3193660000001,-111.999294,ALEX,0,stop_id,,0,0,,,unknown
5818,17154,Ray Rd & 46th Pl,WB Ray Rd & FS 46th Pl,33.3199510000001,-111.984897,ALEX,0,stop_id,,0,0,,,unknown
5819,17153,Ray Rd & 48th St,WB Ray Rd & FS 48th St,33.3199700000001,-111.981088,"ALEX, 56, 140",2,stop_id,,0,0,,,unknown
582,13539,Roeser Rd & 9th St,EB Roeser Rd & FS 9th St,33.3995360000001,-112.059887,"52s, 52",13,stop_id,,0,0,,,unknown
5820,17152,Ray Rd & 50th St,WB Ray Rd & FS 50th St,33.320025,-111.976632,"ALEX, 56, 140",2,stop_id,,0,0,,,unknown
5821,17155,Ray Rd & Ranch Cir N,WB Ray Rd & FS Ranch Cir,33.3200870000001,-111.992777,ALEX,0,stop_id,,0,0,,,unknown
5823,13581,Roeser Rd & 12th Wy,WB Roeser Rd & FS 12th Wy,33.3996920000001,-112.05462,52,7,stop_id,,0,0,,,unknown
5824,13580,Roeser Rd & 14th Wy,WB Roeser Rd & FS 14th Wy,33.399709,-112.050355,52,6,stop_id,,0,0,,,unknown
5825,13564,Roeser Rd & 44th St,WB Roeser Rd & FS 44th St,33.3998940000001,-111.98794,52,1,stop_id,,0,0,,,unknown
5826,13579,Roeser Rd & 16th St,WB Roeser Rd & FS 16th St,33.399747,-112.048195,52,17,stop_id,,0,0,,,unknown
5827,13578,Roeser Rd & 18th Pl,WB Roeser Rd & FS 18th Pl,33.399726,-112.04289,52,12,stop_id,,0,0,,,unknown
5828,13577,Roeser Rd & 20th St,WB Roeser Rd & FS 20th St,33.3997190000001,-112.038011,52,0,stop_id,,0,0,,,unknown
5829,13576,Roeser Rd & 21st Pl,WB Roeser Rd & FS 21st Pl,33.399725,-112.036292,52,6,stop_id,,0,0,,,unknown
583,13541,Roeser Rd & 14th Wy,EB Roeser Rd & FS 14th Wy,33.3995610000001,-112.049272,"52s, 52",4,stop_id,,0,0,,,unknown
5830,13575,Roeser Rd & 24th St,WB Roeser Rd & FS 24th St,33.3997400000001,-112.031052,52,20,stop_id,,0,0,,,unknown
5831,13574,Roeser Rd & 27St St,WB Roeser Rd & FS 27St St,33.399747,-112.024471,52,12,stop_id,,0,0,,,unknown
5832,13573,Roeser Rd & 28th St,WB Roeser Rd & FS 28th St,33.399755,-112.021685,52,13,stop_id,,0,0,,,unknown
5833,13572,Roeser Rd & 29th St,WB Roeser Rd & FS 29th St,33.3997590000001,-112.01886,52,19,stop_id,,0,0,,,unknown
5834,13571,Roeser Rd & 31st St,WB Roeser Rd & FS 31st St,33.3997650000001,-112.015928,52,12,stop_id,,0,0,,,unknown
5835,13570,Roeser Rd & 32nd St,WB Roeser Rd & FS 32nd St,33.39977,-112.01314,52,19,stop_id,,0,0,,,unknown
5836,13568,Roeser Rd & 36th St,WB Roeser Rd & FS 36th St,33.3998050000001,-112.004523,52,5,stop_id,,0,0,,,unknown
5837,13567,Roeser Rd & 38th Pl,WB Roeser Rd & FS 38th Pl,33.3998290000001,-111.999239,52,4,stop_id,,0,0,,,unknown
5838,13566,Roeser Rd & 40th St,WB Roeser Rd & FS 40th St,33.399912,-111.996038,52,8,stop_id,,0,0,,,unknown
5839,13562,Roeser Rd & 48th St,WB Roeser Rd & FS 48th St,33.400069,-111.978933,52,18,stop_id,,0,0,,,unknown
584,13542,Roeser Rd & 16th St,EB Roeser Rd & FS 16th St,33.3995420000001,-112.046123,"52s, 52",13,stop_id,,0,0,,,unknown
5840,13584,Roeser Rd & 4th St,WB Roeser Rd & FS 4th St,33.3996450000001,-112.069242,52,3,stop_id,,0,0,,,unknown
5841,13583,Roeser Rd & 7th St,WB Roeser Rd & FS 7th St,33.3996920000001,-112.065303,52,29,stop_id,,0,0,,,unknown
5842,13582,Roeser Rd & 9th St,WB Roeser Rd & FS 9th St,33.399681,-112.060553,52,3,stop_id,,0,0,,,unknown
5843,13569,Roeser Rd & 3422 East,WB Roeser Rd & AT 3422 East,33.399796,-112.008394,52,1,stop_id,,0,0,,,unknown
5845,10847,Roosevelt St & 11th St,WB Roosevelt St & FS 11th St,33.4587250000001,-112.059354,10,8,stop_id,,0,0,,,unknown
5846,10846,Roosevelt St & 12th St,WB Roosevelt St & FS 12th St,33.458718,-112.056827,10,5,stop_id,,0,0,,,unknown
5847,10845,Roosevelt St & 14th St,WB Roosevelt St & FS 14th St,33.4587690000001,-112.052453,10,8,stop_id,,0,0,,,unknown
5848,14876,Roosevelt St & 16th St,WB Roosevelt St & FS 16th St,33.4587930000001,-112.048202,"32s, 10",45,stop_id,,0,,,,unknown
5849,10842,Roosevelt St & 19th St,WB Roosevelt St & FS 19th St,33.458735,-112.041588,"32s, 10",10,stop_id,,0,0,,,unknown
585,13546,Roeser Rd & 24th St,EB Roeser Rd & FS 24th St,33.3995550000001,-112.029152,"52s, 52",10,stop_id,,0,0,,,unknown
5850,10851,Roosevelt St & 1st St,WB Roosevelt St & FS 1st St,33.458743,-112.073016,10,5,stop_id,,0,0,,,unknown
5851,10841,Roosevelt St & 20th St,WB Roosevelt St & FS 20th St,33.45872,-112.038635,"32s, 10",1,stop_id,,0,0,,,unknown
5852,10840,Roosevelt St & 22nd Pl,WB Roosevelt St & FS 22nd Pl,33.4587000000001,-112.033212,"32s, 10",20,stop_id,,0,0,,,unknown
5853,10839,Roosevelt St & 24th St,WB Roosevelt St & FS 24th St,33.4586860000001,-112.03077,"32s, 10",39,stop_id,,0,0,,,unknown
5854,10838,Roosevelt St & 25th Pl,WB Roosevelt St & FS 25th Pl,33.458669,-112.027494,"32s, 10",27,stop_id,,0,0,,,unknown
5855,10837,Roosevelt St & 27th St,WB Roosevelt St & FS 27th St,33.458651,-112.024254,"32s, 10",3,stop_id,,0,0,,,unknown
5856,10836,Roosevelt St & 28th St,WB Roosevelt St & FS 28th St,33.458646,-112.021984,"32s, 10",19,stop_id,,0,0,,,unknown
5857,10835,Roosevelt St & 30th St,WB Roosevelt St & FS 30th St,33.4586630000001,-112.017681,"32s, 10",22,stop_id,,0,0,,,unknown
5858,10833,Roosevelt St & 32nd St,WB Roosevelt St & FS 32nd St,33.4586190000001,-112.013479,"32s, 10",52,stop_id,,0,0,,,unknown
5859,10850,Roosevelt St & 3rd St,WB Roosevelt St & FS 3rd St,33.458741,-112.070411,10,1,stop_id,,0,0,,,unknown
586,13549,Roeser Rd & 28th Pl,EB Roeser Rd & FS 28th Pl,33.3996050000001,-112.018605,"52s, 52",5,stop_id,,0,0,,,unknown
5862,10849,Roosevelt St & 7th St,WB Roosevelt St & FS 7th St,33.458743,-112.066028,10,7,stop_id,,0,0,,,unknown
5863,14868,Roosevelt St & 9th St,WB Roosevelt St & FS 9th St,33.4587290000001,-112.062825,10,2,stop_id,,0,,,,unknown
5867,10843,Roosevelt St & Patricio St,WB Roosevelt St & FS Patricio St,33.458761,-112.044683,"32s, 10",8,stop_id,,0,0,,,unknown
5868,10834,Roosevelt St & 31st St,WB Roosevelt St & NS 31st St,33.458626,-112.014861,"32s, 10",8,stop_id,,0,0,,,unknown
587,13550,Roeser Rd & 31st Pl,EB Roeser Rd & FS 31st Pl,33.399613,-112.014588,"52s, 52",3,stop_id,,0,0,,,unknown
5870,15689,Shea Bl & 58th St,WB Shea Bl & FS 58th St,33.582679,-111.956783,80,0,stop_id,,0,0,,,unknown
5877,12484,Shea Bl & 36th St,WB Shea Bl & FS 36th St,33.5827,-112.004977,"80, 39",3,stop_id,,0,0,,,unknown
5878,12483,Shea Bl & 38th St,WB Shea Bl & FS 38th St,33.582766,-112.000649,"80, 39",0,stop_id,,0,0,,,unknown
5879,12482,Shea Bl & 40th St,WB Shea Bl & FS 40th St,33.582902,-111.996425,"80, 39",12,stop_id,,0,0,,,unknown
588,13551,Roeser Rd & 32nd St,EB Roeser Rd & FS 32nd St,33.3996250000001,-112.012154,"52s, 52",3,stop_id,,0,0,,,unknown
5880,12481,Shea Bl & 42nd St,WB Shea Bl & FS 42nd St,33.582887,-111.991234,80,2,stop_id,,0,0,,,unknown
5881,12480,Shea Bl & 44th St,WB Shea Bl & FS 44th St,33.582818,-111.986965,80,1,stop_id,,0,0,,,unknown
5882,12479,Shea Bl & 46th St,WB Shea Bl & FS 46th St,33.582797,-111.982537,80,1,stop_id,,0,0,,,unknown
5883,16903,Shea Bl & 51st Pl,WB Shea Bl & FS 51st Pl,33.582769,-111.971213,80,1,stop_id,,0,0,,,unknown
5884,16902,Shea Bl & 54th St,WB Shea Bl & FS 54th St,33.582767,-111.965365,80,2,stop_id,,0,0,,,unknown
5885,16901,Shea Bl & 56th St,WB Shea Bl & FS 56th St,33.5828050000001,-111.961344,80,7,stop_id,,0,0,,,unknown
5886,15688,Shea Bl & 60th Pl,WB Shea Bl & FS 60th Pl,33.5825090000001,-111.951585,80,2,stop_id,,0,0,,,unknown
5887,15687,Shea Bl & 64th St,WB Shea Bl & FS 64th St,33.5822680000001,-111.94417,80,7,stop_id,,0,0,,,unknown
589,13555,Roeser Rd & 40th St,EB Roeser Rd & FS 40th St,33.399779,-111.995081,"52s, 52",1,stop_id,,0,0,,,unknown
5897,12478,Shea Bl & Tatum Bl,WB Shea Bl & FS Tatum Bl,33.5828720000001,-111.978542,80,41,stop_id,,0,0,,,unknown
590,13556,Roeser Rd & 42nd Pl,EB Roeser Rd & FS 42nd Pl,33.399792,-111.990995,"52s, 52",0,stop_id,,0,0,,,unknown
5908,14099,Southern Av & 12th St,WB Southern Av & FS 12th St,33.3923610000001,-112.056519,61,9,stop_id,,0,0,,,unknown
5909,14094,Southern Av & 22nd St,WB Southern Av & FS 22nd St,33.393137,-112.035009,61,16,stop_id,,0,0,,,unknown
591,13557,Roeser Rd & 44th St,EB Roeser Rd & FS 44th St,33.399749,-111.987078,"52s, 52",0,stop_id,,0,0,,,unknown
5910,14091,Southern Av & 28th St,WB Southern Av & FS 28th St,33.393602,-112.021676,61,5,stop_id,,0,0,,,unknown
5911,14082,Southern Av & 46th St,WB Southern Av & FS 46th St,33.3928290000001,-111.983117,61,4,stop_id,,0,0,,,unknown
5915,14090,Southern Av & Old Southern Av,WB Southern Av & FS Old Southern Av,33.393946,-112.016829,61,2,stop_id,,0,0,,,unknown
5916,14097,Southern Av & 16th St,WB Southern Av & FS 16th St,33.3928470000001,-112.047865,61,69,stop_id,,0,0,,,unknown
5917,14096,Southern Av & 18th St,WB Southern Av & FS 18th St,33.392956,-112.042795,61,8,stop_id,,0,0,,,unknown
5918,14093,Southern Av & 24th St,WB Southern Av & FS 24th St,33.3932370000001,-112.030802,61,55,stop_id,,0,0,,,unknown
592,13558,Roeser Rd & 46th St,EB Roeser Rd & FS 46th St,33.3997670000001,-111.982468,"52s, 52",0,stop_id,,0,0,,,unknown
5920,14089,Southern Av & 32nd St,WB Southern Av & FS 32nd St,33.3927200000001,-112.013071,61,32,stop_id,,0,0,,,unknown
5922,14088,Southern Av & 34th Pl,WB Southern Av & FS 34th Pl,33.3926760000001,-112.007806,61,7,stop_id,,0,0,,,unknown
5923,14087,Southern Av & 36th St,WB Southern Av & FS 36th St,33.392709,-112.004607,61,3,stop_id,,0,0,,,unknown
5924,14086,Southern Av & 38th St,WB Southern Av & FS 38th St,33.3927360000001,-112.000116,61,9,stop_id,,0,0,,,unknown
5926,14085,Southern Av & 40th St,WB Southern Av & FS 40th St,33.392745,-111.996448,61,35,stop_id,,0,0,,,unknown
5928,14084,Southern Av & 42nd St,WB Southern Av & FS 42nd St,33.392768,-111.991209,61,4,stop_id,,0,0,,,unknown
5929,14083,Southern Av & 44th Pl,WB Southern Av & FS 44th Pl,33.3928030000001,-111.986908,61,10,stop_id,,0,0,,,unknown
593,13537,Roeser Rd & 4th St,EB Roeser Rd & FS 4th St,33.3995200000001,-112.068606,52,14,stop_id,,0,0,,,unknown
5930,14081,Southern Av & 48th St,WB Southern Av & FS 48th St,33.392864,-111.978939,"61s, 61",47,stop_id,,0,0,,,unknown
5931,14102,Southern Av & 4th St,WB Southern Av & FS 4th St,33.3923280000001,-112.069396,61,5,stop_id,,0,0,,,unknown
5933,14101,Southern Av & 7th St,WB Southern Av & FS 7th St,33.392347,-112.065479,61,56,stop_id,,0,0,,,unknown
5934,14100,Southern Av & 9th St,WB Southern Av & FS 9th St,33.3923500000001,-112.060765,61,5,stop_id,,0,0,,,unknown
594,13538,Roeser Rd & 7th St,EB Roeser Rd & FS 7th St,33.399526,-112.063776,"52s, 52",67,stop_id,,0,0,,,unknown
595,13536,Roeser Rd & Central Av,EB Roeser Rd & FS Central Av,33.399507,-112.072083,52,41,stop_id,,0,0,,,unknown
596,13552,Roeser Rd & 3422 East,EB Roeser Rd & AT 3422 East,33.3996260000001,-112.008578,"52s, 52",0,stop_id,,0,0,,,unknown
5966,18398,Southern Av & 14th Pl,WB Southern Av & FS 14th Pl,33.3927370000001,-112.051591,61,7,stop_id,,0,0,,,unknown
5967,17476,Southern Av & 20th St,WB Southern Av & FS 20th St,33.392977,-112.039144,61,17,stop_id,,0,0,,,unknown
5968,14092,Southern Av & 25th St,WB Southern Av & NS 25th St,33.393429,-112.026633,61,2,stop_id,,0,0,,,unknown
597,13540,Roeser Rd & 12th St,EB Roeser Rd & FS 12th St,33.399551,-112.05565,"52s, 52",8,stop_id,,0,0,,,unknown
5972,15761,Thomas Rd & 12th St,WB Thomas Rd & FS 12th St,33.4803200000001,-112.0569,29,168,stop_id,,0,0,,,unknown
5973,11970,Thomas Rd & 31st St,WB Thomas Rd & FS 31st St,33.4805650000001,-112.015592,29,60,stop_id,,0,0,,,unknown
5974,11968,Thomas Rd & 34th St,WB Thomas Rd & FS 34th St,33.480573,-112.009055,29,29,stop_id,,0,0,,,unknown
5975,11980,Thomas Rd & Dayton St,WB Thomas Rd & FS Dayton St,33.480307,-112.060002,29,7,stop_id,,0,0,,,unknown
5976,11960,Thomas Rd & St Theresa,WB Thomas Rd & FS St Theresa,33.480172,-111.973047,29,36,stop_id,,0,0,,,unknown
5977,10951,Thomas Rd & 14th St,WB Thomas Rd & FS 14th St,33.480312,-112.051348,"29, 12",70,stop_id,,0,0,,,unknown
5978,10950,Thomas Rd & 16th St,WB Thomas Rd & FS 16th St,33.4803460000001,-112.048025,"29, 12",278,stop_id,,0,0,,,unknown
5979,11978,Thomas Rd & 18th St,WB Thomas Rd & FS 18th St,33.480329,-112.044219,29,21,stop_id,,0,0,,,unknown
598,10795,Roosevelt St & 25th Pl,EB Roosevelt St & NS 25th Pl,33.458399,-112.02714,"32s, 10",19,stop_id,,0,0,,,unknown
5980,11977,Thomas Rd & 20th St,WB Thomas Rd & FS 20th St,33.4804770000001,-112.039774,29,26,stop_id,,0,0,,,unknown
5981,18035,Thomas Rd & 24th St,WB Thomas Rd & FS 24th St,33.480448,-112.030757,29,148,stop_id,,0,0,,,unknown
5982,11973,Thomas Rd & 26th St,WB Thomas Rd & FS 26th St,33.4804490000001,-112.026117,29,10,stop_id,,0,0,,,unknown
5983,11972,Thomas Rd & 28th St,WB Thomas Rd & FS 28th St,33.480491,-112.022089,29,44,stop_id,,0,0,,,unknown
5984,11971,Thomas Rd & 30th St,WB Thomas Rd & FS 30th St,33.4805400000001,-112.017614,29,30,stop_id,,0,0,,,unknown
5985,11969,Thomas Rd & 32nd St,WB Thomas Rd & FS 32nd St,33.480624,-112.013646,29,149,stop_id,,0,0,,,unknown
5986,11967,Thomas Rd & 36th St,WB Thomas Rd & FS 36th St,33.480583,-112.004668,29,251,stop_id,,0,0,,,unknown
5987,11966,Thomas Rd & 39th St,WB Thomas Rd & FS 39th St,33.480534,-111.999213,29,99,stop_id,,0,0,,,unknown
5988,11982,Thomas Rd & 3rd St,WB Thomas Rd & FS 3rd St,33.480332,-112.070005,29,24,stop_id,,0,0,,,unknown
5989,11965,Thomas Rd & 40th St,WB Thomas Rd & FS 40th St,33.4805230000001,-111.996393,29,77,stop_id,,0,0,,,unknown
599,10787,Roosevelt St & 11th St,EB Roosevelt St & FS 11th St,33.4586120000001,-112.058338,10,6,stop_id,,0,0,,,unknown
5990,11964,Thomas Rd & 42nd St,WB Thomas Rd & FS 42nd St,33.4804760000001,-111.991611,29,9,stop_id,,0,0,,,unknown
5991,11963,Thomas Rd & 44th St,WB Thomas Rd & FS 44th St,33.4803920000001,-111.987655,29,211,stop_id,,0,0,,,unknown
5992,18281,Thomas Rd & 46th St,WB Thomas Rd & FS 46th St,33.480306,-111.982985,29,41,stop_id,,0,0,,,unknown
5993,11959,Thomas Rd & 52nd St,WB Thomas Rd & FS 52nd St,33.4801580000001,-111.97034,29,65,stop_id,,0,0,,,unknown
5994,11958,Thomas Rd & 54th St,WB Thomas Rd & FS 54th St,33.4801410000001,-111.965638,29,42,stop_id,,0,0,,,unknown
5995,18150,Thomas Rd & 56th St,WB Thomas Rd & FS 56th St,33.480125,-111.961543,29,11,stop_id,,0,0,,,unknown
5998,11981,Thomas Rd & 7th St,WB Thomas Rd & FS 7th St,33.4803360000001,-112.06555,29,74,stop_id,,0,0,,,unknown
60,14931,Baseline Rd & 9th St,EB Baseline Rd & FS 9th St,33.377645,-112.06123,77,1,stop_id,,0,0,,,unknown
600,10788,Roosevelt St & 12th St,EB Roosevelt St & FS 12th St,33.458631,-112.05614,10,8,stop_id,,0,0,,,unknown
601,10789,Roosevelt St & 14th St,EB Roosevelt St & FS 14th St,33.458627,-112.051801,10,5,stop_id,,0,0,,,unknown
6010,11975,Thomas Rd & 22nd St,WB Thomas Rd & FS 22nd St,33.4803810000001,-112.034868,29,40,stop_id,,0,0,,,unknown
6012,11961,Thomas Rd & 47th Pl,WB Thomas Rd & FS 47th Pl,33.480217,-111.979403,29,34,stop_id,,0,0,,,unknown
6015,11976,Thomas Rd & 21st St,WB Thomas Rd & FS 21st St,33.480488,-112.037039,29,27,stop_id,,0,0,,,unknown
6016,12427,Thunderbird Rd & 42nd Pl,WB Thunderbird Rd & FS 42nd Pl,33.611877,-111.990875,138,1,stop_id,,0,0,,,unknown
6017,16339,Thunderbird Rd & 1st St,WB Thunderbird Rd & FS 1st St,33.6077080000001,-112.073895,138,1,stop_id,,0,0,,,unknown
6018,16332,Thunderbird Rd & 34th Pl,WB Thunderbird Rd & FS 34th Pl,33.612405,-112.008131,138,0,stop_id,,0,0,,,unknown
6019,16331,Thunderbird Rd & 36th St,WB Thunderbird Rd & FS 36th St,33.6133610000001,-112.005305,138,0,stop_id,,0,0,,,unknown
602,10790,Roosevelt St & 16th St,EB Roosevelt St & FS 16th St,33.4586150000001,-112.046899,"32s, 10",58,stop_id,,0,0,,,unknown
6020,16330,Thunderbird Rd & 37th Pl,WB Thunderbird Rd & FS 37th Pl,33.6129570000001,-112.001997,138,0,stop_id,,0,0,,,unknown
6021,16338,Thunderbird Rd & 3rd St,WB Thunderbird Rd & FS 3rd St,33.607735,-112.069431,138,1,stop_id,,0,0,,,unknown
6022,16329,Thunderbird Rd & 40th St,WB Thunderbird Rd & FS 40th St,33.611996,-111.996612,138,4,stop_id,,0,0,,,unknown
6023,12426,Thunderbird Rd & 44th St,WB Thunderbird Rd & FS 44th St,33.611818,-111.987067,138,2,stop_id,,0,0,,,unknown
6024,12425,Thunderbird Rd & 46th St,WB Thunderbird Rd & FS 46th St,33.611727,-111.982573,138,0,stop_id,,0,0,,,unknown
6025,16337,Thunderbird Rd & 7th St,WB Thunderbird Rd & FS 7th St,33.6077910000001,-112.065692,138,49,stop_id,,0,0,,,unknown
6026,18061,Thunderbird Rd & Cave Creek Rd,WB Thunderbird Rd & FS Cave Creek Rd,33.5971180000001,-112.038486,138,41,stop_id,,0,0,,,unknown
6027,16336,Thunderbird Rd & Pointe Golf Club Dr,WB Thunderbird Rd & FS Pointe Golf Club Dr,33.6056400000001,-112.055243,138,2,stop_id,,0,0,,,unknown
6028,12424,Thunderbird Rd & Tatum Bl,WB Thunderbird Rd & FS Tatum Bl,33.6116950000001,-111.978929,138,4,stop_id,,0,0,,,unknown
6029,12454,Union Hills Dr & 44th St,WB Union Hills Dr & FS 44th St,33.655313,-111.986426,186,2,stop_id,,0,0,,,unknown
603,10791,Roosevelt St & 18th St,EB Roosevelt St & FS 18th St,33.458603,-112.042744,"32s, 10",8,stop_id,,0,0,,,unknown
6030,16819,Union Hills Dr & 9th St,WB Union Hills Dr & NS 9th St,33.6549390000001,-112.06107,186,5,stop_id,,0,0,,,unknown
6031,16818,Union Hills Dr & 12th St,WB Union Hills Dr & FS 12th St,33.6549440000001,-112.057384,186,1,stop_id,,0,0,,,unknown
6032,16817,Union Hills Dr & 16th St,WB Union Hills Dr & FS 16th St,33.655038,-112.048914,186,4,stop_id,,0,0,,,unknown
6033,16815,Union Hills Dr & 20th St,WB Union Hills Dr & FS 20th St,33.655088,-112.040062,186,2,stop_id,,0,0,,,unknown
6034,16814,Union Hills Dr & 22nd St,WB Union Hills Dr & FS 22nd St,33.6551040000001,-112.035691,186,5,stop_id,,0,0,,,unknown
6035,16811,Union Hills Dr & 28th St,WB Union Hills Dr & FS 28th St,33.6551910000001,-112.022695,186,2,stop_id,,0,0,,,unknown
6036,16810,Union Hills Dr & 30th St,WB Union Hills Dr & FS 30th St,33.655218,-112.018142,186,2,stop_id,,0,0,,,unknown
6038,16809,Union Hills Dr & 32nd St,WB Union Hills Dr & FS 32nd St,33.655268,-112.014133,186,48,stop_id,,0,0,,,unknown
6039,11231,Union Hills Dr & 34th St,WB Union Hills Dr & FS 34th St,33.6552730000001,-112.009663,"39, 186, 16",9,stop_id,,0,0,,,unknown
604,10792,Roosevelt St & 20th St,EB Roosevelt St & FS 20th St,33.45858,-112.038487,"32s, 10",12,stop_id,,0,0,,,unknown
6040,16808,Union Hills Dr & 36th St,WB Union Hills Dr & FS 36th St,33.655289,-112.00554,"39, 186",9,stop_id,,0,0,,,unknown
6041,16807,Union Hills Dr & 40th St,WB Union Hills Dr & FS 40th St,33.6553450000001,-111.996945,"39, 186",18,stop_id,,0,0,,,unknown
6042,12455,Union Hills Dr & 42nd St,WB Union Hills Dr & FS 42nd St,33.6553260000001,-111.99197,186,0,stop_id,,0,0,,,unknown
6043,16821,Union Hills Dr & 4th St,WB Union Hills Dr & FS 4th St,33.6548910000001,-112.069518,186,1,stop_id,,0,0,,,unknown
6044,16820,Union Hills Dr & 7th St,WB Union Hills Dr & FS 7th St,33.6549690000001,-112.066117,186,36,stop_id,,0,0,,,unknown
6045,16813,Union Hills Dr & Cave Creek Rd,WB Union Hills Dr & FS Cave Creek Rd,33.6551870000001,-112.031374,186,38,stop_id,,0,0,,,unknown
6046,12452,Union Hills Dr & Tatum Bl,WB Union Hills Dr & FS Tatum Bl,33.655355,-111.977937,186,28,stop_id,,0,0,,,unknown
6047,16816,Union Hills Dr & 1700 East,WB Union Hills Dr & AT 1700 East,33.655064,-112.044777,186,26,stop_id,,0,0,,,unknown
6048,16812,Union Hills Dr & 25th Pl,WB Union Hills Dr & NS 25th Pl,33.6551630000001,-112.027469,186,2,stop_id,,0,0,,,unknown
6049,18272,Union Hills Dr & 45th Wy,WB Union Hills Dr & FS 45th Wy,33.655314,-111.983016,186,0,stop_id,,0,0,,,unknown
605,10793,Roosevelt St & 22nd Pl,EB Roosevelt St & FS 22nd Pl,33.4585470000001,-112.033154,"32s, 10",8,stop_id,,0,0,,,unknown
606,10794,Roosevelt St & 24th St,EB Roosevelt St & FS 24th St,33.458472,-112.029694,"32s, 10",14,stop_id,,0,0,,,unknown
51,14933,Baseline Rd & 14th St,EB Baseline Rd & FS 14th St,33.3776330000001,-112.05268,77,3,stop_id,,0,0,,,unknown
510,18071,McDowell Rd & 7th St,EB McDowell Rd & FS 7th St,33.4655700000001,-112.064312,17,125,stop_id,,0,0,,,unknown
658,12408,Shea Bl & 32nd St,EB Shea Bl & FS 32nd St,33.5823310000001,-112.012518,80,30,stop_id,,0,0,,,unknown
659,10140,Shea Bl & 4707 East,EB Shea Bl & AT 4707 East,33.5825370000001,-111.979564,80,0,stop_id,,0,,,,unknown
6592,10660,Fillmore St & 3rd Av,WB Fillmore St & FS 3rd Av,33.4548100000001,-112.078071,8,20,stop_id,,0,0,,,unknown
6595,10607,Fillmore St & 1st Av,WB Fillmore St & NS 1st Av,33.454781,-112.07454,"8, 7",19,stop_id,,0,0,,,unknown
6602,14582,Glendale Av & 11th Av,WB Glendale Av & FS 11th Av,33.5385470000001,-112.087752,70,3,stop_id,,0,0,,,unknown
6605,14583,Glendale Av & 15th Av,WB Glendale Av & FS 15th Av,33.53862,-112.091675,70,26,stop_id,,0,0,,,unknown
6606,14585,Glendale Av & 17th Dr,WB Glendale Av & FS 17th Dr,33.5387030000001,-112.096781,70,39,stop_id,,0,0,,,unknown
6607,14586,Glendale Av & 19th Av,WB Glendale Av & FS 19th Av,33.53882,-112.100345,70,376,stop_id,,0,0,,,unknown
6608,14588,Glendale Av & 23rd Dr,WB Glendale Av & FS 23rd Dr,33.538707,-112.109027,70,53,stop_id,,0,0,,,unknown
6609,14590,Glendale Av & 27th Av,WB Glendale Av & FS 27th Av,33.5386790000001,-112.117309,70,114,stop_id,,0,0,,,unknown
6610,18204,Glendale Av & 29th Av,WB Glendale Av & FS 29th Av,33.5386580000001,-112.122258,70,9,stop_id,,0,0,,,unknown
6611,14592,Glendale Av & 31st Av,WB Glendale Av & FS 31st Av,33.5386560000001,-112.126198,70,9,stop_id,,0,0,,,unknown
6612,14593,Glendale Av & 34th Av,WB Glendale Av & FS 34th Av,33.538642,-112.132129,70,7,stop_id,,0,0,,,unknown
6613,14594,Glendale Av & 35th Av,WB Glendale Av & FS 35th Av,33.538683,-112.135433,70,105,stop_id,,0,0,,,unknown
6614,18203,Glendale Av & 39th Av,WB Glendale Av & FS 39th Av,33.5385840000001,-112.143456,70,6,stop_id,,0,0,,,unknown
6615,14580,Glendale Av & 3rd Av,WB Glendale Av & FS 3rd Av,33.5384330000001,-112.078769,70,1,stop_id,,0,0,,,unknown
6616,14597,Glendale Av & 41st Av,WB Glendale Av & FS 41st Av,33.538572,-112.147672,70,6,stop_id,,0,0,,,unknown
6636,14581,Glendale Av & 7th Av,WB Glendale Av & FS 7th Av,33.5385000000001,-112.083083,70,21,stop_id,,0,0,,,unknown
6638,14579,Glendale Av & Central Av,WB Glendale Av & FS Central Av,33.53842,-112.074414,70,25,stop_id,,0,0,,,unknown
664,13931,Southern Av & 4th St,EB Southern Av & FS 4th St,33.3921330000001,-112.068858,61,11,stop_id,,0,0,,,unknown
6644,14587,Glendale Av & 21st Av,WB Glendale Av & NS 21st Av,33.5387210000001,-112.103596,70,22,stop_id,,0,0,,,unknown
6645,14595,Glendale Av & 37th Av,WB Glendale Av & NS 37th Av,33.5386080000001,-112.138222,70,37,stop_id,,0,0,,,unknown
6650,14589,Glendale Av & 25th Dr,WB Glendale Av & NS 25th Dr,33.5387490000001,-112.114219,70,17,stop_id,,0,0,,,unknown
6670,18903,Thelda Williams TC,Thelda Williams TC (Bay 1),33.575026,-112.118906,27,,unmatched,,,,,,unknown
6671,18904,Thelda Williams TC,Thelda Williams TC (Bay 2),33.57503,-112.119202,35,,unmatched,,,,,,unknown
6672,18905,Thelda Williams TC,Thelda Williams TC (Bay 3),33.5750320000001,-112.119496,90,,unmatched,,,,,,unknown
6673,18906,Thelda Williams TC,Thelda Williams TC (Bay 4),33.575047,-112.119802,106,,unmatched,,,,,,unknown
6674,18907,Thelda Williams TC,Thelda Williams TC (Bay 5),33.5751930000001,-112.119672,106,,unmatched,,,,,,unknown
6675,18908,Thelda Williams TC,Thelda Williams TC (Bay 6),33.575187,-112.119347,90,,unmatched,,,,,,unknown
6676,18909,Thelda Williams TC,Thelda Williams TC (Bay 7),33.5751780000001,-112.119046,35,,unmatched,,,,,,unknown
6677,18910,Thelda Williams TC,Thelda Williams TC (Bay 8),33.575163,-112.118749,27,,unmatched,,,,,,unknown
668,13934,Southern Av & 12th St,EB Southern Av & FS 12th St,33.392166,-112.055679,61,12,stop_id,,0,0,,,unknown
6680,18913,I-17 Frontage Rd & Thelda Williams TC,SB I-17 Frontage Rd & AT Thelda Williams TC (Bay 11),33.5746780000001,-112.117554,I17,,stop_id,,0,,,,unknown
669,13935,Southern Av & 13th Pl,EB Southern Av & FS 13th Pl,33.3924260000001,-112.052438,61,6,stop_id,,0,0,,,unknown
670,13936,Southern Av & 16th St,EB Southern Av & FS 16th St,33.3926200000001,-112.046624,61,80,stop_id,,0,0,,,unknown
6700,15718,Hatcher Rd & 10th Av,WB Hatcher Rd & FS 10th Av,33.571336,-112.085718,106,34,stop_id,,0,0,,,unknown
6701,15715,Hatcher Rd & 2nd Dr,WB Hatcher Rd & FS 2nd Dr,33.571401,-112.077555,"SMRT, 106",4,stop_id,,0,0,,,unknown
6702,15717,Hatcher Rd & 7th Av,WB Hatcher Rd & FS 7th Av,33.571335,-112.083228,"SMRT, 106",9,stop_id,,0,0,,,unknown
6703,15714,Hatcher Rd & Central Av,WB Hatcher Rd & FS Central Av,33.5714630000001,-112.074575,"SMRT, 106",10,stop_id,,0,0,,,unknown
6704,15719,Hatcher Rd & 12th Av,WB Hatcher Rd & FS 12th Av,33.5713250000001,-112.088375,106,28,stop_id,,0,0,,,unknown
6707,10861,Hilton Av & 19th Av,WB Hilton Av & FS 19th Av,33.4281540000001,-112.100408,19,20,stop_id,,0,0,,,unknown
671,13937,Southern Av & 18th St,EB Southern Av & FS 18th St,33.392752,-112.04156,61,9,stop_id,,0,0,,,unknown
6710,17079,Indian School Rd & 10th St,WB Indian School Rd & FS 10th St,33.494828,-112.06138,41,36,stop_id,,0,0,,,unknown
6711,12803,Indian School Rd & 11th Av,WB Indian School Rd & FS 11th Av,33.4950390000001,-112.087351,41,6,stop_id,,0,0,,,unknown
6712,14917,Indian School Rd & 12th St,WB Indian School Rd & FS 12th St,33.49483,-112.056645,41,146,stop_id,,0,0,,,unknown
6713,12792,Indian School Rd & 14th St,WB Indian School Rd & FS 14th St,33.4948230000001,-112.052455,41,11,stop_id,,0,0,,,unknown
6714,12804,Indian School Rd & 15th Av,WB Indian School Rd & FS 15th Av,33.4950870000001,-112.091886,41,73,stop_id,,0,0,,,unknown
6715,12791,Indian School Rd & 16th St,WB Indian School Rd & FS 16th St,33.4948680000001,-112.048274,41,235,stop_id,,0,0,,,unknown
6716,12805,Indian School Rd & 17th Av,WB Indian School Rd & FS 17th Av,33.4951280000001,-112.095943,41,3,stop_id,,0,0,,,unknown
6717,12806,Indian School Rd & 19th Av,WB Indian School Rd & FS 19th Av,33.495189,-112.100467,41,239,stop_id,,0,0,,,unknown
6718,10402,Indian School Rd & 19th St,WB Indian School Rd & FS 19th St,33.4948860000001,-112.041596,41,3,stop_id,,0,,,,unknown
672,13938,Southern Av & 20th St,EB Southern Av & FS 20th St,33.3928100000001,-112.038187,61,12,stop_id,,0,0,,,unknown
6720,12808,Indian School Rd & 23rd Av,WB Indian School Rd & FS 23rd Av,33.4951570000001,-112.108981,41,75,stop_id,,0,0,,,unknown
6721,12810,Indian School Rd & 27th Av,WB Indian School Rd & FS 27th Av,33.4951360000001,-112.11751,41,180,stop_id,,0,0,,,unknown
6722,12811,Indian School Rd & 29th Av,WB Indian School Rd & FS 29th Av,33.4950700000001,-112.12175,41,9,stop_id,,0,0,,,unknown
6723,12812,Indian School Rd & 31st Av,WB Indian School Rd & FS 31st Av,33.495082,-112.126108,41,33,stop_id,,0,0,,,unknown
6724,12815,Indian School Rd & 3900 West,WB Indian School Rd & AT 3900 West,33.4950840000001,-112.143351,41,1,stop_id,,0,0,,,unknown
6725,18096,Indian School Rd & 3rd Av,WB Indian School Rd & FS 3rd Av,33.4949570000001,-112.078623,41,17,stop_id,,0,0,,,unknown
6726,18212,Indian School Rd & 3rd St,WB Indian School Rd & FS 3rd St,33.4949100000001,-112.070044,41,49,stop_id,,0,0,,,unknown
6727,12817,Indian School Rd & 43rd Av,WB Indian School Rd & FS 43rd Av,33.4951070000001,-112.152333,41,138,stop_id,,0,0,,,unknown
6728,12818,Indian School Rd & 45th Av,WB Indian School Rd & FS 45th Av,33.4950450000001,-112.156448,41,14,stop_id,,0,0,,,unknown
6729,12819,Indian School Rd & 47th Av,WB Indian School Rd & FS 47th Av,33.4950460000001,-112.160708,41,29,stop_id,,0,0,,,unknown
673,13939,Southern Av & 22nd St,EB Southern Av & FS 22nd St,33.3929650000001,-112.033965,61,9,stop_id,,0,0,,,unknown
6730,12820,Indian School Rd & 49th Av,WB Indian School Rd & FS 49th Av,33.4950410000001,-112.164964,41,6,stop_id,,0,0,,,unknown
6731,12821,Indian School Rd & 51st Av,WB Indian School Rd & FS 51st Av,33.495096,-112.169968,41,80,stop_id,,0,0,,,unknown
6732,12822,Indian School Rd & 53rd Av,WB Indian School Rd & FS 53rd Av,33.49512,-112.173677,41,65,stop_id,,0,0,,,unknown
6733,12824,Indian School Rd & 57th Av,WB Indian School Rd & FS 57th Av,33.4951330000001,-112.182598,41,3,stop_id,,0,0,,,unknown
6734,18052,Indian School Rd & 59th Av,WB Indian School Rd & FS 59th Av,33.495231,-112.186899,41,97,stop_id,,0,0,,,unknown
6735,12801,Indian School Rd & 5th Av,WB Indian School Rd & FS 5th Av,33.4949570000001,-112.080534,41,16,stop_id,,0,0,,,unknown
6736,12826,Indian School Rd & 61st Av,WB Indian School Rd & FS 61st Av,33.4951280000001,-112.191217,41,2,stop_id,,0,0,,,unknown
6737,12827,Indian School Rd & 63rd Av,WB Indian School Rd & FS 63rd Av,33.4950380000001,-112.195762,41,5,stop_id,,0,0,,,unknown
6738,12829,Indian School Rd & 67th Av,WB Indian School Rd & FS 67th Av,33.4949500000001,-112.204079,41,57,stop_id,,0,0,,,unknown
6739,12830,Indian School Rd & 69th Dr,WB Indian School Rd & FS 69th Dr,33.494871,-112.208597,41,7,stop_id,,0,0,,,unknown
674,13940,Southern Av & 24th St,EB Southern Av & FS 24th St,33.393106,-112.029464,61,60,stop_id,,0,0,,,unknown
6740,12831,Indian School Rd & 71st Dr,WB Indian School Rd & FS 71st Dr,33.494849,-112.212844,41,14,stop_id,,0,0,,,unknown
6741,12832,Indian School Rd & 73rd Av,WB Indian School Rd & FS 73rd Av,33.494812,-112.216472,41,2,stop_id,,0,0,,,unknown
6742,12833,Indian School Rd & 75th Av,WB Indian School Rd & FS 75th Av,33.4948130000001,-112.221156,41,26,stop_id,,0,0,,,unknown
6743,12834,Indian School Rd & 77th Av,WB Indian School Rd & FS 77th Av,33.4946590000001,-112.225893,41,2,stop_id,,0,0,,,unknown
6744,12835,Indian School Rd & 79th Dr,WB Indian School Rd & FS 79th Dr,33.494559,-112.230083,41,1,stop_id,,0,0,,,unknown
6745,12802,Indian School Rd & 7th Av,WB Indian School Rd & FS 7th Av,33.4950410000001,-112.08396,41,113,stop_id,,0,0,,,unknown
6746,12795,Indian School Rd & 7th St,WB Indian School Rd & FS 7th St,33.494877,-112.065918,41,102,stop_id,,0,0,,,unknown
6747,12836,Indian School Rd & 81st Av,WB Indian School Rd & FS 81st Av,33.4944780000001,-112.234022,41,2,stop_id,,0,0,,,unknown
6748,12799,Indian School Rd & Central Av,WB Indian School Rd & FS Central Av,33.494966,-112.074829,41,455,stop_id,,0,0,,,unknown
6749,12809,Indian School Rd & I-17 Fwy,WB Indian School Rd & FS I-17 Fwy,33.49521,-112.113973,41,30,stop_id,,0,0,,,unknown
6750,12807,Indian School Rd & 2130 West,WB Indian School Rd & AT 2130 West,33.4951580000001,-112.105224,41,29,stop_id,,0,0,,,unknown
6751,12816,Indian School Rd & 4010 West,WB Indian School Rd & AT 4010 West,33.4950640000001,-112.146705,41,3,stop_id,,0,0,,,unknown
6752,12828,Indian School Rd & 64th Dr,WB Indian School Rd & FS 64th Dr,33.4949730000001,-112.199578,41,4,stop_id,,0,0,,,unknown
6753,12796,Indian School Rd & 4th St,WB Indian School Rd & NS 4th St,33.494872,-112.067809,41,39,stop_id,,0,0,,,unknown
6754,14866,Indian School Rd & 17th St,WB Indian School Rd & NS 17th St,33.494877,-112.045181,41,7,stop_id,,0,,,,unknown
6756,12813,Indian School Rd & 33rd Av,WB Indian School Rd & FS 33rd Av,33.4950860000001,-112.130474,41,82,stop_id,,0,0,,,unknown
6757,12814,Indian School Rd & 39th Av,WB Indian School Rd & NS 39th Av,33.4950850000001,-112.142124,41,17,stop_id,,0,0,,,unknown
6758,12823,Indian School Rd & Monterosa St,WB Indian School Rd & FS Monterosa St,33.495121,-112.179076,41,20,stop_id,,0,0,,,unknown
676,13941,Southern Av & 26th St,EB Southern Av & FS 26th St,33.3932540000001,-112.025232,61,3,stop_id,,0,0,,,unknown
677,13942,Southern Av & 28th St,EB Southern Av & FS 28th St,33.393428,-112.020886,61,3,stop_id,,0,0,,,unknown
678,13943,Southern Av & 30th St,EB Southern Av & FS 30th St,33.393718,-112.016732,61,1,stop_id,,0,0,,,unknown
6788,11460,McDowell Rd & 21st Av,WB McDowell Rd & FS 21st Av,33.465985,-112.104722,17,8,stop_id,,0,0,,,unknown
6789,11462,McDowell Rd & 25th Av,WB McDowell Rd & FS 25th Av,33.46603,-112.113098,17,15,stop_id,,0,0,,,unknown
679,13944,Southern Av & 32nd St,EB Southern Av & FS 32nd St,33.392392,-112.011974,61,21,stop_id,,0,0,,,unknown
6790,11455,McDowell Rd & 11th Av,WB McDowell Rd & FS 11th Av,33.4659370000001,-112.087419,17,2,stop_id,,0,0,,,unknown
6791,11456,McDowell Rd & 15th Av,WB McDowell Rd & FS 15th Av,33.465944,-112.092021,17,40,stop_id,,0,0,,,unknown
6792,11457,McDowell Rd & 17th Av,WB McDowell Rd & FS 17th Av,33.4659550000001,-112.096224,17,25,stop_id,,0,0,,,unknown
6794,11463,McDowell Rd & 27th Av,WB McDowell Rd & FS 27th Av,33.466058,-112.117617,17,76,stop_id,,0,0,,,unknown
6795,11464,McDowell Rd & 29th Av,WB McDowell Rd & FS 29th Av,33.4660500000001,-112.122238,17,6,stop_id,,0,0,,,unknown
6796,11465,McDowell Rd & 31st Av,WB McDowell Rd & FS 31st Av,33.466051,-112.126278,17,15,stop_id,,0,0,,,unknown
6798,11468,McDowell Rd & 35th Av,WB McDowell Rd & FS 35th Av,33.466099,-112.134919,17,129,stop_id,,0,0,,,unknown
6799,11470,McDowell Rd & 39th Av,WB McDowell Rd & FS 39th Av,33.4660960000001,-112.143861,17,22,stop_id,,0,0,,,unknown
68,10467,Baseline Rd & Jesse Owens Pkwy,EB Baseline Rd & FS Jesse Owens Pkwy,33.3776330000001,-112.068986,77,29,stop_id,,0,0,,,unknown
6800,11453,McDowell Rd & 3rd Av,WB McDowell Rd & FS 3rd Av,33.4658920000001,-112.078727,17,12,stop_id,,0,0,,,unknown
6801,11471,McDowell Rd & 41st Av,WB McDowell Rd & FS 41st Av,33.4660700000001,-112.147829,17,9,stop_id,,0,0,,,unknown
6802,11473,McDowell Rd & 43rd Av,WB McDowell Rd & FS 43rd Av,33.4661140000001,-112.152439,17,144,stop_id,,0,0,,,unknown
6803,11476,McDowell Rd & 48th Ln,WB McDowell Rd & FS 48th Ln,33.466082,-112.166034,17,11,stop_id,,0,0,,,unknown
6804,11477,McDowell Rd & 51st Av,WB McDowell Rd & FS 51st Av,33.466127,-112.169643,17,102,stop_id,,0,0,,,unknown
6805,15699,McDowell Rd & 53rd Av,WB McDowell Rd & FS 53rd Av,33.466082,-112.174309,17,9,stop_id,,0,0,,,unknown
6806,11479,McDowell Rd & 55th Av,WB McDowell Rd & FS 55th Av,33.4660890000001,-112.178158,17,15,stop_id,,0,0,,,unknown
6807,11480,McDowell Rd & 57th Av,WB McDowell Rd & FS 57th Av,33.466079,-112.182751,17,8,stop_id,,0,0,,,unknown
6808,11481,McDowell Rd & 59th Av,WB McDowell Rd & FS 59th Av,33.4661090000001,-112.187114,17,49,stop_id,,0,0,,,unknown
6809,11482,McDowell Rd & 61st Av,WB McDowell Rd & FS 61st Av,33.4660460000001,-112.191265,17,5,stop_id,,0,0,,,unknown
681,13946,Southern Av & 36th St,EB Southern Av & FS 36th St,33.3924940000001,-112.003756,61,3,stop_id,,0,0,,,unknown
6810,11483,McDowell Rd & 63rd Av,WB McDowell Rd & FS 63rd Av,33.466056,-112.19573,17,30,stop_id,,0,0,,,unknown
6811,11484,McDowell Rd & 65th Av,WB McDowell Rd & FS 65th Av,33.4659830000001,-112.200024,17,4,stop_id,,0,0,,,unknown
6812,11485,McDowell Rd & 67th Av,WB McDowell Rd & FS 67th Av,33.4660000000001,-112.203807,17,50,stop_id,,0,0,,,unknown
6813,11486,McDowell Rd & 69th Av,WB McDowell Rd & FS 69th Av,33.465917,-112.208713,17,4,stop_id,,0,0,,,unknown
6814,11487,McDowell Rd & 71st Av,WB McDowell Rd & FS 71st Av,33.465879,-112.212341,17,6,stop_id,,0,0,,,unknown
6815,11488,McDowell Rd & 73rd Av,WB McDowell Rd & FS 73rd Av,33.465828,-112.21673,17,2,stop_id,,0,0,,,unknown
6816,11489,McDowell Rd & 75th Av,WB McDowell Rd & FS 75th Av,33.4658440000001,-112.221265,17,42,stop_id,,0,0,,,unknown
6817,11490,McDowell Rd & 79th Av,WB McDowell Rd & FS 79th Av,33.4656220000001,-112.229796,17,3,stop_id,,0,0,,,unknown
6818,11454,McDowell Rd & 7th Av,WB McDowell Rd & FS 7th Av,33.4659310000001,-112.083434,17,53,stop_id,,0,0,,,unknown
6819,16720,McDowell Rd & 83rd Av,WB McDowell Rd & FS 83rd Av,33.4654850000001,-112.238526,17,61,stop_id,,0,0,,,unknown
682,13947,Southern Av & 38th St,EB Southern Av & FS 38th St,33.392522,-111.999589,61,4,stop_id,,0,0,,,unknown
6821,16721,McDowell Rd & 86th Dr,WB McDowell Rd & FS 86th Dr,33.465288,-112.24716,17,1,stop_id,,0,0,,,unknown
6822,11452,McDowell Rd & Central Av,WB McDowell Rd & FS Central Av,33.465894,-112.074522,17,286,stop_id,,0,0,,,unknown
6825,11459,McDowell Rd & 19th Av,WB McDowell Rd & FS 19th Av,33.4659830000001,-112.101353,17,55,stop_id,,0,0,,,unknown
6826,11466,McDowell Rd & 32nd Av,WB McDowell Rd & FS 32nd Av,33.466054,-112.128549,17,7,stop_id,,0,0,,,unknown
6827,11458,McDowell Rd & 18th Av,WB McDowell Rd & FS 18th Av,33.465985,-112.098262,17,15,stop_id,,0,0,,,unknown
6828,11461,McDowell Rd & 23rd Av,WB McDowell Rd & NS 23rd Av,33.466008,-112.107989,17,6,stop_id,,0,0,,,unknown
6829,11469,McDowell Rd & 37th Av,WB McDowell Rd & FS 37th Av,33.466061,-112.139355,17,20,stop_id,,0,0,,,unknown
6831,11474,McDowell Rd & 45th Av,WB McDowell Rd & NS 45th Av,33.4660640000001,-112.156513,17,11,stop_id,,0,0,,,unknown
6832,11475,McDowell Rd & 47th Av,WB McDowell Rd & NS 47th Av,33.466079,-112.160665,17,20,stop_id,,0,0,,,unknown
684,13948,Southern Av & 40th St,EB Southern Av & FS 40th St,33.3924870000001,-111.994854,61,43,stop_id,,0,0,,,unknown
6844,15050,Northern Av & 37th Av,WB Northern Av & FS 37th Av,33.553209,-112.13914,80,16,stop_id,,0,0,,,unknown
6846,18396,Northern Av & 17th Av,WB Northern Av & NS 17th Av,33.553141,-112.095855,80,3,stop_id,,0,0,,,unknown
6847,15043,Northern Av & 21st Av,WB Northern Av & FS 21st Av,33.5532170000001,-112.104408,80,28,stop_id,,0,0,,,unknown
6848,15039,Northern Av & 11th Av,WB Northern Av & FS 11th Av,33.5530580000001,-112.087378,80,0,stop_id,,0,0,,,unknown
6849,15040,Northern Av & 15th Av,WB Northern Av & FS 15th Av,33.553096,-112.091742,80,1,stop_id,,0,0,,,unknown
685,13950,Southern Av & 44th St,EB Southern Av & FS 44th St,33.392615,-111.985573,61,13,stop_id,,0,0,,,unknown
6850,15042,Northern Av & 19th Av,WB Northern Av & FS 19th Av,33.5532380000001,-112.100552,80,266,stop_id,,0,0,,,unknown
6851,18106,Northern Av & 27th Av,WB Northern Av & FS 27th Av,33.553229,-112.117461,80,55,stop_id,,0,0,,,unknown
6852,15047,Northern Av & 31st Av,WB Northern Av & FS 31st Av,33.5531960000001,-112.126128,80,12,stop_id,,0,0,,,unknown
6853,15049,Northern Av & 35th Av,WB Northern Av & FS 35th Av,33.553255,-112.135012,80,57,stop_id,,0,0,,,unknown
6854,15051,Northern Av & 39th Av,WB Northern Av & FS 39th Av,33.553212,-112.143361,80,4,stop_id,,0,0,,,unknown
6855,15037,Northern Av & 3rd Av,WB Northern Av & FS 3rd Av,33.552963,-112.078671,80,1,stop_id,,0,0,,,unknown
6856,18362,Northern Av & 40th Dr,WB Northern Av & FS 40th Dr,33.5532170000001,-112.146522,80,1,stop_id,,0,0,,,unknown
686,13951,Southern Av & 46th St,EB Southern Av & FS 46th St,33.392636,-111.982537,61,7,stop_id,,0,0,,,unknown
6865,15045,Northern Av & I-17 Fwy,WB Northern Av & FS I-17 Fwy,33.553298,-112.113365,80,7,stop_id,,0,0,,,unknown
6867,17036,Northern Av & Central Av,WB Northern Av & FS Central Av,33.5529300000001,-112.074464,80,12,stop_id,,0,0,,,unknown
6870,15044,Northern Av & 24th Av,WB Northern Av & NS 24th Av,33.5532490000001,-112.109685,80,47,stop_id,,0,0,,,unknown
6871,15048,Northern Av & 33rd Av,WB Northern Av & NS 33rd Av,33.5531930000001,-112.129778,80,8,stop_id,,0,0,,,unknown
6873,15038,Northern Av & 7th Av,WB Northern Av & NS 7th Av,33.5530350000001,-112.083342,80,9,stop_id,,0,0,,,unknown
688,13932,Southern Av & 7th St,EB Southern Av & FS 7th St,33.392137,-112.063801,61,66,stop_id,,0,0,,,unknown
6887,15727,Peoria Av & 21st Av,WB Peoria Av & FS 21st Av,33.5821280000001,-112.105186,106,5,stop_id,,0,0,,,unknown
689,18237,Southern Av & 9th St,EB Southern Av & FS 9th St,33.3921580000001,-112.059873,61,5,stop_id,,0,0,,,unknown
6896,15724,Peoria Av & 15th Av,WB Peoria Av & FS 15th Av,33.582208,-112.091716,106,26,stop_id,,0,0,,,unknown
6897,15725,Peoria Av & 17th Av,WB Peoria Av & FS 17th Av,33.582168,-112.095893,106,12,stop_id,,0,0,,,unknown
6898,15726,Peoria Av & 19th Av,WB Peoria Av & FS 19th Av,33.5822140000001,-112.100157,106,124,stop_id,,0,0,,,unknown
6899,15728,Peoria Av & 23rd Av,WB Peoria Av & FS 23rd Av,33.5821100000001,-112.108792,106,21,stop_id,,0,0,,,unknown
6900,15729,Peoria Av & 25th Av,WB Peoria Av & FS 25th Av,33.5820830000001,-112.113956,106,27,stop_id,,0,0,,,unknown
6901,15730,Peoria Av & 28th Dr,WB Peoria Av & FS 28th Dr,33.5821110000001,-112.122684,106,51,stop_id,,0,0,,,unknown
6902,15731,Peoria Av & 31st Av,WB Peoria Av & FS 31st Av,33.5821040000001,-112.125995,106,14,stop_id,,0,0,,,unknown
6903,15732,Peoria Av & 32nd Cir,WB Peoria Av & FS 32nd Cir,33.582069,-112.130972,106,2,stop_id,,0,0,,,unknown
6904,15733,Peoria Av & 35th Av,WB Peoria Av & FS 35th Av,33.582092,-112.135131,106,56,stop_id,,0,0,,,unknown
6905,15735,Peoria Av & 39th Av,WB Peoria Av & FS 39th Av,33.5820380000001,-112.143249,106,4,stop_id,,0,0,,,unknown
6906,15736,Peoria Av & 41st Av,WB Peoria Av & FS 41st Av,33.58203,-112.147182,106,4,stop_id,,0,0,,,unknown
691,13930,Southern Av & Central Av,EB Southern Av & FS Central Av,33.3921250000001,-112.072677,61,125,stop_id,,0,0,,,unknown
6936,15734,Peoria Av & 38th Av,WB Peoria Av & NS 38th Av,33.582051,-112.139003,106,2,stop_id,,0,0,,,unknown
6938,10858,15th Av & Pima St,SB 15th Av & NS Pima St,33.433361,-112.0913,15,11,stop_id,,0,0,,,unknown
6943,13565,Roeser Rd & 42nd Pl,WB Roeser Rd & FS 42nd Pl,33.399933,-111.991643,52,1,stop_id,,0,0,,,unknown
6944,13563,Roeser Rd & 46th St,WB Roeser Rd & FS 46th St,33.3998970000001,-111.983596,52,1,stop_id,,0,0,,,unknown
6945,13585,Roeser Rd & Central Av,WB Roeser Rd & FS Central Av,33.399641,-112.074206,52,9,stop_id,,0,0,,,unknown
6946,13586,Roeser Rd & Montezuma St,WB Roeser Rd & FS Montezuma St,33.399614,-112.077823,52,0,stop_id,,0,0,,,unknown
6947,13061,Roeser Rd & 17th Av,WB Roeser Rd & NS 17th Av,33.3996320000001,-112.094388,52,1,stop_id,,0,0,,,unknown
6948,13587,Roeser Rd & 7th Av,WB Roeser Rd & NS 7th Av,33.3993530000001,-112.081553,52,1,stop_id,,0,0,,,unknown
6953,14108,Southern Av & 13th Av,WB Southern Av & FS 13th Av,33.392339,-112.088858,61,1,stop_id,,0,0,,,unknown
6954,14109,Southern Av & 19th Av,WB Southern Av & FS 19th Av,33.3924010000001,-112.099914,61,34,stop_id,,0,0,,,unknown
6955,14111,Southern Av & 23rd Av,WB Southern Av & FS 23rd Av,33.3923330000001,-112.108225,61,5,stop_id,,0,0,,,unknown
6956,14112,Southern Av & 27th Av,WB Southern Av & FS 27th Av,33.3923350000001,-112.116821,61,3,stop_id,,0,0,,,unknown
6957,14115,Southern Av & 35th Av,WB Southern Av & FS 35th Av,33.3922390000001,-112.134286,61,7,stop_id,,0,0,,,unknown
6958,14105,Southern Av & 7th Av,WB Southern Av & FS 7th Av,33.392319,-112.082973,61,23,stop_id,,0,0,,,unknown
6961,14103,Southern Av & Central Av,WB Southern Av & FS Central Av,33.392322,-112.074171,61,95,stop_id,,0,0,,,unknown
6971,14104,Southern Av & Montezuma St,WB Southern Av & FS Montezuma St,33.3923280000001,-112.078162,61,8,stop_id,,0,0,,,unknown
6977,14110,Southern Av & 20th Av,WB Southern Av & FS 20th Av,33.3923550000001,-112.1022,61,2,stop_id,,0,0,,,unknown
6978,13591,Southern Av & 15th Av,WB Southern Av & FS 15th Av,33.392344,-112.091092,61,6,stop_id,,0,0,,,unknown
6979,14113,Southern Av & 28th Av,WB Southern Av & FS 28th Av,33.3923280000001,-112.119693,61,0,stop_id,,0,0,,,unknown
6985,11726,Sweetwater Av & 29th Av,WB Sweetwater Av & FS 29th Av,33.6036980000001,-112.121931,27,5,stop_id,,0,0,,,unknown
6986,11988,Thomas Rd & 13th Av,WB Thomas Rd & FS 13th Av,33.480596,-112.089653,29,46,stop_id,,0,0,,,unknown
6987,18209,Thomas Rd & 50th Dr,WB Thomas Rd & FS 50th Dr,33.4806060000001,-112.16632,29,3,stop_id,,0,0,,,unknown
6988,12016,Thomas Rd & 65th Av,WB Thomas Rd & FS 65th Av,33.480486,-112.199731,29,9,stop_id,,0,0,,,unknown
6989,12020,Thomas Rd & 72nd Dr,WB Thomas Rd & FS 72nd Dr,33.480373,-112.215886,"MARY, 29",1,stop_id,,0,0,,,unknown
6991,11987,Thomas Rd & 11th Av,WB Thomas Rd & FS 11th Av,33.480515,-112.087513,29,18,stop_id,,0,0,,,unknown
6992,11989,Thomas Rd & 15th Av,WB Thomas Rd & FS 15th Av,33.480626,-112.091759,29,62,stop_id,,0,0,,,unknown
6993,11990,Thomas Rd & 17th Av,WB Thomas Rd & FS 17th Av,33.480622,-112.096199,29,20,stop_id,,0,0,,,unknown
6994,11991,Thomas Rd & 19th Av,WB Thomas Rd & FS 19th Av,33.480755,-112.100438,29,244,stop_id,,0,0,,,unknown
6995,11984,Thomas Rd & 1st Av,WB Thomas Rd & FS 1st Av,33.480395,-112.075565,29,9,stop_id,,0,0,,,unknown
6996,11992,Thomas Rd & 21st Av,WB Thomas Rd & FS 21st Av,33.4807700000001,-112.105467,29,7,stop_id,,0,0,,,unknown
6997,11993,Thomas Rd & 23rd Av,WB Thomas Rd & FS 23rd Av,33.480785,-112.108959,29,51,stop_id,,0,0,,,unknown
6998,11996,Thomas Rd & 29th Dr,WB Thomas Rd & FS 29th Dr,33.48053,-112.122362,29,15,stop_id,,0,0,,,unknown
6999,11997,Thomas Rd & 31st Av,WB Thomas Rd & FS 31st Av,33.480536,-112.12617,29,42,stop_id,,0,0,,,unknown
7000,11998,Thomas Rd & 33rd Av,WB Thomas Rd & FS 33rd Av,33.480602,-112.1306,29,17,stop_id,,0,0,,,unknown
7001,11999,Thomas Rd & 35th Av,WB Thomas Rd & FS 35th Av,33.4805870000001,-112.135147,29,147,stop_id,,0,0,,,unknown
7002,12003,Thomas Rd & 43rd Av,WB Thomas Rd & FS 43rd Av,33.480623,-112.152341,29,83,stop_id,,0,0,,,unknown
7003,12005,Thomas Rd & 46th Dr,WB Thomas Rd & FS 46th Dr,33.4805940000001,-112.158583,29,12,stop_id,,0,0,,,unknown
7004,12006,Thomas Rd & 48th Dr,WB Thomas Rd & FS 48th Dr,33.480621,-112.162892,29,21,stop_id,,0,0,,,unknown
7005,12008,Thomas Rd & 51st Av,WB Thomas Rd & FS 51st Av,33.480621,-112.169752,29,112,stop_id,,0,0,,,unknown
7006,12009,Thomas Rd & 53rd Av,WB Thomas Rd & FS 53rd Av,33.480601,-112.174069,29,4,stop_id,,0,0,,,unknown
7007,12010,Thomas Rd & 55th Av,WB Thomas Rd & FS 55th Av,33.480622,-112.178413,29,11,stop_id,,0,0,,,unknown
7008,12011,Thomas Rd & 57th Av,WB Thomas Rd & FS 57th Av,33.480641,-112.182573,29,6,stop_id,,0,0,,,unknown
7009,12013,Thomas Rd & 59th Av,WB Thomas Rd & FS 59th Av,33.480648,-112.186903,"MARY, 29",52,stop_id,,0,0,,,unknown
7010,11985,Thomas Rd & 5th Av,WB Thomas Rd & FS 5th Av,33.4804520000001,-112.08095,29,32,stop_id,,0,0,,,unknown
7011,12014,Thomas Rd & 61st Av,WB Thomas Rd & FS 61st Av,33.4805930000001,-112.191226,"MARY, 29",7,stop_id,,0,0,,,unknown
7012,12017,Thomas Rd & 67th Av,WB Thomas Rd & FS 67th Av,33.4804950000001,-112.203884,"MARY, 29",59,stop_id,,0,0,,,unknown
7013,12018,Thomas Rd & 69th Av,WB Thomas Rd & FS 69th Av,33.480438,-112.208123,"MARY, 29",1,stop_id,,0,0,,,unknown
7014,12019,Thomas Rd & 71st Av,WB Thomas Rd & FS 71st Av,33.480399,-112.212492,"MARY, 29",4,stop_id,,0,0,,,unknown
7015,12022,Thomas Rd & 75th Av,WB Thomas Rd & FS 75th Av,33.4803670000001,-112.221476,"MARY, 75, 29",27,stop_id,,0,0,,,unknown
7018,11986,Thomas Rd & 7th Av,WB Thomas Rd & FS 7th Av,33.480493,-112.083433,29,45,stop_id,,0,0,,,unknown
7019,12673,Thomas Rd & 81st Av,WB Thomas Rd & FS 81st Av,33.480036,-112.232575,"83, 29",3,stop_id,,0,0,,,unknown
7020,11983,Thomas Rd & Central Av,WB Thomas Rd & FS Central Av,33.4804150000001,-112.074385,29,372,stop_id,,0,0,,,unknown
7021,11995,Thomas Rd & 27th Av,WB Thomas Rd & FS 27th Av,33.480534,-112.118486,29,77,stop_id,,0,0,,,unknown
7024,11888,Thomas Rd & 23rd Av,EB Thomas Rd & NS 23rd Av,33.480573,-112.108828,29,70,stop_id,,0,0,,,unknown
7025,12000,Thomas Rd & 37th Av,WB Thomas Rd & NS 37th Av,33.4805390000001,-112.138169,29,8,stop_id,,0,0,,,unknown
7026,12001,Thomas Rd & 39th Av,WB Thomas Rd & NS 39th Av,33.480579,-112.142643,29,33,stop_id,,0,0,,,unknown
7027,12002,Thomas Rd & 41st Av,WB Thomas Rd & FS 41st Av,33.480576,-112.147708,29,12,stop_id,,0,0,,,unknown
7028,12004,Thomas Rd & 44th Ln,WB Thomas Rd & NS 44th Ln,33.4805850000001,-112.15537,29,40,stop_id,,0,0,,,unknown
7029,17039,Thomas Rd & 63rd Dr,WB Thomas Rd & NS 63rd Dr,33.480573,-112.195647,29,30,stop_id,,0,0,,,unknown
7031,11994,Thomas Rd & 26th Av,WB Thomas Rd & NS 26th Av,33.480649,-112.114654,29,16,stop_id,,0,0,,,unknown
7034,16344,Thunderbird Rd & 21st Av,WB Thunderbird Rd & FS 21st Av,33.611139,-112.10432,138,14,stop_id,,0,0,,,unknown
7035,16345,Thunderbird Rd & 23rd Av,WB Thunderbird Rd & FS 23rd Av,33.611098,-112.107254,138,3,stop_id,,0,0,,,unknown
7036,16340,Thunderbird Rd & 5th Av,WB Thunderbird Rd & FS 5th Av,33.607675,-112.081706,138,1,stop_id,,0,0,,,unknown
7037,14534,Thunderbird Rd & 2828 West,WB Thunderbird Rd & AT 2828 West,33.6109440000001,-112.120333,"27, 138",44,stop_id,,0,0,,,unknown
7039,16343,Thunderbird Rd & 19th Av,WB Thunderbird Rd & FS 19th Av,33.611269,-112.100236,138,94,stop_id,,0,0,,,unknown
7040,16346,Thunderbird Rd & 26th Av,WB Thunderbird Rd & FS 26th Av,33.611096,-112.111702,138,20,stop_id,,0,0,,,unknown
7041,16348,Thunderbird Rd & 31st Av,WB Thunderbird Rd & FS 31st Av,33.6109420000001,-112.125478,138,24,stop_id,,0,0,,,unknown
7042,16350,Thunderbird Rd & 35th Av,WB Thunderbird Rd & FS 35th Av,33.611001,-112.134377,138,44,stop_id,,0,0,,,unknown
7043,16351,Thunderbird Rd & 37th Av,WB Thunderbird Rd & FS 37th Av,33.610939,-112.138411,138,1,stop_id,,0,0,,,unknown
7044,16352,Thunderbird Rd & 39th Av,WB Thunderbird Rd & FS 39th Av,33.610917,-112.143069,138,1,stop_id,,0,0,,,unknown
7045,16353,Thunderbird Rd & 41st Av,WB Thunderbird Rd & FS 41st Av,33.6108970000001,-112.146834,138,2,stop_id,,0,0,,,unknown
511,11381,McDowell Rd & Bushmaster Bl,EB McDowell Rd & FS Bushmaster Bl,33.465269,-111.961044,17,0,stop_id,,0,0,,,unknown
4666,11790,Holmes Bl & Anderson Dr,SB Holmes Bl & FS Anderson Dr,33.6433430000001,-112.120325,27,1,stop_id,,0,0,,,unknown
4667,11789,Holmes Bl & Angela Dr,SB Holmes Bl & FS Angela Dr,33.6448290000001,-112.118556,27,6,stop_id,,0,0,,,unknown
512,11348,McDowell Rd & Central Av,EB McDowell Rd & FS Central Av,33.4655940000001,-112.073348,17,319,stop_id,,0,0,,,unknown
470,17400,Mayo Bl & 56th St,EB Mayo Bl & FS 56th St,33.6634080000001,-111.959512,186,0,stop_id,,0,,,,unknown
471,12449,Mayo Bl & 56th St,WB Mayo Bl & FS 56th St,33.6637910000001,-111.960628,186,1,stop_id,,0,0,,,unknown
515,11376,McDowell Rd & 46th St,EB McDowell Rd & NS 46th St,33.465498,-111.982913,17,5,stop_id,,0,0,,,unknown
472,12445,Mayo Bl & Tatum Bl,EB Mayo Bl & FS Tatum Bl,33.6685830000001,-111.976866,186,2,stop_id,,0,0,,,unknown
516,11379,McDowell Rd & 51st St,EB McDowell Rd & FS 51st St,33.465423,-111.971686,17,7,stop_id,,0,0,,,unknown
4737,14766,Scottsdale Rd & Evans Dr,SB Scottsdale Rd & FS Evans Dr,33.615796,-111.925943,72,2,stop_id,,0,0,,,unknown
4743,14765,Scottsdale Rd & Acoma Dr,SB Scottsdale Rd & FS Acoma Dr,33.6175930000001,-111.925949,72,5,stop_id,,0,0,,,unknown
4744,14760,Scottsdale Rd & Bell Rd,SB Scottsdale Rd & FS Bell Rd,33.6376240000001,-111.925606,72,71,stop_id,,0,0,,,unknown
517,11353,McDowell Rd & 9th St,EB McDowell Rd & NS 9th St,33.465586,-112.062721,17,8,stop_id,,0,0,,,unknown
4748,14770,Scottsdale Rd & Dreyfus Av,SB Scottsdale Rd & FS Dreyfus Av,33.6048060000001,-111.926023,72,2,stop_id,,0,0,,,unknown
4758,14764,Scottsdale Rd & Greenway Pkwy,SB Scottsdale Rd & FS Greenway Pkwy,33.6221620000001,-111.925867,"72, 154",22,stop_id,,0,0,,,unknown
476,11355,McDowell Rd & 11th St,EB McDowell Rd & FS 11th St,33.4656230000001,-112.057919,17,19,stop_id,,0,0,,,unknown
4764,14769,Scottsdale Rd & Joan De Arc Av,SB Scottsdale Rd & FS Joan De Arc Av,33.6070930000001,-111.926047,72,6,stop_id,,0,0,,,unknown
4765,14763,Scottsdale Rd & Kierland Bl,SB Scottsdale Rd & FS Kierland Bl,33.625012,-111.925824,72,24,stop_id,,0,0,,,unknown
52,17071,Baseline Rd & 20th St,EB Baseline Rd & FS 20th St,33.377574,-112.039707,77,6,stop_id,,0,0,,,unknown
477,11361,McDowell Rd & 21st Pl,EB McDowell Rd & FS 21st Pl,33.4656600000001,-112.035291,17,13,stop_id,,0,0,,,unknown
4774,14761,Scottsdale Rd & Paradise Ln,SB Scottsdale Rd & FS Paradise Ln,33.632462,-111.925674,72,13,stop_id,,0,0,,,unknown
4775,14767,Scottsdale Rd & Redfield Rd,SB Scottsdale Rd & FS Redfield Rd,33.6137140000001,-111.925959,72,2,stop_id,,0,0,,,unknown
478,11362,McDowell Rd & 22nd Pl,EB McDowell Rd & FS 22nd Pl,33.4656600000001,-112.033518,17,2,stop_id,,0,0,,,unknown
4780,14768,Scottsdale Rd & Thunderbird Rd,SB Scottsdale Rd & FS Thunderbird Rd,33.6106770000001,-111.926015,72,11,stop_id,,0,0,,,unknown
4781,14762,Scottsdale Rd & Tierra Buena Ln,SB Scottsdale Rd & FS Tierra Buena Ln,33.6288730000001,-111.925733,72,3,stop_id,,0,0,,,unknown
4789,14759,Scottsdale Rd & 17050 North,SB Scottsdale Rd & AT 17050 North,33.6411170000001,-111.925546,72,4,stop_id,,0,0,,,unknown
479,11371,McDowell Rd & 38th St,EB McDowell Rd & FS 38th St,33.4655510000001,-111.999375,"17s, 17",12,stop_id,,0,0,,,unknown
607,18063,Roosevelt St & 28th St,EB Roosevelt St & FS 28th St,33.458466,-112.021098,"32s, 10",9,stop_id,,0,0,,,unknown
48,16225,7th Av & Jefferson St,NB 7th Av & FS Jefferson St,33.447641,-112.082423,8,,stop_id,2,0,,,,unknown
480,11354,McDowell Rd & 10th St,EB McDowell Rd & FS 10th St,33.4656190000001,-112.060152,17,12,stop_id,,0,0,,,unknown
4801,12473,Tatum Bl & Andora Dr,SB Tatum Bl & FS Andora Dr,33.6066220000001,-111.978052,"44, 138",2,stop_id,,0,0,,,unknown
4802,13017,Tatum Bl & Angela Dr,SB Tatum Bl & FS Angela Dr,33.643106,-111.977556,44,16,stop_id,,0,0,,,unknown
4803,13030,Tatum Bl & Doubletree Ranch Rd,SB Tatum Bl & FS Doubletree Ranch Rd,33.5679000000001,-111.977849,44,1,stop_id,,0,0,,,unknown
4804,13023,Tatum Bl & Nisbet Rd,SB Tatum Bl & FS Nisbet Rd,33.6222000000001,-111.977997,44,2,stop_id,,0,0,,,unknown
4805,13021,Tatum Bl & Kathleen Rd,SB Tatum Bl & FS Kathleen Rd,33.6300430000001,-111.977966,44,0,stop_id,,0,0,,,unknown
4806,12451,Tatum Bl & Mayo Bl,SB Tatum Bl & FS Mayo Bl,33.668105,-111.977634,"44, 186",22,stop_id,,0,0,,,unknown
608,10798,Roosevelt St & 30th St,EB Roosevelt St & FS 30th St,33.458444,-112.016899,"32s, 10",16,stop_id,,0,0,,,unknown
4808,13024,Tatum Bl & Acoma Dr,SB Tatum Bl & FS Acoma Dr,33.6181240000001,-111.978024,44,3,stop_id,,0,0,,,unknown
4809,13018,Tatum Bl & Bell Rd,SB Tatum Bl & FS Bell Rd,33.6401460000001,-111.977896,44,89,stop_id,,0,0,,,unknown
6081,12198,University Dr & 36th St,WB University Dr & FS 36th St,33.420437,-112.003554,30,1,stop_id,,0,0,,,unknown
481,11356,McDowell Rd & 12th St,EB McDowell Rd & FS 12th St,33.465631,-112.055647,17,47,stop_id,,0,0,,,unknown
6082,12197,University Dr & 38th St,WB University Dr & FS 38th St,33.4220690000001,-112.000225,30,1,stop_id,,0,0,,,unknown
4810,18066,Tatum Bl & Cactus Rd,SB Tatum Bl & FS Cactus Rd,33.5980910000001,-111.980925,44,31,stop_id,,0,0,,,unknown
6083,12196,University Dr & 40th St,WB University Dr & FS 40th St,33.422,-111.996119,30,11,stop_id,,0,0,,,unknown
6084,12195,University Dr & 42nd St,WB University Dr & FS 42nd St,33.4219820000001,-111.991908,"32, 30",3,stop_id,,0,0,,,unknown
4811,12476,Tatum Bl & Cholla St,SB Tatum Bl & FS Cholla St,33.5893610000001,-111.978059,44,1,stop_id,,0,0,,,unknown
6085,12194,University Dr & 44th St,WB University Dr & FS 44th St,33.4219900000001,-111.987064,"32, 30",9,stop_id,,0,0,,,unknown
4813,12477,Tatum Bl & Desert Cove Av,SB Tatum Bl & FS Desert Cove Av,33.585973,-111.978061,44,3,stop_id,,0,0,,,unknown
6086,12193,University Dr & 47th St,WB University Dr & FS 47th St,33.421991,-111.981925,30,11,stop_id,,0,0,,,unknown
4814,13029,Tatum Bl & Fanfol Dr,SB Tatum Bl & FS Fanfol Dr,33.5713860000001,-111.977885,44,0,stop_id,,0,0,,,unknown
4816,13022,Tatum Bl & Greenway Rd,SB Tatum Bl & FS Greenway Rd,33.6256060000001,-111.978018,44,44,stop_id,,0,0,,,unknown
609,10799,Roosevelt St & 31st St,EB Roosevelt St & FS 31st St,33.458447,-112.01464,"32s, 10",1,stop_id,,0,0,,,unknown
4817,13016,Tatum Bl & Grovers Av,SB Tatum Bl & FS Grovers Av,33.647549,-111.977561,44,4,stop_id,,0,0,,,unknown
4818,13025,Tatum Bl & Redfield Rd,SB Tatum Bl & FS Redfield Rd,33.6145030000001,-111.978053,44,0,stop_id,,0,0,,,unknown
4819,13019,Tatum Bl & Kings Av,SB Tatum Bl & FS Kings Av,33.636292,-111.977948,44,9,stop_id,,0,0,,,unknown
482,11357,McDowell Rd & 14th St,EB McDowell Rd & FS 14th St,33.465652,-112.051697,17,10,stop_id,,0,0,,,unknown
4821,13031,Tatum Bl & Mockingbird Ln,SB Tatum Bl & FS Mockingbird Ln,33.5613910000001,-111.97737,44,1,stop_id,,0,0,,,unknown
4822,13028,Tatum Bl & Mountain View Rd,SB Tatum Bl & FS Mountain View Rd,33.5750850000001,-111.977928,44,0,stop_id,,0,0,,,unknown
4823,13020,Tatum Bl & Paradise Ln,SB Tatum Bl & FS Paradise Ln,33.6329260000001,-111.977977,44,5,stop_id,,0,0,,,unknown
4824,12475,Tatum Bl & Paradise Village Pkwy S,SB Tatum Bl & FS Paradise Village Pkwy S,33.5951220000001,-111.980975,44,23,stop_id,,0,0,,,unknown
4826,13015,Tatum Bl & Desert Cactus St,SB Tatum Bl & FS Desert Cactus St,33.651233,-111.97759,44,2,stop_id,,0,0,,,unknown
6101,12199,University Dr & 3420 West,WB University Dr & AT 3420 West,33.417023,-112.007062,30,2,stop_id,,0,0,,,unknown
4827,18067,Tatum Bl & Shea Bl,SB Tatum Bl & FS Shea Bl,33.581782,-111.978099,44,31,stop_id,,0,0,,,unknown
4828,12472,Tatum Bl & Thunderbird Rd,SB Tatum Bl & FS Thunderbird Rd,33.610913,-111.978058,"44, 138",13,stop_id,,0,0,,,unknown
483,11358,McDowell Rd & 16th St,EB McDowell Rd & FS 16th St,33.465608,-112.047357,17,98,stop_id,,0,0,,,unknown
6106,10375,Van Buren St & 56th St,WB Van Buren St & FS 56th St,33.451104,-111.961503,3,1,stop_id,,0,0,,,unknown
4830,13014,Tatum Bl & Union Hills Dr,SB Tatum Bl & FS Union Hills Dr,33.6548110000001,-111.977662,44,26,stop_id,,0,0,,,unknown
6107,10390,Van Buren St & 22nd St,WB Van Buren St & NS 22nd St,33.4514800000001,-112.035035,3,38,stop_id,,0,0,,,unknown
6108,10397,Van Buren St & 11th St,WB Van Buren St & FS 11th St,33.4514500000001,-112.059739,3,56,stop_id,,0,0,,,unknown
6109,10395,Van Buren St & 14th St,WB Van Buren St & FS 14th St,33.451485,-112.052547,3,22,stop_id,,0,0,,,unknown
611,14869,Roosevelt St & 7th St,EB Roosevelt St & FS 7th St,33.4586200000001,-112.064553,10,26,stop_id,,0,0,,,unknown
6110,10040,Van Buren St & 16th St,WB Van Buren St & FS 16th St,33.451517,-112.048234,3,146,stop_id,,0,0,,,unknown
6111,10393,Van Buren St & 18th St,WB Van Buren St & FS 18th St,33.451517,-112.043744,3,29,stop_id,,0,0,,,unknown
6112,10392,Van Buren St & 19th St,WB Van Buren St & FS 19th St,33.4515210000001,-112.04162,3,36,stop_id,,0,0,,,unknown
6113,10391,Van Buren St & 20th St,WB Van Buren St & FS 20th St,33.451512,-112.03935,3,22,stop_id,,0,0,,,unknown
484,11359,McDowell Rd & 18th St,EB McDowell Rd & FS 18th St,33.4656630000001,-112.042959,17,13,stop_id,,0,0,,,unknown
6114,10389,Van Buren St & 24th St,WB Van Buren St & FS 24th St,33.4514760000001,-112.030761,3,96,stop_id,,0,0,,,unknown
4841,10189,10th Av & Dobbins Rd,SB 10th Av & FS Dobbins Rd,33.362665,-112.086453,0,2,stop_id,,0,0,,,unknown
6115,10387,Van Buren St & 28th St,WB Van Buren St & FS 28th St,33.4514110000001,-112.022084,3,39,stop_id,,0,0,,,unknown
4842,10190,10th Av & McNeil St,SB 10th Av & NS McNeil St,33.3584030000001,-112.087649,0,7,stop_id,,0,0,,,unknown
6116,10386,Van Buren St & 30th St,WB Van Buren St & FS 30th St,33.451403,-112.01762,3,36,stop_id,,0,0,,,unknown
4845,10857,15th Av & Buckeye Rd,SB 15th Av & FS Buckeye Rd,33.4363950000001,-112.091326,15,1,stop_id,,0,0,,,unknown
6117,10385,Van Buren St & 32nd St,WB Van Buren St & FS 32nd St,33.4514100000001,-112.013368,3,122,stop_id,,0,0,,,unknown
4846,10856,15th Av & Sherman St,SB 15th Av & FS Sherman St,33.440007,-112.091367,15,1,stop_id,,0,0,,,unknown
6118,10383,Van Buren St & 36th St,WB Van Buren St & FS 36th St,33.4513660000001,-112.00453,3,28,stop_id,,0,0,,,unknown
4847,11297,16th St & Alta Vista Rd,SB 16th St & FS Alta Vista Rd,33.3883890000001,-112.047443,"16s, 16",4,stop_id,,0,0,,,unknown
6119,10382,Van Buren St & 38th St,WB Van Buren St & FS 38th St,33.451357,-111.999884,3,17,stop_id,,0,0,,,unknown
4848,11300,16th St & Baseline Rd,SB 16th St & FS Baseline Rd,33.3771840000001,-112.047472,"16s, 16",16,stop_id,,0,0,,,unknown
4849,11292,16th St & Broadway Rd,SB 16th St & FS Broadway Rd,33.4062700000001,-112.047263,"16s, 16",36,stop_id,,0,0,,,unknown
6121,10380,Van Buren St & 41st Pl,WB Van Buren St & FS 41st Pl,33.4513150000001,-111.99257,3,6,stop_id,,0,0,,,unknown
485,11360,McDowell Rd & 19th St,EB McDowell Rd & FS 19th St,33.4656680000001,-112.040795,17,8,stop_id,,0,0,,,unknown
6122,10379,Van Buren St & 44th St,WB Van Buren St & FS 44th St,33.451335,-111.987967,3,49,stop_id,,0,0,,,unknown
4850,11286,16th St & Buckeye Rd,SB 16th St & FS Buckeye Rd,33.4363500000001,-112.047938,"16s, 16",34,stop_id,,0,0,,,unknown
4851,11299,16th St & Carter Rd,SB 16th St & FS Carter Rd,33.38102,-112.047433,"16s, 16",1,stop_id,,0,0,,,unknown
6123,10371,Van Buren St & 48th St,WB Van Buren St & FS 48th St,33.451239,-111.978826,3,25,stop_id,,0,0,,,unknown
53,12032,Baseline Rd & 27th St,EB Baseline Rd & NS 27th St,33.377709,-112.02594,"77, 30",3,stop_id,,0,0,,,unknown
4852,11290,16th St & Elwood St,SB 16th St & FS Elwood St,33.4135890000001,-112.047149,"16s, 16",0,stop_id,,0,0,,,unknown
6124,18307,Van Buren St & 52nd St,WB Van Buren St & FS 52nd St,33.451057,-111.970465,3,39,stop_id,,0,0,,,unknown
4853,11284,16th St & Grant St,SB 16th St & FS Grant St,33.4405160000001,-112.047879,"16s, 16",4,stop_id,,0,0,,,unknown
6125,10271,Van Buren St & 5th St,WB Van Buren St & FS 5th St,33.451517,-112.067952,"7, 3, 1",34,stop_id,,0,,,,unknown
4854,11285,16th St & Hadley St,SB 16th St & FS Hadley St,33.438794,-112.047883,"16s, 16",1,stop_id,,0,0,,,unknown
6126,10270,Van Buren St & 7th St,WB Van Buren St & FS 7th St,33.4515180000001,-112.065736,"7, 3, 1",27,stop_id,,0,0,,,unknown
4855,15469,16th St & Mohave St,SB 16th St & FS Mohave St,33.4310170000001,-112.047904,"16s, 16",3,stop_id,,0,0,,,unknown
6127,10398,Van Buren St & 9th St,WB Van Buren St & FS 9th St,33.451448,-112.062609,3,10,stop_id,,0,0,,,unknown
4856,11294,16th St & Roeser Rd,SB 16th St & FS Roeser Rd,33.399143,-112.047413,"16s, 16",22,stop_id,,0,0,,,unknown
6128,10374,Van Buren St & Priest Dr,WB Van Buren St & FS Priest Dr,33.451064,-111.956554,3,12,stop_id,,0,0,,,unknown
4857,11302,16th St & South Mountain Av,SB 16th St & FS South Mountain Av,33.370073,-112.048891,"16s, 16",0,stop_id,,0,0,,,unknown
6129,10388,Van Buren St & 2500 East,WB Van Buren St & AT 2500 East,33.451425,-112.026283,3,6,stop_id,,0,0,,,unknown
4858,11296,16th St & Southern Av,SB 16th St & FS Southern Av,33.392207,-112.047527,"16s, 16",31,stop_id,,0,0,,,unknown
613,10786,Roosevelt St & 9th St,EB Roosevelt St & FS 9th St,33.4586140000001,-112.061763,10,6,stop_id,,0,0,,,unknown
4859,11295,16th St & Sunland Av,SB 16th St & FS Sunland Av,33.395612,-112.047434,"16s, 16",3,stop_id,,0,0,,,unknown
6130,10384,Van Buren St & 3330 East,WB Van Buren St & AT 3330 East,33.451379,-112.009267,3,48,stop_id,,0,0,,,unknown
486,11363,McDowell Rd & 24th St,EB McDowell Rd & FS 24th St,33.4656380000001,-112.029833,17,100,stop_id,,0,0,,,unknown
6131,10381,Van Buren St & 3838 East,WB Van Buren St & AT 3838 East,33.451357,-111.998159,3,20,stop_id,,0,0,,,unknown
4860,11289,16th St & University Dr,SB 16th St & FS University Dr,33.423167,-112.047939,"16s, 16",11,stop_id,,0,0,,,unknown
6132,10378,Van Buren St & 50th St,WB Van Buren St & FS 50th St,33.45113,-111.974996,3,31,stop_id,,0,0,,,unknown
4861,11298,16th St & Vineyard Rd,SB 16th St & FS Vineyard Rd,33.3846080000001,-112.047396,"16s, 16",2,stop_id,,0,0,,,unknown
6133,10396,Van Buren St & 11th Wy,WB Van Buren St & NS 11th Wy,33.4514510000001,-112.056789,3,14,stop_id,,0,0,,,unknown
4862,11283,16th St & Washington St,SB 16th St & FS Washington St,33.447908,-112.047879,"16s, 16",50,stop_id,,0,0,,,unknown
6134,18367,Van Buren St & Central Av,WB Van Buren St & NS Central Av,33.451514,-112.073504,"SR51, SMW, SME, I17, I10E, 575, 542, 535, 533, 531, 522, 521, 514",84,stop_id,,,,,,unknown
4863,11288,16th St & Watkins St,SB 16th St & FS Watkins St,33.4256050000001,-112.047921,"16s, 16",1,stop_id,,0,0,,,unknown
6135,18368,Van Buren St & 53rd St,WB Van Buren St & NS 53rd St,33.4510310000001,-111.966904,3,21,stop_id,,0,0,,,unknown
4864,11293,16th St & Wier Av,SB 16th St & FS Wier Av,33.402878,-112.047306,"16s, 16",3,stop_id,,0,0,,,unknown
5353,15002,Baseline Rd & 14th St,WB Baseline Rd & FS 14th St,33.3778350000001,-112.052093,77,4,stop_id,,0,0,,,unknown
6136,16866,Van Buren St & 3rd St,WB Van Buren St & NS 3rd St,33.45149,-112.069655,"SR51, SME",2,stop_id,,0,0,,,unknown
4866,11303,16th St & Desert Dr,SB 16th St & FS Desert Dr,33.3672520000001,-112.048892,"16s, 16",1,stop_id,,0,0,,,unknown
5354,14996,Baseline Rd & 36th St,WB Baseline Rd & FS 36th St,33.3782120000001,-112.004551,77,16,stop_id,,0,0,,,unknown
4867,11291,16th St & Jones Av,SB 16th St & NS Jones Av,33.4109940000001,-112.047181,"16s, 16",3,stop_id,,0,0,,,unknown
5355,14993,Baseline Rd & 42nd Pl,WB Baseline Rd & FS 42nd Pl,33.3782110000001,-111.992801,77,2,stop_id,,0,0,,,unknown
614,10783,Roosevelt St & Central Av,EB Roosevelt St & FS Central Av,33.458581,-112.073345,10,54,stop_id,,0,0,,,unknown
487,11364,McDowell Rd & 26th St,EB McDowell Rd & FS 26th St,33.4656610000001,-112.02559,17,13,stop_id,,0,0,,,unknown
5356,14991,Baseline Rd & 46th St,WB Baseline Rd & FS 46th St,33.3782890000001,-111.984853,77,28,stop_id,,0,0,,,unknown
4870,10860,19th Av & Cocopah St,SB 19th Av & FS Cocopah St,33.431769,-112.100035,19,16,stop_id,,0,0,,,unknown
5357,15004,Baseline Rd & 9th St,WB Baseline Rd & FS 9th St,33.3778380000001,-112.062035,77,1,stop_id,,0,0,,,unknown
4871,11653,19th Av & Roeser Rd,SB 19th Av & FS Roeser Rd,33.3990230000001,-112.099399,19,8,stop_id,,0,0,,,unknown
4874,10862,22nd Av & Hilton Av,SB 22nd Av & FS Hilton Av,33.4277030000001,-112.106405,19,0,stop_id,,0,0,,,unknown
5359,10636,Baseline Rd & Jesse Owens Pkwy,WB Baseline Rd & FS Jesse Owens Pkwy,33.3778360000001,-112.070176,77,11,stop_id,,0,0,,,unknown
4875,10863,22nd Av & 2470 South,SB 22nd Av & AT 2470 South,33.424427,-112.106323,19,1,stop_id,,0,0,,,unknown
536,11230,Paradise Valley CC,Paradise Valley CC (west side),33.651665,-112.012682,"39, 16",,unmatched,,0,0,,,unknown
6158,17007,Warner Elliot Lp & Arapahoe St,WB Warner Elliot Lp & FS Arapahoe St,33.3323740000001,-111.988519,ALEX,0,stop_id,,0,0,,,unknown
4877,14516,24th St & Broadway Rd,SB 24th St & FS Broadway Rd,33.4065000000001,-112.029946,"SME, 70",36,stop_id,,0,0,,,unknown
5361,15003,Baseline Rd & 10th St,WB Baseline Rd & FS 10th St,33.377826,-112.058649,77,2,stop_id,,0,0,,,unknown
4878,15917,24th St & Buckeye Rd,SB 24th St & FS Buckeye Rd,33.4363470000001,-112.034871,"SME, 70",24,stop_id,,0,0,,,unknown
5362,15001,Baseline Rd & 16th St,WB Baseline Rd & FS 16th St,33.3779440000001,-112.047923,"77, 16",40,stop_id,,0,0,,,unknown
6162,17014,Warner Elliot Lp & 44th St,EB Warner Elliot Lp & FS 44th St,33.3485920000001,-111.986427,ALEX,0,stop_id,,0,0,,,unknown
4879,14521,24th St & Burgess Ln,SB 24th St & FS Burgess Ln,33.389527,-112.030258,70,2,stop_id,,0,0,,,unknown
5363,14999,Baseline Rd & 20th St,WB Baseline Rd & FS 20th St,33.3779010000001,-112.039496,77,27,stop_id,,0,0,,,unknown
6165,17010,Warner Elliot Lp & Mandan St,WB Warner Elliot Lp & FS Mandan St,33.3415120000001,-111.993942,ALEX,0,stop_id,,0,0,,,unknown
488,11365,McDowell Rd & 27th St,EB McDowell Rd & FS 27th St,33.4656600000001,-112.023281,17,7,stop_id,,0,0,,,unknown
5364,14998,Baseline Rd & 24th St,WB Baseline Rd & FS 24th St,33.377957,-112.031332,77,131,stop_id,,0,0,,,unknown
4880,14507,24th St & Harrison St,SB 24th St & FS Harrison St,33.4435300000001,-112.030833,70,2,stop_id,,0,0,,,unknown
5365,12209,Baseline Rd & 28th St,WB Baseline Rd & FS 28th St,33.378066,-112.023491,"77, 30",1,stop_id,,0,0,,,unknown
6168,17006,Warner Rd & 48th St,WB Warner Rd & FS 48th St,33.3309140000001,-111.981346,ALEX,0,stop_id,,0,0,,,unknown
4881,14506,24th St & Jefferson St,SB 24th St & FS Jefferson St,33.4466650000001,-112.030312,70,84,stop_id,,0,0,,,unknown
5366,12207,Baseline Rd & 32nd St,WB Baseline Rd & FS 32nd St,33.3781970000001,-112.013406,"77, 30",15,stop_id,,0,0,,,unknown
4882,14514,24th St & Magnolia St,SB 24th St & FS Magnolia St,33.422109,-112.030524,70,6,stop_id,,0,0,,,unknown
5367,14994,Baseline Rd & 40th St,WB Baseline Rd & FS 40th St,33.378223,-111.996163,"77, 32",30,stop_id,,0,0,,,unknown
4883,14518,24th St & Roeser Rd,SB 24th St & FS Roeser Rd,33.3991730000001,-112.030078,70,19,stop_id,,0,0,,,unknown
618,10796,Roosevelt St & 27th Pl,EB Roosevelt St & NS 27th Pl,33.4584310000001,-112.023321,"32s, 10",5,stop_id,,0,0,,,unknown
5368,14992,Baseline Rd & 44th St,WB Baseline Rd & FS 44th St,33.3782340000001,-111.987348,77,8,stop_id,,0,0,,,unknown
4884,14508,24th St & Sky Harbor Cir N,SB 24th St & FS Sky Harbor Cir N,33.4396780000001,-112.034814,70,1,stop_id,,0,0,,,unknown
5369,14990,Baseline Rd & 48th St,WB Baseline Rd & FS 48th St,33.3783460000001,-111.978989,77,38,stop_id,,0,0,,,unknown
4885,18064,24th St & Southern Av,SB 24th St & FS Southern Av,33.3926080000001,-112.030214,"SME, 70",29,stop_id,,0,0,,,unknown
6184,10257,Washington St & 34th St,WB Washington St & FS 34th St,33.448293,-112.00813,"32, 1",2,stop_id,1,0,0,,,unknown
4886,14522,24th St & St Catherine Av,SB 24th St & FS St Catherine Av,33.3874450000001,-112.030283,70,1,stop_id,,0,0,,,unknown
6185,10256,Washington St & 36th St,WB Washington St & FS 36th St,33.448294,-112.004418,"32, 1",2,stop_id,,0,0,,,unknown
4887,14513,24th St & University Dr,SB 24th St & FS University Dr,33.4236030000001,-112.030529,70,8,stop_id,,0,0,,,unknown
6186,10253,Washington St & 41st Pl,WB Washington St & FS 41st Pl,33.448265,-111.992095,"32, 1",2,stop_id,,0,0,,,unknown
4888,14523,24th St & Vineyard Rd,SB 24th St & FS Vineyard Rd,33.38555,-112.030319,70,2,stop_id,,0,0,,,unknown
6188,10268,Washington St & 12th St,WB Washington St & FS 12th St,33.448387,-112.056764,"SR51, SME, 12, 1",55,stop_id,,0,,,,unknown
4889,14505,24th St & Washington St,SB 24th St & FS Washington St,33.447913,-112.030306,70,70,stop_id,,0,0,,,unknown
489,11366,McDowell Rd & 28th Pl,EB McDowell Rd & FS 28th Pl,33.4656580000001,-112.020097,17,6,stop_id,,0,0,,,unknown
6189,10266,Washington St & 16th St,WB Washington St & FS 16th St,33.448425,-112.048417,1,14,stop_id,,0,0,,,unknown
4890,14511,24th St & Sky Harbor Cir S,SB 24th St & FS Sky Harbor Cir S,33.4308330000001,-112.034769,70,7,stop_id,,0,0,,,unknown
619,10784,Roosevelt St & 3rd St,EB Roosevelt St & NS 3rd St,33.458606,-112.07005,10,4,stop_id,,0,0,,,unknown
4892,14519,24th St & Pecan Rd,SB 24th St & NS Pecan Rd,33.3958040000001,-112.030143,70,1,stop_id,,0,0,,,unknown
6190,10265,Washington St & 18th St,WB Washington St & FS 18th St,33.4484330000001,-112.04374,1,1,stop_id,,0,0,,,unknown
4893,14515,24th St & Jones Av,SB 24th St & NS Jones Av,33.4101430000001,-112.029902,70,5,stop_id,,0,0,,,unknown
6191,10264,Washington St & 20th St,WB Washington St & FS 20th St,33.4484350000001,-112.039402,1,3,stop_id,,0,0,,,unknown
5379,14995,Baseline Rd & 38th Pl,WB Baseline Rd & FS 38th Pl,33.378231,-112.001395,77,30,stop_id,,0,0,,,unknown
4894,14512,24th St & 2400 South,SB 24th St & AT 2400 South,33.425571,-112.030498,70,0,stop_id,,0,0,,,unknown
6192,10263,Washington St & 22nd St,WB Washington St & FS 22nd St,33.4484630000001,-112.03551,1,1,stop_id,,0,0,,,unknown
5380,15005,Baseline Rd & 7th St,WB Baseline Rd & FS 7th St,33.3778780000001,-112.065599,"77, 7",47,stop_id,,0,0,,,unknown
4895,14517,24th St & Wier Av,SB 24th St & FS Wier Av,33.4029810000001,-112.029996,70,9,stop_id,,0,0,,,unknown
6193,10262,Washington St & 24th St,WB Washington St & FS 24th St,33.448387,-112.030779,1,12,stop_id,,0,0,,,unknown
4896,10461,27th Av & Adams St,SB 27th Av & FS Adams St,33.448837,-112.117631,27,0,stop_id,,0,0,,,unknown
6194,10261,Washington St & 25th St,WB Washington St & FS 25th St,33.4483700000001,-112.028274,1,3,stop_id,,0,0,,,unknown
6195,10260,Washington St & 28th St,WB Washington St & FS 28th St,33.4483520000001,-112.022122,1,1,stop_id,,0,0,,,unknown
4898,12202,32nd St & Broadway Rd,SB 32nd St & FS Broadway Rd,33.4063340000001,-112.012717,30,12,stop_id,,0,0,,,unknown
5384,16671,Bell Rd & 18th St,WB Bell Rd & FS 18th St,33.6405570000001,-112.044202,170,10,stop_id,,0,0,,,unknown
6196,10259,Washington St & 30th St,WB Washington St & FS 30th St,33.4483210000001,-112.017902,1,5,stop_id,,0,0,,,unknown
4899,12200,University Dr & Elwood St,SB University Dr & FS Elwood St,33.414404,-112.009411,30,7,stop_id,,0,0,,,unknown
5385,16664,Bell Rd & 34th Wy,WB Bell Rd & FS 34th Wy,33.640787,-112.007914,170,12,stop_id,,0,0,,,unknown
6198,10258,Washington St & 32nd St,WB Washington St & FS 32nd St,33.4483220000001,-112.013598,1,10,stop_id,,0,0,,,unknown
49,14932,Baseline Rd & 12th St,EB Baseline Rd & FS 12th St,33.377623,-112.057663,77,3,stop_id,,0,0,,,unknown
5386,16663,Bell Rd & 36th St,WB Bell Rd & FS 36th St,33.640791,-112.005243,170,4,stop_id,,0,0,,,unknown
6199,10255,Washington St & 38th St,WB Washington St & FS 38th St,33.4483010000001,-111.999477,"32, 1",59,stop_id,,0,0,,,unknown
4900,12201,32nd St & Wood St,SB 32nd St & FS Wood St,33.408105,-112.012734,30,9,stop_id,,0,0,,,unknown
5387,16650,Bell Rd & 61st Pl,WB Bell Rd & FS 61st Pl,33.640593,-111.949181,170,0,stop_id,,0,0,,,unknown
62,10761,Baseline Rd & Central Av,EB Baseline Rd & FS Central Av,33.377622,-112.07236,"8, 77",98,stop_id,,0,0,,,unknown
4901,17181,32nd St & 16602 South,SB 32nd St & AT 16602 South,33.2952540000001,-112.014656,ALEX,0,stop_id,,0,0,,,unknown
5388,16674,Bell Rd & 12th St,WB Bell Rd & FS 12th St,33.640518,-112.058119,170,10,stop_id,,0,0,,,unknown
6201,10254,Washington St & 40th St,WB Washington St & FS 40th St,33.4482640000001,-111.996102,"32, 1",12,stop_id,,0,0,,,unknown
4902,12379,35th Av & Cocopah St,SB 35th Av & FS Cocopah St,33.431719,-112.134683,35,6,stop_id,,0,0,,,unknown
5389,16673,Bell Rd & 14th St,WB Bell Rd & FS 14th St,33.640498,-112.053652,170,18,stop_id,,0,0,,,unknown
6202,10252,Washington St & 44th St,WB Washington St & FS 44th St,33.448426,-111.98793,"32, 1",106,stop_id,,0,0,,,unknown
4903,10767,35th Av & Durango St,SB 35th Av & FS Durango St,33.4292380000001,-112.13466,"35, 27",3,stop_id,,0,0,,,unknown
5390,16672,Bell Rd & 16th St,WB Bell Rd & FS 16th St,33.6405530000001,-112.048788,170,30,stop_id,,0,0,,,unknown
6203,10251,Washington St & 48th St,WB Washington St & FS 48th St,33.447615,-111.978974,1,9,stop_id,,0,0,,,unknown
4904,10768,35th Av & Gibson Ln,SB 35th Av & FS Gibson Ln,33.4263270000001,-112.134651,"35, 27",2,stop_id,,0,0,,,unknown
5391,16670,Bell Rd & 20th St,WB Bell Rd & FS 20th St,33.6405970000001,-112.039965,170,14,stop_id,,0,0,,,unknown
4905,12382,35th Av & Broadway Rd,SB 35th Av & FS Broadway Rd,33.4061310000001,-112.133884,35,4,stop_id,,0,0,,,unknown
6206,10044,Washington St & 9th St,WB Washington St & NS 9th St,33.448401,-112.061555,1,1,stop_id,,0,0,,,unknown
5392,16668,Bell Rd & 26th St,WB Bell Rd & FS 26th St,33.6406710000001,-112.027174,170,15,stop_id,,0,0,,,unknown
4906,12378,35th Av & Buckeye Rd,SB 35th Av & FS Buckeye Rd,33.4364790000001,-112.134746,35,34,stop_id,,0,0,,,unknown
6207,10267,Washington St & 14th St,WB Washington St & FS 14th St,33.448402,-112.053058,1,2,stop_id,,0,0,,,unknown
5393,16667,Bell Rd & 28th St,WB Bell Rd & FS 28th St,33.640697,-112.022636,170,10,stop_id,,0,0,,,unknown
4907,12381,35th Av & Elwood St,SB 35th Av & NS Elwood St,33.4157200000001,-112.134482,35,0,stop_id,,0,0,,,unknown
6208,10250,Washington St & 4880 East,WB Washington St & AT 4880 East,33.4471320000001,-111.975263,1,0,stop_id,,0,0,,,unknown
5394,16666,Bell Rd & 30th St,WB Bell Rd & FS 30th St,33.64072,-112.018484,170,26,stop_id,,0,0,,,unknown
4908,12385,35th Av & La Salle St,SB 35th Av & NS La Salle St,33.3973540000001,-112.133727,35,4,stop_id,,0,0,,,unknown
6209,10248,Washington St & 54th Pl,WB Washington St & FS 54th Pl,33.4460970000001,-111.966509,1,20,stop_id,,0,0,,,unknown
5395,16665,Bell Rd & 32nd St,WB Bell Rd & FS 32nd St,33.640768,-112.013968,170,60,stop_id,,0,0,,,unknown
4909,12376,35th Av & Lincoln St,SB 35th Av & FS Lincoln St,33.441858,-112.134666,35,3,stop_id,,0,0,,,unknown
5396,16677,Bell Rd & 3rd St,WB Bell Rd & FS 3rd St,33.6404460000001,-112.070268,170,24,stop_id,,0,0,,,unknown
491,11367,McDowell Rd & 30th St,EB McDowell Rd & FS 30th St,33.4656390000001,-112.01667,17,7,stop_id,,0,0,,,unknown
6210,10247,Washington St & 56th St,WB Washington St & FS 56th St,33.445521,-111.961609,1,1,stop_id,,0,0,,,unknown
5397,16661,Bell Rd & 40th St,WB Bell Rd & FS 40th St,33.640885,-111.996728,170,41,stop_id,,0,0,,,unknown
4910,12380,35th Av & Lower Buckeye Rd,SB 35th Av & FS Lower Buckeye Rd,33.4220100000001,-112.134706,35,36,stop_id,,0,0,,,unknown
6219,15591,Metro Pkwy E & 27th Av,WB Metro Pkwy E & FS 27th Av,33.5797480000001,-112.119567,"35, 27, 106",17,stop_id,,0,0,,,unknown
5398,16660,Bell Rd & 41st St,WB Bell Rd & FS 41st St,33.6408200000001,-111.993386,170,14,stop_id,,0,0,,,unknown
4911,12389,35th Av & Minton Rd,SB 35th Av & FS Minton Rd,33.379981,-112.133888,35,0,stop_id,,0,0,,,unknown
6224,12672,83rd Av & Cheery Lynn Rd,SB 83rd Av & FS Cheery Lynn Rd,33.484201,-112.237898,83,1,stop_id,,0,0,,,unknown
5399,16659,Bell Rd & 44th St,WB Bell Rd & FS 44th St,33.6407760000001,-111.986914,170,4,stop_id,,0,0,,,unknown
6225,15312,Cave Creek Rd & Larkspur Dr,SB Cave Creek Rd & FS Larkspur Dr,33.599791,-112.037419,90,7,stop_id,,0,0,,,unknown
4912,12384,35th Av & Roeser Rd,SB 35th Av & FS Roeser Rd,33.398898,-112.133706,35,10,stop_id,,0,0,,,unknown
54,14939,Baseline Rd & 32nd St,EB Baseline Rd & FS 32nd St,33.377823,-112.012173,77,8,stop_id,,0,0,,,unknown
6228,15713,Central Av & Eva St,NB Central Av & FS Eva St,33.5699090000001,-112.073717,106,3,stop_id,,0,0,,,unknown
4913,12386,35th Av & Southern Av,SB 35th Av & FS Southern Av,33.3915400000001,-112.133779,35,27,stop_id,,0,0,,,unknown
5400,16658,Bell Rd & 4707 East,WB Bell Rd & AT 4707 East,33.6407340000001,-111.980663,170,40,stop_id,,0,0,,,unknown
6230,19016,Van Buren St & Greg Stanton CS,WB Van Buren St & AT Greg Stanton CS (Bay 1),33.4515270000001,-112.074293,3,609,stop_id,,,,,,unknown
4914,12375,35th Av & Washington St,SB 35th Av & FS Washington St,33.447329,-112.134622,35,10,stop_id,,0,0,,,unknown
5401,16655,Bell Rd & 52nd St,WB Bell Rd & FS 52nd St,33.6406620000001,-111.969249,170,1,stop_id,,0,0,,,unknown
624,12415,Shea Bl & 46th St,EB Shea Bl & FS 46th St,33.5825080000001,-111.982021,80,0,stop_id,,0,0,,,unknown
4915,12383,35th Av & Wier Av,SB 35th Av & FS Wier Av,33.402588,-112.133744,35,6,stop_id,,0,0,,,unknown
5402,16654,Bell Rd & 54th St,WB Bell Rd & FS 54th St,33.6406270000001,-111.964999,170,1,stop_id,,0,0,,,unknown
6243,10698,Sunnyslope TC,Sunnyslope TC (Bay 7 south side),33.5670230000001,-112.069179,106,,unmatched,,0,0,,,unknown
4916,12377,35th Av & Hadley St,SB 35th Av & FS Hadley St,33.4393870000001,-112.134697,35,4,stop_id,,0,0,,,unknown
5403,16653,Bell Rd & 56th St,WB Bell Rd & FS 56th St,33.640632,-111.960497,170,16,stop_id,,0,0,,,unknown
4917,12387,35th Av & Lydia Ln,SB 35th Av & NS Lydia Ln,33.388178,-112.133775,35,3,stop_id,1,0,0,,,unknown
5404,16652,Bell Rd & 58th Wy,WB Bell Rd & FS 58th Wy,33.64057,-111.955234,170,6,stop_id,,0,0,,,unknown
4918,13865,Southern Av & 39th Av,WB Southern Av & FS 39th Av,33.392161,-112.142714,61,2,stop_id,,0,0,,,unknown
5405,16651,Bell Rd & 60th St,WB Bell Rd & FS 60th St,33.6405500000001,-111.951928,170,3,stop_id,,0,0,,,unknown
4919,12965,43rd Av & Hadley St,SB 43rd Av & FS Hadley St,33.4393000000001,-112.151992,43,0,stop_id,,0,0,,,unknown
5406,16649,Bell Rd & 64th St,WB Bell Rd & FS 64th St,33.6405950000001,-111.943305,170,3,stop_id,,0,0,,,unknown
492,11368,McDowell Rd & 32nd St,EB McDowell Rd & FS 32nd St,33.465627,-112.012307,"17s, 17",132,stop_id,,0,0,,,unknown
5407,16648,Bell Rd & 66th St,WB Bell Rd & FS 66th St,33.6405310000001,-111.938885,170,1,stop_id,,0,0,,,unknown
6260,18243,Adams St & 17th Av,WB Adams St & FS 17th Av,33.4493130000001,-112.096202,"GAL, DASH, 575, 573, 571, 563, 562, 542, 535, 533, 531, 522, 521, 514",2,stop_id,,0,0,,,unknown
4920,12964,43rd Av & Jefferson St,SB 43rd Av & FS Jefferson St,33.4462380000001,-112.151947,43,0,stop_id,,0,0,,,unknown
5408,16647,Bell Rd & 68th St,WB Bell Rd & FS 68th St,33.6401520000001,-111.934276,170,0,stop_id,,0,0,,,unknown
6261,16079,Adams St & 18th Av,WB Adams St & FS 18th Av,33.4492970000001,-112.098623,"GAL, 575",0,stop_id,,0,0,,,unknown
4921,13302,48th St & Minton Dr,SB 48th St & FS Minton Dr,33.3816580000001,-111.978502,48,1,stop_id,,0,0,,,unknown
5409,16676,Bell Rd & 7th St,WB Bell Rd & FS 7th St,33.6404680000001,-112.066257,170,81,stop_id,,0,0,,,unknown
6266,13672,Southern Av & 41st Av,WB Southern Av & FS 41st Av,33.392144,-112.146995,61,0,stop_id,,0,0,,,unknown
4922,13300,48th St & Alta Vista Rd,SB 48th St & FS Alta Vista Rd,33.3889150000001,-111.978475,48,2,stop_id,,0,0,,,unknown
5410,16675,Bell Rd & 9th St,WB Bell Rd & FS 9th St,33.6404700000001,-112.061865,170,51,stop_id,,0,0,,,unknown
6267,17466,Southern Av & 43rd Av,EB Southern Av & FS 43rd Av,33.3918660000001,-112.150147,61,57,stop_id,,0,0,,,unknown
4923,13298,48th St & Fairmont Dr,SB 48th St & NS Fairmont Dr,33.3965660000001,-111.978443,48,2,stop_id,,0,0,,,unknown
5411,16669,Bell Rd & Cave Creek Rd,WB Bell Rd & FS Cave Creek Rd,33.640678,-112.031341,170,97,stop_id,,0,0,,,unknown
6268,13588,Atlanta Av & 11th Av,WB Atlanta Av & FS 11th Av,33.4001660000001,-112.08652,52,0,stop_id,,0,0,,,unknown
4924,13162,48th St & Broadway Rd,SB 48th St & FS Broadway Rd,33.4067410000001,-111.978498,48,36,stop_id,,0,0,,,unknown
5412,16657,Bell Rd & Tatum Bl,WB Bell Rd & FS Tatum Bl,33.640764,-111.978017,170,105,stop_id,,0,0,,,unknown
6269,13589,Atlanta Av & 15th Av,WB Atlanta Av & NS 15th Av,33.400178,-112.090101,52,1,stop_id,,0,0,,,unknown
5413,16662,Bell Rd & 38th St,WB Bell Rd & NS 38th St,33.640818,-111.999661,170,24,stop_id,,0,0,,,unknown
6270,15008,Baseline Rd & 15th Ln,WB Baseline Rd & FS 15th Ln,33.3778760000001,-112.092203,77,4,stop_id,,0,0,,,unknown
4925,13668,48th St & Chandler Bl,SB 48th St & FS Chandler Bl,33.3048380000001,-111.980555,"ALEX, 156, 108",0,stop_id,,0,0,,,unknown
5414,16646,Bell Rd & 7007 East,WB Bell Rd & AT 7007 East,33.639143,-111.929394,170,2,stop_id,,0,0,,,unknown
4926,13660,48th St & Cheyenne Dr,SB 48th St & FS Cheyenne Dr,33.346433,-111.980533,108,0,stop_id,,0,0,,,unknown
5415,13871,Bethany Home Rd & 10th St,WB Bethany Home Rd & FS 10th St,33.5238400000001,-112.061044,60,6,stop_id,,0,0,,,unknown
6272,15009,Baseline Rd & 17th Av,WB Baseline Rd & FS 17th Av,33.377872,-112.095316,77,3,stop_id,,0,0,,,unknown
4927,13296,48th St & Cotton Center Bl,SB 48th St & FS Cotton Center Bl,33.4030330000001,-111.978462,48,6,stop_id,,0,0,,,unknown
5416,13870,Bethany Home Rd & 12th St,WB Bethany Home Rd & FS 12th St,33.5238370000001,-112.056735,60,18,stop_id,,0,0,,,unknown
6273,10638,Baseline Rd & 4th Av,WB Baseline Rd & FS 4th Av,33.3778550000001,-112.079805,"8, 77",6,stop_id,,0,0,,,unknown
4928,13659,48th St & Elliot Rd,SB 48th St & FS Elliot Rd,33.3484350000001,-111.980568,108,10,stop_id,,0,0,,,unknown
5417,13868,Bethany Home Rd & 16th St,WB Bethany Home Rd & FS 16th St,33.523832,-112.048274,60,50,stop_id,,0,0,,,unknown
6274,15006,Baseline Rd & 7th Av,WB Baseline Rd & FS 7th Av,33.3778510000001,-112.08262,77,25,stop_id,,0,0,,,unknown
4929,13661,48th St & Kiowa St,SB 48th St & FS Kiowa St,33.339949,-111.984165,108,0,stop_id,,0,0,,,unknown
5418,13873,Bethany Home Rd & 3rd St,WB Bethany Home Rd & FS 3rd St,33.523875,-112.06991,60,2,stop_id,,0,0,,,unknown
493,11369,McDowell Rd & 34th St,EB McDowell Rd & FS 34th St,33.465611,-112.007705,"17s, 17",24,stop_id,,0,0,,,unknown
5419,13872,Bethany Home Rd & 7th St,WB Bethany Home Rd & FS 7th St,33.523853,-112.065624,60,66,stop_id,,0,0,,,unknown
6276,10637,Baseline Rd & Central Av,WB Baseline Rd & FS Central Av,33.3778760000001,-112.073736,"8, 77, 0",116,stop_id,,0,0,,,unknown
4930,13663,48th St & Knox Rd,SB 48th St & FS Knox Rd,33.3250840000001,-111.979988,108,7,stop_id,,0,0,,,unknown
5420,13869,Bethany Home Rd & 13th Pl,WB Bethany Home Rd & NS 13th Pl,33.523833,-112.052665,60,3,stop_id,,0,0,,,unknown
4931,13664,48th St & Lavender Ln,SB 48th St & FS Lavender Ln,33.322345,-111.979763,108,1,stop_id,,0,0,,,unknown
4932,13297,48th St & Roeser Rd,SB 48th St & FS Roeser Rd,33.3991330000001,-111.978429,"52, 48",7,stop_id,,0,0,,,unknown
5423,13251,Broadway Rd & 12th St,WB Broadway Rd & FS 12th St,33.406843,-112.056235,45,12,stop_id,,0,0,,,unknown
4933,13299,48th St & Southern Av,SB 48th St & FS Southern Av,33.3922160000001,-111.97848,48,22,stop_id,,0,0,,,unknown
5424,13250,Broadway Rd & 14th St,WB Broadway Rd & FS 14th St,33.406865,-112.052057,45,10,stop_id,,0,0,,,unknown
4934,13301,48th St & Vineyard Rd,SB 48th St & FS Vineyard Rd,33.385045,-111.978497,48,2,stop_id,,0,0,,,unknown
5425,13249,Broadway Rd & 16th St,WB Broadway Rd & FS 16th St,33.4068950000001,-112.047547,45,33,stop_id,,0,0,,,unknown
4935,13662,48th St & Warner Rd,SB 48th St & FS Warner Rd,33.330139,-111.98083,"ALEX, 108",7,stop_id,,0,0,,,unknown
5426,18306,Broadway Rd & 18th St,WB Broadway Rd & FS 18th St,33.4068990000001,-112.043681,45,17,stop_id,,0,0,,,unknown
5427,18278,Broadway Rd & 20th St,WB Broadway Rd & FS 20th St,33.4069250000001,-112.0388,45,11,stop_id,,0,0,,,unknown
494,11370,McDowell Rd & 36th St,EB McDowell Rd & FS 36th St,33.465588,-112.003763,"17s, 17",32,stop_id,,0,0,,,unknown
5428,13246,Broadway Rd & 22nd St,WB Broadway Rd & FS 22nd St,33.4069620000001,-112.035041,45,28,stop_id,,0,0,,,unknown
5429,13245,Broadway Rd & 24th St,WB Broadway Rd & FS 24th St,33.407023,-112.030335,45,23,stop_id,,0,0,,,unknown
4947,13806,59th Av & Sherman St,SB 59th Av & FS Sherman St,33.440187,-112.187948,59,0,stop_id,,0,0,,,unknown
4948,13805,59th Av & Washington St,SB 59th Av & FS Washington St,33.4474940000001,-112.186683,59,0,stop_id,,0,0,,,unknown
5431,13244,Broadway Rd & 25th St,WB Broadway Rd & FS 25th St,33.4070320000001,-112.027358,45,5,stop_id,,0,0,,,unknown
6291,15007,Baseline Rd & 12th Av,WB Baseline Rd & FS 12th Av,33.3778570000001,-112.087647,77,3,stop_id,,0,0,,,unknown
495,11350,McDowell Rd & 3rd St,EB McDowell Rd & FS 3rd St,33.4656220000001,-112.068927,17,14,stop_id,,0,0,,,unknown
5432,13243,Broadway Rd & 27th St,WB Broadway Rd & FS 27th St,33.407043,-112.024292,45,11,stop_id,,0,0,,,unknown
4950,14410,67th Av & Adams St,SB 67th Av & FS Adams St,33.4471110000001,-112.203657,67,0,stop_id,1,0,0,,,unknown
5433,13242,Broadway Rd & 28th St,WB Broadway Rd & FS 28th St,33.4070830000001,-112.021747,45,37,stop_id,,0,0,,,unknown
5434,13241,Broadway Rd & 30th St,WB Broadway Rd & FS 30th St,33.407112,-112.01732,45,3,stop_id,,0,0,,,unknown
4953,10746,7th Av & 2100 South,SB 7th Av & AT 2100 South,33.4284670000001,-112.082582,8,7,stop_id,,0,0,,,unknown
6296,16697,Bell Rd & 47th Av,WB Bell Rd & FS 47th Av,33.639324,-112.161067,170,1,stop_id,,0,0,,,unknown
5436,13240,Broadway Rd & 32nd St,WB Broadway Rd & FS 32nd St,33.4071690000001,-112.013076,45,73,stop_id,,0,0,,,unknown
4954,10751,7th Av & Broadway Rd,SB 7th Av & FS Broadway Rd,33.4061370000001,-112.082164,8,17,stop_id,,0,0,,,unknown
5437,13239,Broadway Rd & 34th St,WB Broadway Rd & FS 34th St,33.407208,-112.008655,45,3,stop_id,,0,0,,,unknown
4955,10742,7th Av & Buckeye Rd,SB 7th Av & FS Buckeye Rd,33.4364150000001,-112.082641,8,23,stop_id,,0,0,,,unknown
6298,16681,Bell Rd & 11th Av,WB Bell Rd & FS 11th Av,33.640341,-112.087571,170,36,stop_id,,0,0,,,unknown
5438,13238,Broadway Rd & 36th St,WB Broadway Rd & FS 36th St,33.407289,-112.00457,45,6,stop_id,,0,0,,,unknown
4956,10745,7th Av & Apache St,SB 7th Av & NS Apache St,33.4304070000001,-112.082673,8,4,stop_id,,0,0,,,unknown
6299,16682,Bell Rd & 15th Av,WB Bell Rd & FS 15th Av,33.64032,-112.091785,170,16,stop_id,,0,0,,,unknown
5439,13237,Broadway Rd & 38th St,WB Broadway Rd & FS 38th St,33.407312,-112.000093,45,0,stop_id,,0,0,,,unknown
4957,10749,7th Av & Elwood St,SB 7th Av & FS Elwood St,33.4135640000001,-112.082137,8,1,stop_id,,0,0,,,unknown
5440,13236,Broadway Rd & 40th St,WB Broadway Rd & FS 40th St,33.407386,-111.995897,45,30,stop_id,,0,0,,,unknown
4958,10750,7th Av & Jones Av,SB 7th Av & FS Jones Av,33.410379,-112.082127,8,2,stop_id,,0,0,,,unknown
6300,16683,Bell Rd & 17th Av,WB Bell Rd & FS 17th Av,33.640295,-112.096134,170,14,stop_id,,0,0,,,unknown
5441,13235,Broadway Rd & 41st St,WB Broadway Rd & FS 41st St,33.4073910000001,-111.993352,45,5,stop_id,,0,0,,,unknown
4959,10753,7th Av & Roeser Rd,SB 7th Av & FS Roeser Rd,33.3987020000001,-112.0821,8,2,stop_id,,0,0,,,unknown
6302,16684,Bell Rd & 19th Av,WB Bell Rd & FS 19th Av,33.6403100000001,-112.100718,170,131,stop_id,,0,0,,,unknown
5442,13234,Broadway Rd & 43rd Pl,WB Broadway Rd & FS 43rd Pl,33.407404,-111.988548,45,5,stop_id,,0,0,,,unknown
6303,16685,Bell Rd & 21st Av,WB Bell Rd & FS 21st Av,33.640185,-112.1063,170,7,stop_id,,0,0,,,unknown
496,11372,McDowell Rd & 40th St,EB McDowell Rd & FS 40th St,33.4655330000001,-111.995101,"17s, 17",31,stop_id,,0,0,,,unknown
5443,13232,Broadway Rd & 46th Pl,WB Broadway Rd & FS 46th Pl,33.4074150000001,-111.981806,45,7,stop_id,,0,0,,,unknown
6304,16686,Bell Rd & 23rd Av,WB Bell Rd & FS 23rd Av,33.640138,-112.109171,170,1,stop_id,,0,0,,,unknown
4960,10755,7th Av & Southern Av,SB 7th Av & FS Southern Av,33.3915620000001,-112.082132,8,10,stop_id,,0,0,,,unknown
5444,13231,Broadway Rd & 48th St,WB Broadway Rd & FS 48th St,33.407452,-111.978814,45,46,stop_id,,0,0,,,unknown
6305,16689,Bell Rd & 31st Dr,WB Bell Rd & FS 31st Dr,33.639872,-112.12586,170,1,stop_id,,0,0,,,unknown
4961,10754,7th Av & Sunland Av,SB 7th Av & FS Sunland Av,33.395633,-112.082072,8,2,stop_id,,0,0,,,unknown
6306,16690,Bell Rd & 33rd Av,WB Bell Rd & FS 33rd Av,33.6397900000001,-112.130637,170,12,stop_id,,0,0,,,unknown
4962,10757,7th Av & Vineyard Rd,SB 7th Av & FS Vineyard Rd,33.3842990000001,-112.082043,8,1,stop_id,,0,0,,,unknown
5446,10477,Broadway Rd & 4th St,WB Broadway Rd & FS 4th St,33.406824,-112.068727,45,3,stop_id,,0,0,,,unknown
6307,16691,Bell Rd & 35th Av,WB Bell Rd & FS 35th Av,33.6397720000001,-112.134883,170,65,stop_id,,0,0,,,unknown
4963,10747,7th Av & Watkins St,SB 7th Av & FS Watkins St,33.4252440000001,-112.082549,8,8,stop_id,,0,0,,,unknown
6308,16692,Bell Rd & 37th Av,WB Bell Rd & FS 37th Av,33.6396550000001,-112.139216,170,1,stop_id,,0,0,,,unknown
4964,10748,7th Av & Lower Buckeye Rd,SB 7th Av & FS Lower Buckeye Rd,33.42186,-112.082506,8,1,stop_id,,0,0,,,unknown
5449,15173,Broadway Rd & 7th St,WB Broadway Rd & FS 7th St,33.406842,-112.065286,45,27,stop_id,,0,0,,,unknown
6309,16693,Bell Rd & 39th Av,WB Bell Rd & FS 39th Av,33.6395820000001,-112.143548,170,2,stop_id,,0,0,,,unknown
4965,10743,7th Av & 1250 South,SB 7th Av & AT 1250 South,33.4352460000001,-112.082634,8,5,stop_id,,0,0,,,unknown
5450,13252,Broadway Rd & 9th St,WB Broadway Rd & FS 9th St,33.406821,-112.060709,45,2,stop_id,,0,0,,,unknown
4966,10740,7th Av & Sherman St,SB 7th Av & FS Sherman St,33.4395960000001,-112.082687,8,38,stop_id,,0,0,,,unknown
6310,16679,Bell Rd & 3rd Av,WB Bell Rd & FS 3rd Av,33.6404170000001,-112.079114,170,16,stop_id,,0,0,,,unknown
6311,16694,Bell Rd & 41st Av,WB Bell Rd & FS 41st Av,33.6395240000001,-112.147238,170,4,stop_id,,0,0,,,unknown
4968,10739,7th Av & Washington St,SB 7th Av & FS Washington St,33.4478320000001,-112.082669,8,31,stop_id,,0,0,,,unknown
6312,16695,Bell Rd & 43rd Av,WB Bell Rd & FS 43rd Av,33.639483,-112.152486,170,36,stop_id,,0,0,,,unknown
4969,10752,7th Av & Tamarisk St,SB 7th Av & FS Tamarisk St,33.4033430000001,-112.082094,8,1,stop_id,,0,0,,,unknown
6313,16696,Bell Rd & 45th Av,WB Bell Rd & FS 45th Av,33.6393640000001,-112.156495,170,2,stop_id,,0,0,,,unknown
497,11373,McDowell Rd & 41st St,EB McDowell Rd & FS 41st St,33.465561,-111.992613,"17s, 17",27,stop_id,,0,0,,,unknown
6314,16698,Bell Rd & 49th Av,WB Bell Rd & FS 49th Av,33.63921,-112.165169,170,0,stop_id,,0,0,,,unknown
4971,10744,7th Av & Pima St,SB 7th Av & NS Pima St,33.433708,-112.082616,8,9,stop_id,,0,0,,,unknown
4972,10758,7th Av & Fremont Rd,SB 7th Av & NS Fremont Rd,33.381559,-112.082034,8,0,stop_id,,0,0,,,unknown
4975,10631,7th St & Desert Ln,SB 7th St & FS Desert Ln,33.3715920000001,-112.066065,"7s, 7",0,stop_id,,0,0,,,unknown
4976,10618,7th St & Jones Av,SB 7th St & FS Jones Av,33.409928,-112.064733,7,13,stop_id,,0,0,,,unknown
4977,10609,7th St & Sherman St,SB 7th St & FS Sherman St,33.439558,-112.065352,7,0,stop_id,,0,0,,,unknown
4978,10625,7th St & Alta Vista Rd,SB 7th St & FS Alta Vista Rd,33.3883480000001,-112.064797,"7s, 7",3,stop_id,,0,0,,,unknown
498,11375,McDowell Rd & 44th St,EB McDowell Rd & FS 44th St,33.4655280000001,-111.986597,17,68,stop_id,,0,0,,,unknown
4980,10620,7th St & Broadway Rd,SB 7th St & FS Broadway Rd,33.4061770000001,-112.064745,7,39,stop_id,,0,0,,,unknown
6324,16680,Bell Rd & 7th Av,WB Bell Rd & FS 7th Av,33.6403750000001,-112.083379,170,18,stop_id,,0,0,,,unknown
4981,10610,7th St & Buckeye Rd,SB 7th St & FS Buckeye Rd,33.43631,-112.065382,7,30,stop_id,,0,0,,,unknown
6325,16687,Bell Rd & I-17 Fwy,WB Bell Rd & FS I-17 Fwy,33.6400620000001,-112.117886,170,8,stop_id,,0,0,,,unknown
4982,10627,7th St & Carter Rd,SB 7th St & FS Carter Rd,33.3819330000001,-112.064757,"7s, 7",1,stop_id,,0,0,,,unknown
6326,16678,Bell Rd & Central Av,WB Bell Rd & FS Central Av,33.6403950000001,-112.074571,170,15,stop_id,,0,0,,,unknown
4983,10617,7th St & Elwood St,SB 7th St & FS Elwood St,33.4132030000001,-112.06476,7,2,stop_id,,0,0,,,unknown
6327,16688,Bell Rd & Holmes Bl,WB Bell Rd & FS Holmes Bl,33.6399450000001,-112.122042,170,52,stop_id,,0,0,,,unknown
4984,10633,7th St & Euclid Av,SB 7th St & FS Euclid Av,33.3665060000001,-112.066076,"7s, 7",0,stop_id,,0,0,,,unknown
4985,10608,7th St & Lincoln St,SB 7th St & FS Lincoln St,33.4415670000001,-112.065506,7,4,stop_id,,0,0,,,unknown
6329,13878,Bethany Home Rd & 15th Av,WB Bethany Home Rd & FS 15th Av,33.5241040000001,-112.091796,60,8,stop_id,,0,0,,,unknown
4986,10612,7th St & Mohave St,SB 7th St & FS Mohave St,33.431019,-112.065369,7,17,stop_id,1,0,0,,,unknown
633,12409,Shea Bl & 35th St,EB Shea Bl & FS 35th St,33.5824660000001,-112.007236,"80, 39",3,stop_id,,0,0,,,unknown
4987,10611,7th St & Pima St,SB 7th St & FS Pima St,33.4328780000001,-112.065323,7,2,stop_id,,0,0,,,unknown
6330,13879,Bethany Home Rd & 17th Av,WB Bethany Home Rd & FS 17th Av,33.5241760000001,-112.095804,60,11,stop_id,,0,0,,,unknown
4988,10622,7th St & Roeser Rd,SB 7th St & FS Roeser Rd,33.3991990000001,-112.064754,"7s, 7",70,stop_id,,0,0,,,unknown
6331,13880,Bethany Home Rd & 19th Av,WB Bethany Home Rd & FS 19th Av,33.5242700000001,-112.100747,60,158,stop_id,,0,0,,,unknown
4989,18274,7th St & South Mountain Av,SB 7th St & FS South Mountain Av,33.3702720000001,-112.066085,"7s, 7",0,stop_id,,0,0,,,unknown
6332,13882,Bethany Home Rd & 23rd Av,WB Bethany Home Rd & FS 23rd Av,33.524184,-112.108779,60,19,stop_id,,0,0,,,unknown
499,11377,McDowell Rd & 48th St,EB McDowell Rd & FS 48th St,33.4655080000001,-111.977973,17,28,stop_id,,0,0,,,unknown
6333,13884,Bethany Home Rd & 27th Av,WB Bethany Home Rd & FS 27th Av,33.5241560000001,-112.117539,60,73,stop_id,,0,0,,,unknown
4990,10624,7th St & Southern Av,SB 7th St & FS Southern Av,33.3918410000001,-112.064802,"7s, 7",19,stop_id,,0,0,,,unknown
6334,13885,Bethany Home Rd & 29th Av,WB Bethany Home Rd & FS 29th Av,33.5241110000001,-112.121697,60,2,stop_id,,0,0,,,unknown
4991,10615,7th St & University Dr,SB 7th St & FS University Dr,33.4229550000001,-112.065107,7,12,stop_id,,0,0,,,unknown
6335,13886,Bethany Home Rd & 31st Av,WB Bethany Home Rd & FS 31st Av,33.5240910000001,-112.126066,60,4,stop_id,,0,0,,,unknown
4992,10616,7th St & Victory St,SB 7th St & FS Victory St,33.415984,-112.064821,7,3,stop_id,,0,0,,,unknown
6336,18291,Bethany Home Rd & 33rd Av,WB Bethany Home Rd & FS 33rd Av,33.5241130000001,-112.131106,60,12,stop_id,,0,0,,,unknown
4993,10216,7th St & Washington St,SB 7th St & FS Washington St,33.4475650000001,-112.065257,7,33,stop_id,,0,0,,,unknown
6337,13888,Bethany Home Rd & 35th Av,WB Bethany Home Rd & FS 35th Av,33.5241320000001,-112.134692,60,85,stop_id,,0,0,,,unknown
4994,10614,7th St & Watkins St,SB 7th St & FS Watkins St,33.42542,-112.065266,7,1,stop_id,,0,0,,,unknown
6338,13890,Bethany Home Rd & 39th Av,WB Bethany Home Rd & FS 39th Av,33.5240450000001,-112.143223,60,5,stop_id,,0,0,,,unknown
4995,10621,7th St & Wier Av,SB 7th St & FS Wier Av,33.402677,-112.064734,7,14,stop_id,,0,0,,,unknown
6339,13875,Bethany Home Rd & 3rd Av,WB Bethany Home Rd & FS 3rd Av,33.5239260000001,-112.07852,60,0,stop_id,,0,0,,,unknown
4996,10613,7th St & 2150 South,SB 7th St & AT 2150 South,33.427915,-112.065322,7,2,stop_id,,0,0,,,unknown
634,13350,Shea Bl & 36th St,EB Shea Bl & FS 36th St,33.5824840000001,-112.003844,"80, 39",5,stop_id,,0,0,,,unknown
4997,10628,7th St & 7428 South,SB 7th St & AT 7428 South,33.3792540000001,-112.064754,"7s, 7",10,stop_id,,0,0,,,unknown
5484,13233,Broadway Rd & 45th St,WB Broadway Rd & FS 45th St,33.4074400000001,-111.984837,45,18,stop_id,,0,0,,,unknown
6340,13891,Bethany Home Rd & 41st Av,WB Bethany Home Rd & FS 41st Av,33.524035,-112.147579,60,2,stop_id,,0,0,,,unknown
4998,10623,7th St & Sunland Av,SB 7th St & NS Sunland Av,33.3963640000001,-112.0648,"7s, 7",32,stop_id,,0,0,,,unknown
4999,10626,7th St & Vineyard Rd,SB 7th St & FS Vineyard Rd,33.384619,-112.064765,"7s, 7",4,stop_id,,0,0,,,unknown
500,11378,McDowell Rd & 50th St,EB McDowell Rd & FS 50th St,33.465451,-111.973468,17,8,stop_id,,0,0,,,unknown
549,15358,Moreland St & 11th St,EB Moreland St & FS 11th St,33.46117,-112.058499,12,9,stop_id,,0,0,,,unknown
55,14941,Baseline Rd & 36th Wy,EB Baseline Rd & FS 36th Wy,33.377885,-112.003767,77,12,stop_id,,0,0,,,unknown
5507,15450,Buckeye Rd & 10th St,WB Buckeye Rd & FS 10th St,33.4369,-112.061437,13,2,stop_id,,0,0,,,unknown
5508,11017,Buckeye Rd & 13th St,WB Buckeye Rd & FS 13th St,33.436901,-112.055166,13,12,stop_id,,0,0,,,unknown
5509,11016,Buckeye Rd & 14th St,WB Buckeye Rd & FS 14th St,33.4368840000001,-112.052472,13,4,stop_id,,0,0,,,unknown
5510,11015,Buckeye Rd & 16th St,WB Buckeye Rd & FS 16th St,33.4369740000001,-112.048227,13,55,stop_id,,0,0,,,unknown
501,19015,Paradise Valley TC,Paradise Valley TC,33.6043010000001,-111.982768,"44, 138",,unmatched,,,,,,unknown
5511,11012,Buckeye Rd & 24th St,WB Buckeye Rd & FS 24th St,33.436971,-112.035168,"SME, 13",49,stop_id,,0,0,,,unknown
6353,13876,Bethany Home Rd & 7th Av,WB Bethany Home Rd & FS 7th Av,33.5239690000001,-112.083404,60,16,stop_id,,0,0,,,unknown
6354,18609,Bethany Home Rd & I-17 Fwy,WB Bethany Home Rd & FS I-17 Fwy,33.5242500000001,-112.113339,60,10,stop_id,,0,0,,,unknown
5513,10762,Buckeye Rd & 7th St,WB Buckeye Rd & FS 7th St,33.4369570000001,-112.06568,13,39,stop_id,,0,0,,,unknown
6355,13874,Bethany Home Rd & Central Av,WB Bethany Home Rd & FS Central Av,33.5239060000001,-112.074352,60,18,stop_id,,0,0,,,unknown
5516,11014,Buckeye Rd & Sky Harbor Cir,WB Buckeye Rd & FS Sky Harbor Cir,33.4370270000001,-112.043842,13,13,stop_id,,0,0,,,unknown
6356,13877,Bethany Home Rd & 12th Av,WB Bethany Home Rd & NS 12th Av,33.524034,-112.087496,60,1,stop_id,,0,0,,,unknown
5517,11018,Buckeye Rd & 12th St,WB Buckeye Rd & FS 12th St,33.436902,-112.058294,13,4,stop_id,,0,0,,,unknown
6357,14874,Bethany Home Rd & 21st Av,WB Bethany Home Rd & NS 21st Av,33.524214,-112.103657,60,9,stop_id,,0,,,,unknown
552,11206,Northern Av & 12th St,EB Northern Av & FS 12th St,33.5529470000001,-112.056183,80,21,stop_id,,0,0,,,unknown
6358,13889,Bethany Home Rd & 37th Av,WB Bethany Home Rd & NS 37th Av,33.5240620000001,-112.138039,60,6,stop_id,,0,0,,,unknown
5520,11021,Buckeye Rd & 4th St,WB Buckeye Rd & NS 4th St,33.4369070000001,-112.068399,13,2,stop_id,,0,0,,,unknown
5521,11013,Buckeye Rd & 1900 East,WB Buckeye Rd & AT 1900 East,33.436944,-112.040627,13,5,stop_id,,0,0,,,unknown
636,12411,Shea Bl & 38th St,EB Shea Bl & FS 38th St,33.5825840000001,-111.999704,80,0,stop_id,,0,0,,,unknown
5523,15711,Cactus Rd & 24th St,WB Cactus Rd & FS 24th St,33.5968570000001,-112.031024,138,3,stop_id,,0,0,,,unknown
502,11380,McDowell Rd & 52nd St,EB McDowell Rd & FS 52nd St,33.4653470000001,-111.968967,"514, 17",7,stop_id,,0,0,,,unknown
5524,15710,Cactus Rd & 27th St,WB Cactus Rd & FS 27th St,33.5969670000001,-112.024923,138,4,stop_id,,0,0,,,unknown
5525,15709,Cactus Rd & 28th St,WB Cactus Rd & FS 28th St,33.5970090000001,-112.022218,138,4,stop_id,,0,0,,,unknown
5526,15708,Cactus Rd & 30th St,WB Cactus Rd & FS 30th St,33.5970810000001,-112.017853,138,2,stop_id,,0,0,,,unknown
6363,17093,Broadway Rd & Central Av,WB Broadway Rd & FS Central Av,33.406871,-112.075106,45,16,stop_id,,0,0,,,unknown
5527,15707,Cactus Rd & 32nd St,WB Cactus Rd & FS 32nd St,33.5971470000001,-112.013764,138,39,stop_id,,0,0,,,unknown
5528,15706,Cactus Rd & 36th St,WB Cactus Rd & FS 36th St,33.597223,-112.004856,138,6,stop_id,,0,0,,,unknown
5529,15705,Cactus Rd & 38th St,WB Cactus Rd & FS 38th St,33.597226,-112.000544,138,0,stop_id,,0,0,,,unknown
5530,15704,Cactus Rd & 40th St,WB Cactus Rd & FS 40th St,33.597269,-111.996354,138,8,stop_id,,0,0,,,unknown
5531,18075,Cactus Rd & 42nd St,WB Cactus Rd & FS 42nd St,33.597838,-111.992099,138,4,stop_id,,0,0,,,unknown
503,18070,McDowell Rd & 5th St,EB McDowell Rd & FS 5th St,33.4656220000001,-112.067105,17,17,stop_id,,0,0,,,unknown
5536,16333,Cactus Rd & Escobar Wy,WB Cactus Rd & FS Escobar Wy,33.596888,-112.034741,138,4,stop_id,,0,0,,,unknown
5032,10183,Central Av & Olympic Dr,SB Central Av & NS Olympic Dr,33.374402,-112.073381,0,8,stop_id,,0,0,,,unknown
5537,15702,Cactus Rd & Paradise Village Pkwy,WB Cactus Rd & FS Paradise Village Pkwy,33.599431,-111.98857,138,40,stop_id,,0,0,,,unknown
5033,10169,Central Av & Pioneer St,SB Central Av & NS Pioneer St,33.4177930000001,-112.073713,0,6,stop_id,,0,0,,,unknown
5539,12500,Camelback Rd & 14th Pl,WB Camelback Rd & FS 14th Pl,33.5093200000001,-112.051354,50,6,stop_id,,0,0,,,unknown
5034,10179,Central Av & Alta Vista Rd,SB Central Av & NS Alta Vista Rd,33.388923,-112.073424,0,11,stop_id,,0,0,,,unknown
554,11208,Northern Av & 14th St,EB Northern Av & FS 14th St,33.5530800000001,-112.051786,80,3,stop_id,,0,0,,,unknown
5035,15625,Central Av & Baseline Rd,SB Central Av & FS Baseline Rd,33.377173,-112.073411,0,61,stop_id,,0,0,,,unknown
5540,18013,Camelback Rd & 2910 East,WB Camelback Rd & AT 2910 East,33.509983,-112.017868,"50, 32s, 32",11,stop_id,,0,0,,,unknown
5036,10173,Central Av & 4400 South,SB Central Av & AT 4400 South,33.406257,-112.073457,0,37,stop_id,,0,0,,,unknown
5541,13409,Camelback Rd & 38th St,WB Camelback Rd & FS 38th St,33.5100150000001,-112.00044,50,1,stop_id,,0,0,,,unknown
5037,10165,Central Av & Yavapai St,SB Central Av & FS Yavapai St,33.4357240000001,-112.0739,0,69,stop_id,,0,0,,,unknown
5542,12504,Camelback Rd & 3rd St,WB Camelback Rd & FS 3rd St,33.5093610000001,-112.069421,50,4,stop_id,,0,0,,,unknown
5038,10170,Central Av & Elwood St,SB Central Av & FS Elwood St,33.4134110000001,-112.073556,0,11,stop_id,,0,0,,,unknown
5543,13399,Camelback Rd & Camino Allenada,WB Camelback Rd & FS Camino Allenada,33.5019770000001,-111.957711,50,0,stop_id,,0,0,,,unknown
5039,10185,Central Av & Euclid Av,SB Central Av & FS Euclid Av,33.3666480000001,-112.07334,0,13,stop_id,,0,0,,,unknown
5544,13404,Camelback Rd & Launfal Av,WB Camelback Rd & FS Launfal Av,33.508565,-111.976809,50,0,stop_id,,0,0,,,unknown
5545,13402,Camelback Rd & Rubicon Av,WB Camelback Rd & FS Rubicon Av,33.5045230000001,-111.969569,50,3,stop_id,,0,0,,,unknown
5040,10181,Central Av & Fremont Rd,SB Central Av & FS Fremont Rd,33.380522,-112.073401,0,5,stop_id,,0,0,,,unknown
5041,10164,Central Av & Hadley St,SB Central Av & FS Hadley St,33.438677,-112.073947,0,6,stop_id,,0,0,,,unknown
638,12412,Shea Bl & 40th St,EB Shea Bl & FS 40th St,33.5826060000001,-111.995044,80,6,stop_id,,0,0,,,unknown
5042,10163,1st Av & Lincoln St,SB 1st Av & FS Lincoln St,33.4417760000001,-112.075188,0,11,stop_id,,0,0,,,unknown
5547,13374,Camelback Rd & 10th St,WB Camelback Rd & FS 10th St,33.509327,-112.060915,50,16,stop_id,,0,0,,https://farm5.staticflickr.com/4522/26516856399_080efdb070_o.jpg,unknown
5044,10167,Central Av & Mohave St,SB Central Av & FS Mohave St,33.430774,-112.073876,0,27,stop_id,,0,0,,,unknown
5548,12501,Camelback Rd & 12th St,WB Camelback Rd & FS 12th St,33.5093370000001,-112.057408,50,47,stop_id,,0,0,,,unknown
5045,10166,Central Av & Papago St,SB Central Av & FS Papago St,33.4337180000001,-112.07389,0,23,stop_id,,0,0,,,unknown
5549,12499,Camelback Rd & 16th St,WB Camelback Rd & FS 16th St,33.50937,-112.048391,50,147,stop_id,,0,0,,,unknown
5046,10175,Central Av & Roeser Rd,SB Central Av & FS Roeser Rd,33.3990920000001,-112.073508,0,66,stop_id,,0,0,,,unknown
555,11203,Northern Av & 3rd St,EB Northern Av & FS 3rd St,33.552646,-112.068496,80,0,stop_id,,0,0,,,unknown
5047,15627,Central Av & South Mountain Av,SB Central Av & FS South Mountain Av,33.3701280000001,-112.073349,0,5,stop_id,,0,0,,,unknown
5550,16054,Camelback Rd & 18th St,WB Camelback Rd & FS 18th St,33.509348,-112.043691,"60, 50",55,stop_id,,0,0,,,unknown
5048,10177,Central Av & Southern Av,SB Central Av & FS Southern Av,33.3918360000001,-112.073509,0,89,stop_id,,0,0,,,unknown
5551,16018,Camelback Rd & 20th St,WB Camelback Rd & FS 20th St,33.509374,-112.039661,"60, 50",87,stop_id,,0,0,,,unknown
5049,10176,Central Av & Sunland Av,SB Central Av & FS Sunland Av,33.395248,-112.073413,0,24,stop_id,,0,0,,,unknown
5552,12496,Camelback Rd & 22nd St,WB Camelback Rd & FS 22nd St,33.509423,-112.035059,"60, 50",21,stop_id,,0,0,,,unknown
5553,12495,Camelback Rd & 24th St,WB Camelback Rd & FS 24th St,33.509505,-112.030883,"60, 50",125,stop_id,,0,0,,,unknown
5050,10174,Central Av & Tamarisk St,SB Central Av & FS Tamarisk St,33.4036610000001,-112.073488,0,38,stop_id,,0,0,,,unknown
5554,13413,Camelback Rd & 26th St,WB Camelback Rd & FS 26th St,33.50967,-112.026171,50,15,stop_id,,0,0,,,unknown
639,12413,Shea Bl & 42nd St,EB Shea Bl & FS 42nd St,33.5825800000001,-111.990529,80,2,stop_id,,0,0,,,unknown
5051,10180,Central Av & Vineyard Rd,SB Central Av & FS Vineyard Rd,33.3846270000001,-112.073461,0,6,stop_id,,0,0,,,unknown
5555,18014,Camelback Rd & 28th St,WB Camelback Rd & FS 28th St,33.5098150000001,-112.02238,"50, 32",66,stop_id,,0,0,,,unknown
5052,10168,Central Av & Watkins St,SB Central Av & FS Watkins St,33.42546,-112.073736,0,28,stop_id,,0,0,,,unknown
5556,18012,Camelback Rd & 32nd St,WB Camelback Rd & FS 32nd St,33.5101510000001,-112.013651,"50, 32s, 32",69,stop_id,,0,0,,,unknown
6391,11025,Buckeye Rd & 11th Av,WB Buckeye Rd & FS 11th Av,33.4368660000001,-112.087214,13,7,stop_id,,0,0,,,unknown
5054,10171,Central Av & Jones Av,SB Central Av & FS Jones Av,33.4103160000001,-112.073517,0,12,stop_id,,0,0,,,unknown
5557,13411,Camelback Rd & 34th St,WB Camelback Rd & FS 34th St,33.510096,-112.008942,50,2,stop_id,,0,0,,,unknown
6392,11026,Buckeye Rd & 15th Av,WB Buckeye Rd & FS 15th Av,33.436853,-112.091723,13,17,stop_id,,0,0,,,unknown
5558,13410,Camelback Rd & 36th St,WB Camelback Rd & NS 36th St,33.510067,-112.003511,50,4,stop_id,,0,0,,,unknown
6393,11028,Buckeye Rd & 19th Av,WB Buckeye Rd & FS 19th Av,33.436833,-112.100623,13,54,stop_id,,0,0,,,unknown
5559,13408,Camelback Rd & 40th St,WB Camelback Rd & FS 40th St,33.510025,-111.995802,50,60,stop_id,,0,0,,,unknown
6394,11029,Buckeye Rd & 21st Av,WB Buckeye Rd & FS 21st Av,33.4368460000001,-112.104768,13,3,stop_id,,0,0,,,unknown
556,11204,Northern Av & 7th St,EB Northern Av & FS 7th St,33.5525910000001,-112.064548,80,18,stop_id,,0,0,,,unknown
6396,11031,Buckeye Rd & 25th Av,WB Buckeye Rd & FS 25th Av,33.436904,-112.113362,13,15,stop_id,,0,0,,,unknown
5560,18034,Camelback Rd & 44th St,WB Camelback Rd & FS 44th St,33.509715,-111.987435,50,96,stop_id,,0,0,,,unknown
6398,18166,Buckeye Rd & 27th Av,WB Buckeye Rd & FS 27th Av,33.436943,-112.117957,13,28,stop_id,,0,0,,,unknown
5561,13405,Camelback Rd & 45th Pl,WB Camelback Rd & FS 45th Pl,33.509468,-111.98253,50,1,stop_id,,0,0,,,unknown
6399,11033,Buckeye Rd & 29th Av,WB Buckeye Rd & FS 29th Av,33.4369520000001,-112.122006,13,2,stop_id,,0,0,,,unknown
5562,13401,Camelback Rd & 54th St,WB Camelback Rd & FS 54th St,33.5021760000001,-111.965448,50,0,stop_id,,0,0,,,unknown
5563,13400,Camelback Rd & 56th St,WB Camelback Rd & FS 56th St,33.5019530000001,-111.961339,50,2,stop_id,,0,0,,,unknown
640,12414,Shea Bl & 44th St,EB Shea Bl & FS 44th St,33.582527,-111.986058,80,0,stop_id,,0,0,,,unknown
5564,13396,Camelback Rd & 62nd St,WB Camelback Rd & FS 62nd St,33.502081,-111.948004,50,1,stop_id,1,0,0,,,unknown
6400,11034,Buckeye Rd & 31st Av,WB Buckeye Rd & FS 31st Av,33.4370000000001,-112.126496,13,4,stop_id,,0,0,,,unknown
5565,18056,Camelback Rd & 64th St,WB Camelback Rd & FS 64th St,33.5021750000001,-111.94383,50,4,stop_id,,0,0,,,unknown
6401,11035,Buckeye Rd & 33rd Av,WB Buckeye Rd & FS 33rd Av,33.436991,-112.13075,13,1,stop_id,,0,0,,,unknown
6402,11036,Buckeye Rd & 35th Av,WB Buckeye Rd & FS 35th Av,33.4369970000001,-112.135232,13,33,stop_id,,0,0,,,unknown
6403,11037,Buckeye Rd & 37th Av,WB Buckeye Rd & FS 37th Av,33.4369980000001,-112.138953,13,2,stop_id,,0,0,,,unknown
5569,12503,Camelback Rd & 7th St,WB Camelback Rd & FS 7th St,33.5093430000001,-112.065787,50,103,stop_id,,0,0,,,unknown
6404,11038,Buckeye Rd & 39th Av,WB Buckeye Rd & FS 39th Av,33.4370050000001,-112.1437,13,3,stop_id,,0,0,,,unknown
557,11202,Northern Av & Central Av,EB Northern Av & FS Central Av,33.5526770000001,-112.073304,80,14,stop_id,,0,0,,,unknown
6405,11041,Buckeye Rd & 43rd Av,WB Buckeye Rd & FS 43rd Av,33.4370410000001,-112.152621,13,16,stop_id,,0,0,,,unknown
6406,11042,Buckeye Rd & 47th Av,WB Buckeye Rd & FS 47th Av,33.436943,-112.16088,13,1,stop_id,,0,0,,,unknown
5571,13403,Camelback Rd & Arcadia Dr,WB Camelback Rd & FS Arcadia Dr,33.5062820000001,-111.972736,50,1,stop_id,,0,0,,,unknown
6407,11043,Buckeye Rd & 51st Av,WB Buckeye Rd & FS 51st Av,33.43688,-112.169723,13,14,stop_id,,0,0,,,unknown
6408,11044,Buckeye Rd & 54th Av,WB Buckeye Rd & FS 54th Av,33.436966,-112.175866,13,1,stop_id,,0,0,,,unknown
6409,11045,Buckeye Rd & 56th Av,WB Buckeye Rd & FS 56th Av,33.437054,-112.18132,13,4,stop_id,,0,0,,,unknown
5574,13398,Camelback Rd & Hilltop Rd,WB Camelback Rd & FS Hilltop Rd,33.5019990000001,-111.955284,50,0,stop_id,,0,0,,,unknown
6410,11046,Buckeye Rd & 59th Av,WB Buckeye Rd & FS 59th Av,33.4371630000001,-112.190171,"59, 13",0,stop_id,,0,0,,,unknown
5577,18057,Camelback Rd & Phoenician Bl,WB Camelback Rd & FS Phoenician Bl,33.50203,-111.95259,50,12,stop_id,,0,0,,,unknown
6411,11047,Buckeye Rd & 63rd Av,WB Buckeye Rd & FS 63rd Av,33.4372240000001,-112.195646,13,1,stop_id,,0,0,,,unknown
6412,11024,Buckeye Rd & 7th Av,WB Buckeye Rd & FS 7th Av,33.436971,-112.083188,13,35,stop_id,,0,0,,,unknown
558,11205,Northern Av & Pueblo Rd,EB Northern Av & FS Pueblo Rd,33.552648,-112.060427,80,2,stop_id,,0,0,,,unknown
6413,11022,Buckeye Rd & Central Av,WB Buckeye Rd & FS Central Av,33.4370420000001,-112.074386,13,63,stop_id,,0,0,,,unknown
6414,11023,Buckeye Rd & Montezuma St,WB Buckeye Rd & FS Montezuma St,33.4371860000001,-112.078716,13,7,stop_id,,0,0,,,unknown
6415,11027,Buckeye Rd & 17th Av,WB Buckeye Rd & FS 17th Av,33.436833,-112.096288,13,11,stop_id,,0,0,,,unknown
6417,11039,Buckeye Rd & 41st Av,WB Buckeye Rd & FS 41st Av,33.4370060000001,-112.147972,13,1,stop_id,,0,0,,,unknown
6419,11030,Buckeye Rd & 23rd Av,WB Buckeye Rd & FS 23rd Av,33.4368640000001,-112.109129,13,7,stop_id,,0,0,,,unknown
642,16908,Shea Bl & 54th St,EB Shea Bl & FS 54th St,33.5825550000001,-111.964295,80,1,stop_id,,0,0,,,unknown
6420,15628,Buist Av & 12th Av,WB Buist Av & FS 12th Av,33.3593990000001,-112.090188,0,27,stop_id,,0,0,,,unknown
6421,11709,Butler Dr & 27th Av,WB Butler Dr & FS 27th Av,33.56041,-112.117522,27,7,stop_id,,0,0,,,unknown
6422,16061,Cactus Rd & 19th Av,WB Cactus Rd & FS 19th Av,33.5966570000001,-112.100038,122,54,stop_id,,0,0,,,unknown
5591,17174,Chandler Bl & 46th St,WB Chandler Bl & FS 46th St,33.3053830000001,-111.985156,ALEX,0,stop_id,,0,0,,,unknown
6423,16062,Cactus Rd & 21st Av,WB Cactus Rd & FS 21st Av,33.596592,-112.10435,122,0,stop_id,,0,0,,,unknown
5592,17173,Chandler Bl & 48th St,WB Chandler Bl & FS 48th St,33.3054700000001,-111.980849,ALEX,0,stop_id,,0,0,,,unknown
6424,16063,Cactus Rd & 23rd Av,WB Cactus Rd & FS 23rd Av,33.596529,-112.108821,122,4,stop_id,,0,0,,,unknown
6425,16064,Cactus Rd & 25th Av,WB Cactus Rd & FS 25th Av,33.5965600000001,-112.113548,122,16,stop_id,,0,0,,,unknown
6427,16065,Cactus Rd & 28th Dr,WB Cactus Rd & FS 28th Dr,33.596506,-112.119731,122,32,stop_id,,0,0,,,unknown
6428,16066,Cactus Rd & 31st Av,WB Cactus Rd & FS 31st Av,33.5964990000001,-112.125834,122,4,stop_id,,0,0,,,unknown
6429,16068,Cactus Rd & 35th Av,WB Cactus Rd & FS 35th Av,33.5965330000001,-112.134715,122,12,stop_id,,0,0,,,unknown
643,15634,Shea Bl & 56th St,EB Shea Bl & FS 56th St,33.5824890000001,-111.960101,80,2,stop_id,,0,0,,,unknown
56,14943,Baseline Rd & 41st St,EB Baseline Rd & FS 41st St,33.377931,-111.994636,77,15,stop_id,,0,0,,,unknown
6430,16069,Cactus Rd & 37th Av,WB Cactus Rd & FS 37th Av,33.596487,-112.138732,122,5,stop_id,,0,0,,,unknown
6431,16070,Cactus Rd & 39th Av,WB Cactus Rd & FS 39th Av,33.5964970000001,-112.143206,122,3,stop_id,,0,0,,,unknown
6432,16072,Cactus Rd & 43rd Av,WB Cactus Rd & FS 43rd Av,33.59646,-112.152412,122,6,stop_id,,0,0,,,unknown
6433,16073,Cactus Rd & 45th Av,WB Cactus Rd & FS 45th Av,33.5964450000001,-112.15596,122,0,stop_id,,0,0,,,unknown
6434,16074,Cactus Rd & 47th Av,WB Cactus Rd & FS 47th Av,33.5964470000001,-112.160571,122,0,stop_id,,0,0,,,unknown
6435,16075,Cactus Rd & 49th Av,WB Cactus Rd & FS 49th Av,33.596436,-112.164815,122,0,stop_id,,0,0,,,unknown
6436,16067,Cactus Rd & 33rd Av,WB Cactus Rd & FS 33rd Av,33.5964930000001,-112.130214,122,1,stop_id,,0,0,,,unknown
6437,16071,Cactus Rd & 41st Dr,WB Cactus Rd & NS 41st Dr,33.596457,-112.147184,122,0,stop_id,,0,0,,,unknown
6439,13417,Camelback Rd & 11th Av,WB Camelback Rd & FS 11th Av,33.5096330000001,-112.087341,50,34,stop_id,,0,0,,,unknown
644,15635,Shea Bl & 58th St,EB Shea Bl & FS 58th St,33.582365,-111.955998,80,0,stop_id,,0,0,,,unknown
6440,13418,Camelback Rd & 15th Av,WB Camelback Rd & FS 15th Av,33.5096330000001,-112.091893,50,58,stop_id,,0,0,,,unknown
6441,13419,Camelback Rd & 17th Av,WB Camelback Rd & FS 17th Av,33.50969,-112.096204,50,40,stop_id,,0,0,,,unknown
6442,13420,Camelback Rd & 19th Av,WB Camelback Rd & FS 19th Av,33.5097730000001,-112.100347,50,471,stop_id,,0,0,,,unknown
6443,13421,Camelback Rd & 21st Av,WB Camelback Rd & FS 21st Av,33.509692,-112.10462,50,24,stop_id,,0,0,,,unknown
6444,13422,Camelback Rd & 23rd Av,WB Camelback Rd & FS 23rd Av,33.5096520000001,-112.108972,50,76,stop_id,,0,0,,,unknown
6445,13424,Camelback Rd & 27th Av,WB Camelback Rd & FS 27th Av,33.509578,-112.117373,50,227,stop_id,,0,0,,,unknown
6446,13425,Camelback Rd & 29th Av,WB Camelback Rd & FS 29th Av,33.5095600000001,-112.121787,50,6,stop_id,,0,0,,,unknown
6447,13426,Camelback Rd & 31st Av,WB Camelback Rd & FS 31st Av,33.509557,-112.126038,50,15,stop_id,,0,0,,,unknown
6448,13428,Camelback Rd & 35th Av,WB Camelback Rd & FS 35th Av,33.5095890000001,-112.134821,50,157,stop_id,,0,0,,,unknown
6449,13429,Camelback Rd & 37th Av,WB Camelback Rd & FS 37th Av,33.509555,-112.138914,50,81,stop_id,,0,0,,,unknown
645,15636,Shea Bl & 60th Pl,EB Shea Bl & FS 60th Pl,33.582189,-111.950736,80,1,stop_id,,0,0,,,unknown
6450,13430,Camelback Rd & 39th Av,WB Camelback Rd & FS 39th Av,33.509551,-112.143448,50,45,stop_id,,0,0,,,unknown
6451,13415,Camelback Rd & 3rd Av,WB Camelback Rd & FS 3rd Av,33.5094320000001,-112.07935,50,10,stop_id,,0,0,,,unknown
6461,13416,Camelback Rd & 7th Av,WB Camelback Rd & FS 7th Av,33.5095010000001,-112.083212,50,153,stop_id,,0,0,,,unknown
6462,13423,Camelback Rd & I-17 Fwy,WB Camelback Rd & FS I-17 Fwy,33.509602,-112.11368,50,21,stop_id,,0,0,,,unknown
6463,13414,Camelback Rd & Central Av,WB Camelback Rd & FS Central Av,33.509442,-112.074325,50,88,stop_id,,0,0,,,unknown
6466,13431,Camelback Rd & 40th Dr,WB Camelback Rd & FS 40th Dr,33.5095380000001,-112.146599,50,11,stop_id,,0,0,,,unknown
6467,18615,Camelback Rd & 33rd Av,WB Camelback Rd & FS 33rd Av,33.509558,-112.130427,50,23,stop_id,,0,0,,,unknown
6468,13432,Camelback Rd & 42nd Av,WB Camelback Rd & FS 42nd Av,33.5095900000001,-112.149185,50,12,stop_id,,0,0,,,unknown
6510,12264,Cheryl Dr & 32nd Ln,WB Cheryl Dr & FS 32nd Ln,33.578199,-112.129486,35,14,stop_id,,0,0,,,unknown
6511,12259,Cheryl Dr & 35th Av,EB Cheryl Dr & FS 35th Av,33.57804,-112.133429,35,4,stop_id,,0,0,,,unknown
6512,12262,Cheryl Dr & Metro Pkwy,WB Cheryl Dr & FS Metro Pkwy,33.575967,-112.1254,35,25,stop_id,,0,0,,,unknown
6513,12263,Cheryl Dr & 3161 West,WB Cheryl Dr & AT 3161 West,33.5773800000001,-112.127698,35,23,stop_id,,0,0,,,unknown
6516,10187,Dobbins Rd & 3rd Av,WB Dobbins Rd & FS 3rd Av,33.363274,-112.079633,0,0,stop_id,,0,0,,,unknown
6517,10195,Dobbins Rd & 7th Av,EB Dobbins Rd & FS 7th Av,33.363075,-112.082774,0,9,stop_id,,0,0,,,unknown
6518,10186,Dobbins Rd & Central Av,WB Dobbins Rd & FS Central Av,33.3633540000001,-112.074452,"16s, 16, 0",8,stop_id,,0,0,,,unknown
6519,10188,Dobbins Rd & 7th Av,WB Dobbins Rd & FS 7th Av,33.363255,-112.083781,0,1,stop_id,,0,0,,,unknown
6520,15333,Dunlap Av & 3300 West,WB Dunlap Av & AT 3300 West,33.5676800000001,-112.129697,90,4,stop_id,,0,0,,,unknown
6521,15330,Dunlap Av & 17th Av,WB Dunlap Av & FS 17th Av,33.5676970000001,-112.095247,90,4,stop_id,,0,0,,,unknown
6522,18149,Dunlap Av & 19th Av,WB Dunlap Av & FS 19th Av,33.567755,-112.10051,90,306,stop_id,,0,0,,,unknown
6523,11094,Dunlap Av & 23rd Av,WB Dunlap Av & FS 23rd Av,33.567711,-112.108631,90,19,stop_id,,0,0,,,unknown
6524,11095,Dunlap Av & 25th Av,WB Dunlap Av & FS 25th Av,33.5676920000001,-112.11313,90,20,stop_id,,0,0,,,unknown
6525,15331,Dunlap Av & 29th Av,WB Dunlap Av & FS 29th Av,33.567778,-112.121674,90,11,stop_id,,0,0,,,unknown
6526,10700,Dunlap Av & 2nd Dr,WB Dunlap Av & FS 2nd Dr,33.567756,-112.077496,"90, 8",14,stop_id,,0,0,,,unknown
6528,17451,Dunlap Av & 31st Av,WB Dunlap Av & FS 31st Av,33.5677030000001,-112.125962,90,7,stop_id,,0,0,,,unknown
6529,15334,Dunlap Av & 35th Av,WB Dunlap Av & FS 35th Av,33.567706,-112.134726,90,64,stop_id,,0,0,,,unknown
6530,15335,Dunlap Av & 37th Av,WB Dunlap Av & FS 37th Av,33.5676320000001,-112.139648,90,6,stop_id,,0,0,,,unknown
6531,15336,Dunlap Av & 39th Av,WB Dunlap Av & FS 39th Av,33.5676270000001,-112.143318,90,3,stop_id,,0,0,,,unknown
6532,15337,Dunlap Av & 42nd Av,WB Dunlap Av & FS 42nd Av,33.567616,-112.149229,90,2,stop_id,,0,0,,,unknown
6534,15327,Dunlap Av & 7th Av,WB Dunlap Av & FS 7th Av,33.5676490000001,-112.083223,90,24,stop_id,,0,0,,,unknown
6535,11096,Dunlap Av & I-17 Fwy,WB Dunlap Av & FS I-17 Fwy,33.5677190000001,-112.118791,90,8,stop_id,,0,0,,,unknown
6536,10699,Dunlap Av & Central Av,WB Dunlap Av & FS Central Av,33.5678360000001,-112.074616,"90, 8",51,stop_id,,0,0,,,unknown
6538,15328,Dunlap Av & Mission Ln,WB Dunlap Av & FS Mission Ln,33.567664,-112.087807,90,2,stop_id,,0,0,,,unknown
6539,11093,Dunlap Av & C St,WB Dunlap Av & FS C St,33.5676750000001,-112.103283,90,46,stop_id,,0,0,,,unknown
6541,15329,Dunlap Av & 15th Dr,WB Dunlap Av & NS 15th Dr,33.5676960000001,-112.091675,90,2,stop_id,,0,0,,,unknown
6546,18976,Durango St & 31st Av,WB Durango St & FS 31st Av,33.4297530000001,-112.126248,27,0,stop_id,,,,,,unknown
6547,18977,Durango St & 3300 West,WB Durango St & AT 3300 West,33.4297330000001,-112.13039,27,0,stop_id,,,,,,unknown
7046,16354,Thunderbird Rd & 43rd Av,WB Thunderbird Rd & FS 43rd Av,33.610872,-112.152275,138,28,stop_id,,0,0,,,unknown
7047,16355,Thunderbird Rd & 45th Av,WB Thunderbird Rd & FS 45th Av,33.610873,-112.155207,138,1,stop_id,,0,0,,,unknown
7048,13490,Thunderbird Rd & 49th Av,WB Thunderbird Rd & FS 49th Av,33.610894,-112.165238,"51, 138, 122",11,stop_id,,0,0,,,unknown
7827,10462,Dobbins Rd & Central Av,EB Dobbins Rd & FS Central Av,33.363184,-112.072698,16,27,stop_id,,0,0,,,unknown
8283,16436,Greenway Pkwy & Waltann Ln,WB Greenway Pkwy & FS Waltann Ln,33.6288460000001,-112.025295,154,24,stop_id,,0,0,,,unknown
7055,16341,Thunderbird Rd & Coral Gables Dr,WB Thunderbird Rd & FS Coral Gables Dr,33.607668,-112.085929,138,0,stop_id,,0,0,,,unknown
7057,16342,Thunderbird Rd & Thunderbird HS,WB Thunderbird Rd & FS Thunderbird HS,33.6111100000001,-112.095791,138,13,stop_id,,0,0,,,unknown
7060,16349,Thunderbird Rd & 33rd Av,WB Thunderbird Rd & FS 33rd Av,33.6109270000001,-112.129633,138,4,stop_id,,0,0,,,unknown
7061,16356,Thunderbird Rd & 47th Av,WB Thunderbird Rd & NS 47th Av,33.6108620000001,-112.159202,138,1,stop_id,,0,0,,,unknown
7065,16825,Union Hills Dr & 13th Av,WB Union Hills Dr & FS 13th Av,33.6547400000001,-112.087652,186,3,stop_id,,0,0,,,unknown
7066,16826,Union Hills Dr & 15th Av,WB Union Hills Dr & FS 15th Av,33.654731,-112.091973,186,4,stop_id,,0,0,,,unknown
7067,16827,Union Hills Dr & 17th Av,WB Union Hills Dr & FS 17th Av,33.6547800000001,-112.096238,186,2,stop_id,,0,0,,,unknown
7068,16828,Union Hills Dr & 19th Av,WB Union Hills Dr & FS 19th Av,33.6548780000001,-112.100564,186,63,stop_id,,0,0,,,unknown
7069,16829,Union Hills Dr & 21st Av,WB Union Hills Dr & FS 21st Av,33.6548310000001,-112.10606,186,12,stop_id,,0,0,,,unknown
7070,16830,Union Hills Dr & 23rd Av,WB Union Hills Dr & FS 23rd Av,33.654843,-112.109225,186,6,stop_id,,0,0,,,unknown
7071,11746,Union Hills Dr & 27th Av,WB Union Hills Dr & FS 27th Av,33.6548260000001,-112.117819,"27, 186",14,stop_id,,0,0,,,unknown
7072,11747,Union Hills Dr & 29th Av,WB Union Hills Dr & FS 29th Av,33.65477,-112.122107,"27, 186",1,stop_id,,0,0,,,unknown
7073,16823,Union Hills Dr & 2nd Dr,WB Union Hills Dr & FS 2nd Dr,33.6548010000001,-112.077914,186,2,stop_id,,0,0,,,unknown
7074,11748,Union Hills Dr & 31st Av,WB Union Hills Dr & FS 31st Av,33.6547800000001,-112.12639,"27, 186",2,stop_id,,0,0,,,unknown
7075,11749,Union Hills Dr & 33rd Av,WB Union Hills Dr & FS 33rd Av,33.654769,-112.129804,"27, 186",2,stop_id,,0,0,,,unknown
7076,16831,Union Hills Dr & 35th Av,WB Union Hills Dr & FS 35th Av,33.6548060000001,-112.135292,186,27,stop_id,,0,0,,,unknown
7077,16832,Union Hills Dr & 37th Av,WB Union Hills Dr & FS 37th Av,33.65473,-112.139211,186,2,stop_id,,0,0,,,unknown
7078,16833,Union Hills Dr & 39th Av,WB Union Hills Dr & FS 39th Av,33.6547200000001,-112.143616,186,0,stop_id,,0,0,,,unknown
7079,16834,Union Hills Dr & 41st Av,WB Union Hills Dr & FS 41st Av,33.6547190000001,-112.147917,186,4,stop_id,,0,0,,,unknown
7080,16835,Union Hills Dr & 43rd Av,WB Union Hills Dr & FS 43rd Av,33.6547600000001,-112.152626,"43, 186",17,stop_id,,0,0,,,unknown
7081,16836,Union Hills Dr & 45th Av,WB Union Hills Dr & FS 45th Av,33.6546760000001,-112.156727,186,6,stop_id,,0,0,,,unknown
7082,16837,Union Hills Dr & 47th Av,WB Union Hills Dr & FS 47th Av,33.6546520000001,-112.16112,186,2,stop_id,,0,0,,,unknown
7083,16838,Union Hills Dr & 48th Av,WB Union Hills Dr & FS 48th Av,33.654634,-112.165721,186,0,stop_id,,0,0,,,unknown
7093,16824,Union Hills Dr & 7th Av,WB Union Hills Dr & FS 7th Av,33.654747,-112.083465,186,9,stop_id,,0,0,,,unknown
7094,16822,Union Hills Dr & Central Av,WB Union Hills Dr & FS Central Av,33.654837,-112.074716,186,4,stop_id,,0,0,,,unknown
7117,11776,Utopia Rd & 2500 West,WB Utopia Rd & AT 2500 West,33.6620320000001,-112.110433,27,1,stop_id,,0,0,,,unknown
7118,10418,Van Buren St & 41st Av,WB Van Buren St & FS 41st Av,33.451489,-112.147873,3,12,stop_id,,0,0,,,unknown
7120,10403,Van Buren St & 10th Av,WB Van Buren St & FS 10th Av,33.45147,-112.086744,3,11,stop_id,,0,0,,,unknown
7121,18211,Van Buren St & 12th Av,WB Van Buren St & FS 12th Av,33.451465,-112.088912,3,51,stop_id,,0,0,,,unknown
7122,15155,Van Buren St & 15th Av,WB Van Buren St & FS 15th Av,33.451449,-112.091804,3,43,stop_id,,0,0,,,unknown
7123,10406,Van Buren St & 17th Av,WB Van Buren St & FS 17th Av,33.451401,-112.096289,3,44,stop_id,,0,0,,,unknown
7124,10407,Van Buren St & 19th Av,WB Van Buren St & FS 19th Av,33.451355,-112.10072,3,108,stop_id,,0,0,,,unknown
7125,10408,Van Buren St & 21st Av,WB Van Buren St & FS 21st Av,33.4513190000001,-112.105049,3,42,stop_id,,0,0,,,unknown
7126,10410,Van Buren St & 25th Av,WB Van Buren St & FS 25th Av,33.451246,-112.113582,3,10,stop_id,,0,0,,,unknown
7127,10411,Van Buren St & 27th Av,WB Van Buren St & FS 27th Av,33.4512120000001,-112.118192,3,78,stop_id,,0,0,,,unknown
7128,10412,Van Buren St & 29th Av,WB Van Buren St & FS 29th Av,33.451337,-112.122422,3,14,stop_id,,0,0,,,unknown
7129,10413,Van Buren St & 31st Av,WB Van Buren St & FS 31st Av,33.4514530000001,-112.126774,3,21,stop_id,,0,0,,,unknown
7130,10414,Van Buren St & 33rd Av,WB Van Buren St & FS 33rd Av,33.4515400000001,-112.130742,3,12,stop_id,,0,0,,,unknown
7131,10415,Van Buren St & 35th Av,WB Van Buren St & FS 35th Av,33.4515240000001,-112.135316,3,126,stop_id,,0,0,,,unknown
7132,10416,Van Buren St & 37th Av,WB Van Buren St & FS 37th Av,33.451507,-112.139304,3,9,stop_id,,0,0,,,unknown
7133,10417,Van Buren St & 39th Av,WB Van Buren St & FS 39th Av,33.4515250000001,-112.143754,3,6,stop_id,,0,0,,,unknown
7134,10419,Van Buren St & 43rd Av,WB Van Buren St & FS 43rd Av,33.4515020000001,-112.152399,3,39,stop_id,,0,0,,,unknown
7135,10420,Van Buren St & 45th Av,WB Van Buren St & FS 45th Av,33.4514390000001,-112.156445,3,2,stop_id,,0,0,,,unknown
7136,10421,Van Buren St & 47th Av,WB Van Buren St & FS 47th Av,33.4514330000001,-112.160976,3,2,stop_id,,0,0,,,unknown
7137,10422,Van Buren St & 49th Av,WB Van Buren St & FS 49th Av,33.4513670000001,-112.166295,3,2,stop_id,,0,0,,,unknown
7138,10423,Van Buren St & 51st Av,WB Van Buren St & FS 51st Av,33.451374,-112.16973,3,34,stop_id,,0,0,,,unknown
7139,10401,Van Buren St & 5th Av,WB Van Buren St & FS 5th Av,33.451509,-112.080484,3,19,stop_id,,0,0,,,unknown
7140,15154,Van Buren St & 7th Av,WB Van Buren St & FS 7th Av,33.4514830000001,-112.083446,3,64,stop_id,,0,0,,,unknown
7142,10409,Van Buren St & 24th Av,WB Van Buren St & NS 24th Av,33.4513040000001,-112.110271,3,5,stop_id,,0,0,,,unknown
7148,10400,Van Buren St & 4th Av,WB Van Buren St & NS 4th Av,33.451508,-112.078648,3,31,stop_id,,0,0,,,unknown
7164,18245,Washington St & 13th Av,WB Washington St & FS 13th Av,33.448266,-112.089787,"GAL, DASH, 575, 573, 571, 563, 562, 542, 535, 533, 531, 522, 521, 514",0,stop_id,,0,0,,,unknown
7165,18244,Washington St & 15th Av,WB Washington St & FS 15th Av,33.4482600000001,-112.091947,"GAL, DASH, 575, 573, 571, 563, 562, 542, 535, 533, 531, 522, 521, 514",5,stop_id,,0,0,,,unknown
7167,10275,Washington St & 5th Av,WB Washington St & FS 5th Av,33.4483320000001,-112.080426,"DASH, 8",2,stop_id,,0,0,,,unknown
7168,18247,Washington St & 7th Av,WB Washington St & FS 7th Av,33.4483090000001,-112.083266,"GAL, DASH, 575, 573, 571, 563, 562, 542, 535, 533, 531, 522, 521, 514",1,stop_id,,0,0,,,unknown
7173,19017,Washington St & 3rd Av,WB Washington St & NS 3rd Av,33.4482640000001,-112.077448,"SR51, SMW, SME, I17, I10W, I10E, GAL, DASH, 8, 575, 573, 571, 563, 562, 542, 535, 533, 531, 522, 521, 514",7,stop_id,,,,,,unknown
7174,18246,Washington St & 10th Av,WB Washington St & FS 10th Av,33.448289,-112.08637,"GAL, DASH, 575, 573, 571, 563, 562, 542, 535, 533, 531, 522, 521, 514",0,stop_id,,0,0,,,unknown
7175,11777,Yorkshire Dr & 27th Av,WB Yorkshire Dr & FS 27th Av,33.662873,-112.118075,27,70,stop_id,,0,0,,,unknown
7176,18151,Yorkshire Dr & 31st Av,WB Yorkshire Dr & FS 31st Av,33.66288,-112.126402,27,17,stop_id,,0,0,,,unknown
7177,11779,Yorkshire Dr & 33rd Av,WB Yorkshire Dr & FS 33rd Av,33.6621720000001,-112.131733,27,1,stop_id,,0,0,,,unknown
722,13945,Southern Av & 3331 East,EB Southern Av & AT 3331 East,33.3924460000001,-112.008715,61,3,stop_id,,0,0,,,unknown
729,13949,Southern Av & 42nd St,EB Southern Av & FS 42nd St,33.392573,-111.990287,61,10,stop_id,,0,0,,,unknown
738,11902,Thomas Rd & 18th St,EB Thomas Rd & FS 18th St,33.480132,-112.043295,29,12,stop_id,,0,0,,,unknown
744,10882,Thomas Rd & 14th St,EB Thomas Rd & FS 14th St,33.48011,-112.051603,"29, 16s, 12",31,stop_id,,0,0,,,unknown
746,18031,Thomas Rd & 16th St,EB Thomas Rd & FS 16th St,33.4800680000001,-112.04719,29,201,stop_id,,0,0,,,unknown
747,11905,Thomas Rd & 22nd St,EB Thomas Rd & FS 22nd St,33.480178,-112.034219,29,19,stop_id,,0,0,,,unknown
7470,18639,75th Av & Durango St,SB 75th Av & FS Durango St,33.429831,-112.221315,75,0,stop_id,,0,0,,,unknown
7471,11513,19th Av & Southern Av,NB 19th Av & FS Southern Av,33.3928910000001,-112.098993,"SMW, 19",85,stop_id,,0,0,,,unknown
7472,11511,19th Av & Vineyard Rd,NB 19th Av & FS Vineyard Rd,33.385496,-112.099038,19,26,stop_id,,0,0,,,unknown
7473,11510,19th Av & Fremont Rd,NB 19th Av & FS Fremont Rd,33.3817760000001,-112.099043,19,3,stop_id,,0,0,,,unknown
7474,11509,19th Av & Baseline Rd,NB 19th Av & FS Baseline Rd,33.378343,-112.098954,"SMW, 19",67,stop_id,,0,0,,,unknown
748,11906,Thomas Rd & 24th St,EB Thomas Rd & FS 24th St,33.480196,-112.029727,29,131,stop_id,,0,0,,,unknown
7480,11051,Buckeye Rd & 71st Av,WB Buckeye Rd & FS 71st Av,33.437279,-112.213027,13,0,stop_id,,0,0,,,unknown
7481,11050,Buckeye Rd & 69th Av,WB Buckeye Rd & FS 69th Av,33.4372970000001,-112.208567,13,0,stop_id,,0,0,,,unknown
7482,11655,19th Av & Southern Av,SB 19th Av & FS Southern Av,33.391714,-112.09931,"SMW, 19",21,stop_id,,0,0,,,unknown
7484,11514,19th Av & Sunland Av,NB 19th Av & FS Sunland Av,33.396234,-112.0991,19,6,stop_id,,0,0,,,unknown
7485,11515,19th Av & Roeser Rd,NB 19th Av & FS Roeser Rd,33.400019,-112.099178,"52, 19",29,stop_id,,0,0,,,unknown
7486,11516,19th Av & Chipman Rd,NB 19th Av & FS Chipman Rd,33.4022880000001,-112.099222,19,7,stop_id,,0,0,,,unknown
7487,11517,19th Av & Broadway Rd,NB 19th Av & FS Broadway Rd,33.4074360000001,-112.099259,"SMW, 19",72,stop_id,,0,0,,,unknown
7488,11518,19th Av & Buckeye Rd,NB 19th Av & FS Buckeye Rd,33.437219,-112.099844,"SMW, 19",90,stop_id,,0,0,,,unknown
7489,11519,19th Av & Grant St,NB 19th Av & FS Grant St,33.4418250000001,-112.099924,19,52,stop_id,,0,0,,,unknown
749,11907,Thomas Rd & 26th St,EB Thomas Rd & FS 26th St,33.4802490000001,-112.025427,29,9,stop_id,,0,0,,,unknown
7490,16077,19th Av & Buchanan St,SB 19th Av & FS Buchanan St,33.4428160000001,-112.100165,19,5,stop_id,,0,0,,,unknown
7491,11648,19th Av & Grant St,SB 19th Av & FS Grant St,33.440794,-112.100132,19,4,stop_id,,0,0,,,unknown
7492,11649,19th Av & Buckeye Rd,SB 19th Av & FS Buckeye Rd,33.4363490000001,-112.100106,"SMW, 19",24,stop_id,,0,0,,,unknown
7494,11651,19th Av & Broadway Rd,SB 19th Av & FS Broadway Rd,33.406375,-112.099582,"SMW, 45, 19",19,stop_id,,0,0,,,unknown
7495,11049,Buckeye Rd & 67th Av,WB Buckeye Rd & FS 67th Av,33.4373620000001,-112.204399,13,11,stop_id,,0,0,,,unknown
7496,11654,19th Av & Hidalgo Av,SB 19th Av & FS Hidalgo Av,33.395271,-112.099319,19,1,stop_id,,0,0,,,unknown
7498,11652,19th Av & Romley Av,SB 19th Av & FS Romley Av,33.4022670000001,-112.099468,19,2,stop_id,,0,0,,,unknown
7499,10430,Van Buren St & 64th Dr,WB Van Buren St & FS 64th Dr,33.4516590000001,-112.198738,3,2,stop_id,,0,0,,,unknown
750,11908,Thomas Rd & 28th St,EB Thomas Rd & FS 28th St,33.4802960000001,-112.021062,29,25,stop_id,,0,0,,,unknown
7500,11576,Deer Valley Rd & 12th Av,EB Deer Valley Rd & FS 12th Av,33.6836030000001,-112.08799,7,2,stop_id,,0,0,,,unknown
7501,11577,Deer Valley Rd & 9th Av,EB Deer Valley Rd & FS 9th Av,33.683589,-112.084666,7,1,stop_id,,0,0,,,unknown
7502,11578,Deer Valley Rd & 7th Av,EB Deer Valley Rd & FS 7th Av,33.683567,-112.082404,7,6,stop_id,,0,0,,,unknown
7503,11581,Deer Valley Rd & 7th Av,WB Deer Valley Rd & FS 7th Av,33.683932,-112.083614,7,2,stop_id,,0,0,,,unknown
7504,11668,Deer Valley Rd & 9th Av,WB Deer Valley Rd & FS 9th Av,33.6838920000001,-112.085618,7,0,stop_id,,0,0,,,unknown
7505,11669,Deer Valley Rd & 12th Av,WB Deer Valley Rd & FS 12th Av,33.6838990000001,-112.088895,7,0,stop_id,,0,0,,,unknown
7506,11670,Deer Valley Rd & 15th Ln,WB Deer Valley Rd & FS 15th Ln,33.6839120000001,-112.093635,7,0,stop_id,,0,0,,,unknown
7507,11572,19th Av & Lone Cactus Dr,NB 19th Av & FS Lone Cactus Dr,33.6805350000001,-112.099722,19,1,stop_id,,0,0,,,unknown
7508,10424,Van Buren St & 52nd Av,WB Van Buren St & FS 52nd Av,33.451351,-112.172762,3,1,stop_id,,0,0,,,unknown
7509,10425,Van Buren St & 55th Av,WB Van Buren St & FS 55th Av,33.451377,-112.178383,3,1,stop_id,,0,0,,,unknown
751,11909,Thomas Rd & 30th St,EB Thomas Rd & FS 30th St,33.4803450000001,-112.01681,29,21,stop_id,,0,0,,,unknown
7510,10426,Van Buren St & 57th Dr,WB Van Buren St & FS 57th Dr,33.4515730000001,-112.182481,3,0,stop_id,,0,0,,,unknown
7511,10427,Van Buren St & 59th Av,WB Van Buren St & FS 59th Av,33.4518100000001,-112.18741,"59s, 3",0,stop_id,1,0,0,,,unknown
7513,10429,Van Buren St & 63rd Av,WB Van Buren St & FS 63rd Av,33.45165,-112.195686,3,1,stop_id,,0,0,,,unknown
7514,11048,Buckeye Rd & 65th Av,WB Buckeye Rd & FS 65th Av,33.4372550000001,-112.198774,13,0,stop_id,,0,0,,,unknown
7516,14411,67th Av & Grant St,SB 67th Av & FS Grant St,33.4414200000001,-112.203759,67,0,stop_id,,0,0,,,unknown
7517,11656,19th Av & Alta Vista Rd,SB 19th Av & FS Alta Vista Rd,33.3882530000001,-112.099275,19,3,stop_id,,0,0,,,unknown
752,11910,Thomas Rd & 32nd St,EB Thomas Rd & FS 32nd St,33.4803840000001,-112.012174,29,146,stop_id,,0,0,,,unknown
7520,10309,Van Buren St & 67th Av,EB Van Buren St & FS 67th Av,33.4514280000001,-112.202996,3,55,stop_id,,0,0,,,unknown
7521,10310,Van Buren St & 64th Dr,EB Van Buren St & FS 64th Dr,33.451443,-112.197798,3,20,stop_id,,0,0,,,unknown
7522,10311,Van Buren St & 63rd Av,EB Van Buren St & FS 63rd Av,33.4514320000001,-112.194598,3,6,stop_id,,0,0,,,unknown
7524,10313,Van Buren St & 59th Av,EB Van Buren St & FS 59th Av,33.451308,-112.184065,3,3,stop_id,,0,0,,,unknown
7525,10314,Van Buren St & 57th Dr,EB Van Buren St & FS 57th Dr,33.451292,-112.182469,3,22,stop_id,,0,0,,,unknown
7526,10315,Van Buren St & 55th Av,EB Van Buren St & FS 55th Av,33.4510960000001,-112.177204,3,5,stop_id,,0,0,,,unknown
7527,10316,Van Buren St & 52nd Av,EB Van Buren St & FS 52nd Av,33.4510990000001,-112.171822,3,7,stop_id,,0,0,,,unknown
7528,10428,Van Buren St & 61st Av,WB Van Buren St & FS 61st Av,33.4516370000001,-112.191434,3,9,stop_id,,0,0,,,unknown
753,11911,Thomas Rd & 34th St,EB Thomas Rd & FS 34th St,33.4803670000001,-112.008298,29,13,stop_id,,0,0,,,unknown
7530,17187,Chandler Bl & 16th Wy,WB Chandler Bl & FS 16th Wy,33.305119,-112.048158,ALEX,0,stop_id,,0,0,,,unknown
7531,17130,Chandler Bl & Desert Foothills Pkwy,EB Chandler Bl & FS Desert Foothills Pkwy,33.3057440000001,-112.055096,ALEX,0,stop_id,,0,0,,,unknown
7532,17132,Chandler Bl & 16th St,EB Chandler Bl & FS 16th St,33.304855,-112.04842,ALEX,0,stop_id,,0,0,,,unknown
7533,17133,Chandler Bl & 19th St,EB Chandler Bl & FS 19th St,33.304855,-112.042756,ALEX,0,stop_id,,0,0,,,unknown
7534,17134,Chandler Bl & 21st St,EB Chandler Bl & FS 21st St,33.3048370000001,-112.038412,ALEX,0,stop_id,,0,0,,,unknown
7539,17139,Chandler Bl & 32nd St,EB Chandler Bl & FS 32nd St,33.3050250000001,-112.013622,ALEX,0,stop_id,,0,0,,,unknown
754,11912,Thomas Rd & 36th St,EB Thomas Rd & FS 36th St,33.4803170000001,-112.002834,29,72,stop_id,,0,0,,,unknown
7540,17140,Chandler Bl & 34th St,EB Chandler Bl & FS 34th St,33.3050670000001,-112.009714,ALEX,0,stop_id,,0,0,,,unknown
7541,17141,Chandler Bl & 36th St,EB Chandler Bl & FS 36th St,33.3050480000001,-112.007031,ALEX,0,stop_id,,0,0,,,unknown
7544,17184,Chandler Bl & 24th St,WB Chandler Bl & FS 24th St,33.304786,-112.034323,ALEX,0,stop_id,,0,0,,,unknown
7546,13593,48th St & Chandler Bl,NB 48th St & FS Chandler Bl,33.3058960000001,-111.980124,"ALEX, 108",69,stop_id,,0,0,,,unknown
7548,18459,Chandler Bl & 48th St,EB Chandler Bl & FS 48th St,33.305079,-111.979638,156,39,stop_id,,0,0,,,unknown
7549,17227,Chandler Bl & 50th St,EB Chandler Bl & FS 50th St,33.3051350000001,-111.975531,156,15,stop_id,,0,0,,,unknown
755,11913,Thomas Rd & 38th St,EB Thomas Rd & FS 38th St,33.4803020000001,-111.999062,29,61,stop_id,,0,0,,,unknown
7550,13594,48th St & Bighorn Av,NB 48th St & FS Bighorn Av,33.308188,-111.980228,"ALEX, 108",2,stop_id,,0,0,,,unknown
7552,13665,48th St & Ray Rd,SB 48th St & FS Ray Rd,33.3191330000001,-111.980649,108,11,stop_id,,0,0,,,unknown
7553,13666,48th St & Thistle Landing Dr,SB 48th St & FS Thistle Landing Dr,33.312143,-111.980534,"ALEX, 108",0,stop_id,,0,0,,,unknown
7555,13667,48th St & Bighorn Av,SB 48th St & FS Bighorn Av,33.307198,-111.980495,"ALEX, 108",0,stop_id,,0,0,,,unknown
7557,17142,Chandler Bl & 38th St,EB Chandler Bl & FS 38th St,33.30503,-112.000732,ALEX,0,stop_id,,0,0,,,unknown
7559,11658,19th Av & Carter Rd,SB 19th Av & FS Carter Rd,33.3818640000001,-112.099285,19,1,stop_id,,0,0,,,unknown
756,11898,Thomas Rd & 3rd St,EB Thomas Rd & FS 3rd St,33.4801140000001,-112.068743,29,37,stop_id,,0,0,,,unknown
7563,13063,Broadway Rd & 19th Av,EB Broadway Rd & FS 19th Av,33.406571,-112.098629,45,76,stop_id,,0,0,,,unknown
7564,13064,Broadway Rd & 17th Av,EB Broadway Rd & FS 17th Av,33.40664,-112.094662,45,8,stop_id,,0,0,,,unknown
7565,13254,Broadway Rd & 7th Av,WB Broadway Rd & FS 7th Av,33.406847,-112.082521,45,5,stop_id,,0,0,,,unknown
7566,17085,Broadway Rd & 9th Av,WB Broadway Rd & FS 9th Av,33.406817,-112.085528,45,0,stop_id,,0,0,,,unknown
7567,13256,Broadway Rd & 15th Av,WB Broadway Rd & FS 15th Av,33.4068360000001,-112.090855,45,0,stop_id,,0,0,,,unknown
7568,13257,Broadway Rd & 17th Av,WB Broadway Rd & FS 17th Av,33.4068380000001,-112.095224,45,0,stop_id,,0,0,,,unknown
757,11914,Thomas Rd & 40th St,EB Thomas Rd & FS 40th St,33.4803140000001,-111.994839,29,43,stop_id,,0,0,,,unknown
7570,11575,Deer Valley Rd & 15th Ln,EB Deer Valley Rd & FS 15th Ln,33.683617,-112.092725,7,5,stop_id,,0,0,,,unknown
7571,17186,Chandler Bl & 19th St,WB Chandler Bl & FS 19th St,33.305125,-112.043751,ALEX,0,stop_id,,0,0,,,unknown
7573,17185,Chandler Bl & 21st St,WB Chandler Bl & FS 21st St,33.30512,-112.039345,ALEX,0,stop_id,,0,0,,,unknown
7575,13671,Chandler Bl & 50th St,WB Chandler Bl & FS 50th St,33.305462,-111.976442,156,2,stop_id,,0,0,,,unknown
7578,17177,Chandler Bl & Mountain Pkwy,WB Chandler Bl & FS Mountain Pkwy,33.3053870000001,-111.997938,ALEX,0,stop_id,,0,0,,,unknown
7579,17178,Chandler Bl & 38th St,WB Chandler Bl & FS 38th St,33.3053550000001,-112.001767,ALEX,0,stop_id,,0,0,,,unknown
758,11915,Thomas Rd & 42nd St,EB Thomas Rd & FS 42nd St,33.4802540000001,-111.990837,29,1,stop_id,,0,0,,,unknown
7580,17179,Chandler Bl & 36th St,WB Chandler Bl & FS 36th St,33.3053550000001,-112.008623,ALEX,0,stop_id,,0,0,,,unknown
7581,17180,Chandler Bl & 34th St,WB Chandler Bl & FS 34th St,33.3053540000001,-112.010413,ALEX,0,stop_id,,0,0,,,unknown
7586,11657,19th Av & Vineyard Rd,SB 19th Av & FS Vineyard Rd,33.3845000000001,-112.099289,19,3,stop_id,,0,0,,,unknown
759,11916,Thomas Rd & 44th St,EB Thomas Rd & FS 44th St,33.480081,-111.986307,29,56,stop_id,,0,0,,,unknown
760,11918,Thomas Rd & 46th St,EB Thomas Rd & FS 46th St,33.480033,-111.982112,29,15,stop_id,,0,0,,,unknown
7602,10771,22nd Av & Lower Buckeye Rd,NB 22nd Av & FS Lower Buckeye Rd,33.423149,-112.106145,"28, 19",22,stop_id,,0,0,,,unknown
7606,13924,Southern Av & 15th Av,EB Southern Av & FS 15th Av,33.3921260000001,-112.090053,61,16,stop_id,,0,0,,,unknown
761,11919,Thomas Rd & 48th St,EB Thomas Rd & FS 48th St,33.479965,-111.977404,29,16,stop_id,,0,0,,,unknown
7614,10536,7th St & Tapatio Cliffs Dr,NB 7th St & FS Tapatio Cliffs Dr,33.594956,-112.065662,7,2,stop_id,,0,0,,,unknown
7615,11720,28th Dr & 11221 North,NB 28th Dr & AT 11221 North,33.5882760000001,-112.121213,27,2,stop_id,,0,0,,,unknown
7616,11809,28th Dr & Lake Shore,SB 28th Dr & AT Lake Shore,33.5907770000001,-112.119379,27,34,stop_id,,0,0,,,unknown
7617,11738,28th Av & 16215 North,NB 28th Av & AT 16215 North,33.6332410000001,-112.118962,27,0,stop_id,,0,0,,,unknown
762,11921,Thomas Rd & 52nd St,EB Thomas Rd & FS 52nd St,33.47995,-111.969105,29,23,stop_id,,0,0,,,unknown
7622,12782,Indian School Rd & 30th St,WB Indian School Rd & FS 30th St,33.495215,-112.01791,41,73,stop_id,,0,0,,,unknown
7623,13919,Southern Av & 28th Av,EB Southern Av & FS 28th Av,33.3920870000001,-112.118567,61,3,stop_id,,0,0,,,unknown
7624,13592,Southern Av & 1717 West,WB Southern Av & AT 1717 West,33.3923570000001,-112.095401,61,2,stop_id,,0,0,,,unknown
7625,14114,Southern Av & 31st Av,WB Southern Av & FS 31st Av,33.3922670000001,-112.125758,61,1,stop_id,,0,0,,,unknown
7627,11857,Thomas Rd & 91st Av,EB Thomas Rd & FS 91st Av,33.47954,-112.254644,29,45,stop_id,,0,0,,,unknown
7628,11854,91st Av & Thomas Rd,SB 91st Av & FS Thomas Rd,33.479251,-112.255361,MARY,10,stop_id,,0,0,,,unknown
7629,11855,91st Av & Windsor Av,SB 91st Av & FS Windsor Av,33.4761320000001,-112.255332,MARY,0,stop_id,,0,0,,,unknown
763,11922,Thomas Rd & 54th St,EB Thomas Rd & FS 54th St,33.4799310000001,-111.964857,29,17,stop_id,,0,0,,,unknown
7630,17067,91st Av & Windsor Av,NB 91st Av & FS Windsor Av,33.4767800000001,-112.255073,MARY,0,stop_id,,0,0,,,unknown
7632,17066,91st Av & Encanto Bl,NB 91st Av & FS Encanto Bl,33.4727370000001,-112.255132,MARY,0,stop_id,,0,0,,,unknown
7635,12843,43rd Av & Buckeye Rd,NB 43rd Av & FS Buckeye Rd,33.437602,-112.151711,43,44,stop_id,,0,0,,,unknown
7636,17150,48th St & Frye Rd,NB 48th St & FS Frye Rd,33.298347,-111.980262,ALEX,0,stop_id,,0,0,,,unknown
7637,17138,32nd St & Frye Rd,NB 32nd St & NS Frye Rd,33.29754,-112.014303,ALEX,0,stop_id,,0,0,,,unknown
7645,11185,Deer Valley Rd & Tatum Bl,EB Deer Valley Rd & FS Tatum Bl,33.6801080000001,-111.976516,44,1,stop_id,,0,0,,,unknown
7649,13793,59th Av & Clarendon Av,SB 59th Av & FS Clarendon Av,33.491318,-112.18654,"59s, 59",31,stop_id,,0,0,,,unknown
7671,15278,Cave Creek Rd & Greenway Pkwy,NB Cave Creek Rd & FS Greenway Pkwy,33.6323140000001,-112.030611,90,19,stop_id,,0,0,,,unknown
7672,15326,Dunlap Av & 5th St,WB Dunlap Av & FS 5th St,33.5678790000001,-112.067877,90,3,stop_id,,0,0,,,unknown
768,11899,Thomas Rd & 7th St,EB Thomas Rd & FS 7th St,33.4800710000001,-112.064613,29,98,stop_id,,0,0,,,unknown
7685,10312,Van Buren St & 61st Av,EB Van Buren St & FS 61st Av,33.451418,-112.190293,3,10,stop_id,,0,0,,,unknown
7686,12966,43rd Av & Buckeye Rd,SB 43rd Av & FS Buckeye Rd,33.4364670000001,-112.152029,43,24,stop_id,,0,0,,,unknown
7688,11598,19th Av & Beardsley Rd,SB 19th Av & FS Beardsley Rd,33.6682020000001,-112.10001,19,22,stop_id,,0,0,,,unknown
7689,11594,19th Av & Deer Valley Rd,SB 19th Av & FS Deer Valley Rd,33.683184,-112.1001,19,42,stop_id,,0,0,,,unknown
769,16176,Thomas Rd & Central Av,EB Thomas Rd & FS Central Av,33.480083,-112.072836,29,433,stop_id,,0,0,,,unknown
7690,11595,19th Av & Lone Cactus Dr,SB 19th Av & FS Lone Cactus Dr,33.6797510000001,-112.100006,19,14,stop_id,,0,0,,,unknown
7691,10756,7th Av & Alta Vista Rd,SB 7th Av & FS Alta Vista Rd,33.3883290000001,-112.082085,8,3,stop_id,,0,0,,,unknown
7692,10728,7th Av & Palm Ln,SB 7th Av & FS Palm Ln,33.469078,-112.082859,8,0,stop_id,,0,0,,,unknown
7693,18638,75th Av & Buckeye Rd,SB 75th Av & FS Buckeye Rd,33.436558,-112.221196,75,4,stop_id,,0,0,,,unknown
7698,11573,Deer Valley Rd & 19th Av,EB Deer Valley Rd & FS 19th Av,33.683547,-112.099188,7,37,stop_id,,0,0,,,unknown
7699,11711,Butler Dr & 31st Av,WB Butler Dr & NS 31st Av,33.560412,-112.125074,27,4,stop_id,,0,0,,,unknown
770,11308,Thomas Rd & Dayton St,EB Thomas Rd & FS Dayton St,33.480079,-112.058781,"29, 16s",94,stop_id,,0,0,,,unknown
7700,11712,31st Av & Diana Av,NB 31st Av & NS Diana Av,33.5614580000001,-112.125475,27,2,stop_id,,0,0,,,unknown
7701,11713,31st Av & 8727 North,NB 31st Av & AT 8727 North,33.564808,-112.125463,27,3,stop_id,,0,0,,,unknown
7705,12441,Union Hills Dr & 42nd St,EB Union Hills Dr & FS 42nd St,33.655112,-111.991336,186,1,stop_id,,0,0,,,unknown
7710,11710,Butler Dr & 29th Av,WB Butler Dr & FS 29th Av,33.560411,-112.121559,27,4,stop_id,,0,0,,,unknown
7717,18978,Durango St & 35th Av,EB Durango St & FS 35th Av,33.42958,-112.134029,27,0,stop_id,,,,,,unknown
7719,13355,Camelback Rd & 54th St,EB Camelback Rd & FS 54th St,33.5017530000001,-111.964541,50,0,stop_id,,0,0,,,unknown
7732,13488,49th Av & Thunderbird Rd,SB 49th Av & FS Thunderbird Rd,33.610173,-112.164313,"51, 138, 122",42,stop_id,,0,0,,,unknown
7733,11250,32nd St & Shea Bl,NB 32nd St & FS Shea Bl,33.5831860000001,-112.01294,16,44,stop_id,,0,0,,,unknown
7734,11212,32nd St & Desert Cove Av,NB 32nd St & FS Desert Cove Av,33.5863380000001,-112.013004,16,1,stop_id,,0,0,,,unknown
775,18076,Thomas Rd & St Theresa,EB Thomas Rd & FS St Theresa,33.4799330000001,-111.972039,29,14,stop_id,,0,0,,,unknown
7750,19018,Greg Stanton CS,Greg Stanton CS (Bay 3 NB 2),33.4522260000001,-112.074533,"7, 0",,unmatched,,,,,,unknown
7751,19019,Greg Stanton CS,Greg Stanton CS (Bay 5 WB 2 Polk),33.452479,-112.074425,DASH,,unmatched,,,,,,unknown
7759,11661,Baseline Rd & 24th Av,WB Baseline Rd & FS 24th Av,33.377844,-112.110472,"77, 19",5,stop_id,,0,0,,,unknown
776,11903,Thomas Rd & 20th St,EB Thomas Rd & NS 20th St,33.480152,-112.040331,29,16,stop_id,,0,0,,,unknown
7760,11662,Baseline Rd & 27th Av,WB Baseline Rd & FS 27th Av,33.3778320000001,-112.116985,"77, 35",36,stop_id,,0,0,,,unknown
7761,12517,Baseline Rd & 31st Av,WB Baseline Rd & FS 31st Av,33.3778090000001,-112.125633,"77, 35",7,stop_id,,0,0,,,unknown
7762,11665,Baseline Rd & 35th Av,WB Baseline Rd & FS 35th Av,33.377843,-112.134588,77,57,stop_id,,0,0,,,unknown
7763,11663,Baseline Rd & 29th Dr,WB Baseline Rd & FS 29th Dr,33.37782,-112.121646,"77, 35",12,stop_id,,0,0,,,unknown
7764,12034,32nd St & Baseline Rd,NB 32nd St & FS Baseline Rd,33.3786160000001,-112.012606,30,21,stop_id,,0,0,,,unknown
7765,12035,32nd St & Fremont Rd,NB 32nd St & FS Fremont Rd,33.382372,-112.012596,30,1,stop_id,,0,0,,,unknown
7766,12038,32nd St & Roeser Rd,NB 32nd St & FS Roeser Rd,33.400247,-112.012555,30,10,stop_id,,0,0,,,unknown
7767,12037,32nd St & Southern Av,NB 32nd St & FS Southern Av,33.393085,-112.012471,30,27,stop_id,,0,0,,,unknown
7768,12036,32nd St & Vineyard Rd,NB 32nd St & NS Vineyard Rd,33.385053,-112.012544,30,2,stop_id,,0,0,,,unknown
7769,12206,32nd St & Fremont Rd,SB 32nd St & FS Fremont Rd,33.3815900000001,-112.012827,30,0,stop_id,,0,0,,,unknown
777,11917,Thomas Rd & 4500 East,EB Thomas Rd & FS 4500 East,33.480042,-111.984258,29,40,stop_id,,0,0,,,unknown
7770,12205,32nd St & Vineyard Rd,SB 32nd St & FS Vineyard Rd,33.384463,-112.012759,30,2,stop_id,,0,0,,,unknown
7771,12203,32nd St & Roeser Rd,SB 32nd St & FS Roeser Rd,33.399345,-112.012795,30,3,stop_id,,0,0,,,unknown
7772,12204,32nd St & Southern Av,SB 32nd St & FS Southern Av,33.3920640000001,-112.012632,30,5,stop_id,,0,0,,,unknown
7783,10172,Central Av & Broadway Rd,SB Central Av & NS Broadway Rd,33.407134,-112.073518,0,94,stop_id,,0,0,,,unknown
7785,13011,Marriott Dr & Desert Ridge Marriott,SB Marriott Dr & AT Desert Ridge Marriott,33.6830660000001,-111.970733,44,19,stop_id,,0,0,,,unknown
7786,14929,Baseline Rd & 12th Av,EB Baseline Rd & FS 12th Av,33.3776090000001,-112.086631,77,4,stop_id,,0,0,,,unknown
7787,14927,Baseline Rd & 17th Av,EB Baseline Rd & FS 17th Av,33.3776260000001,-112.094471,77,2,stop_id,,0,0,,,unknown
7788,11507,Baseline Rd & 24th Av,EB Baseline Rd & FS 24th Av,33.377601,-112.109649,"77, 19",13,stop_id,,0,0,,,unknown
7789,11659,Baseline Rd & 19th Av,WB Baseline Rd & FS 19th Av,33.3779430000001,-112.09991,"SMW, 77, 19",47,stop_id,,0,0,,,unknown
779,11904,Thomas Rd & 21st St,EB Thomas Rd & NS 21st St,33.4801630000001,-112.037144,29,14,stop_id,,0,0,,,unknown
7790,10942,Knox Rd & 42nd Pl,EB Knox Rd & FS 42nd Pl,33.3269550000001,-111.99095,ALEX,0,stop_id,,0,0,,,unknown
7801,18108,Thomas Rd & 87th Av,EB Thomas Rd & FS 87th Av,33.479653,-112.245904,29,10,stop_id,,0,0,,,unknown
7802,11858,Thomas Rd & 90th Av,EB Thomas Rd & FS 90th Av,33.479615,-112.251736,29,5,stop_id,,0,0,,,unknown
7804,11860,Thomas Rd & 86th Dr,EB Thomas Rd & FS 86th Dr,33.4796720000001,-112.243935,29,2,stop_id,,0,0,,,unknown
7805,12024,Thomas Rd & 83rd Av,WB Thomas Rd & FS 83rd Av,33.479972,-112.238513,29,7,stop_id,,0,0,,,unknown
7806,12025,Thomas Rd & 86th Dr,WB Thomas Rd & FS 86th Dr,33.479875,-112.244546,29,0,stop_id,,0,0,,,unknown
7807,12026,Thomas Rd & 87th Av,WB Thomas Rd & FS 87th Av,33.479862,-112.246965,29,0,stop_id,,0,0,,,unknown
7808,12027,Thomas Rd & 89th Av,WB Thomas Rd & FS 89th Av,33.479837,-112.251285,29,14,stop_id,,0,0,,,unknown
782,11900,Thomas Rd & 12th St,EB Thomas Rd & NS 12th St,33.4800670000001,-112.056684,"29, 16s",62,stop_id,,0,0,,,unknown
7823,10642,7th Av & Alta Vista Rd,NB 7th Av & FS Alta Vista Rd,33.388836,-112.081837,8,28,stop_id,,0,0,,,unknown
7824,10639,7th Av & Baseline Rd,NB 7th Av & FS Baseline Rd,33.378412,-112.081733,8,35,stop_id,,0,0,,,unknown
7825,10640,7th Av & Minton St,NB 7th Av & FS Minton St,33.3810790000001,-112.081787,8,13,stop_id,,0,0,,,unknown
7826,10641,7th Av & Vineyard Rd,NB 7th Av & FS Vineyard Rd,33.3855370000001,-112.081812,8,12,stop_id,,0,0,,,unknown
894,10367,Van Buren St & 56th St,EB Van Buren St & FS 56th St,33.4509150000001,-111.960295,3,0,stop_id,,0,0,,,unknown
783,12469,Thunderbird Rd & 42nd Pl,EB Thunderbird Rd & FS 42nd Pl,33.6116680000001,-111.990269,138,4,stop_id,,0,0,,,unknown
8284,16435,Greenway Rd & 29th St,WB Greenway Rd & FS 29th St,33.6264620000001,-112.020583,154,21,stop_id,,0,0,,,unknown
8285,16434,Greenway Rd & 32nd St,WB Greenway Rd & FS 32nd St,33.626476,-112.014135,154,58,stop_id,,0,0,,,unknown
8286,16433,Greenway Rd & 34th St,WB Greenway Rd & FS 34th St,33.6264610000001,-112.009017,154,3,stop_id,,0,0,,,unknown
7830,10864,22nd Av & Lower Buckeye Rd,SB 22nd Av & NS Lower Buckeye Rd,33.422848,-112.106308,"28, 19",47,stop_id,,0,0,,,unknown
8287,16432,Greenway Rd & 36th St,WB Greenway Rd & FS 36th St,33.6264570000001,-112.005111,154,4,stop_id,,0,0,,,unknown
8288,16431,Greenway Rd & 38th St,WB Greenway Rd & FS 38th St,33.626494,-112.000868,154,3,stop_id,,0,0,,,unknown
7834,16875,40th St/Pecos PNR,40th St/Pecos PNR,33.2934700000001,-111.99819,"I10E, ALEX",270,stop_id,,0,0,,,unknown
8289,16430,Greenway Rd & 40th St,WB Greenway Rd & FS 40th St,33.6265740000001,-111.996799,154,29,stop_id,,0,0,,,unknown
895,10214,Van Buren St & 5th St,EB Van Buren St & FS 5th St,33.4512520000001,-112.066926,"SR51, SME, 7, 3, 1",39,stop_id,,0,0,,,unknown
7835,16468,50th St & Ray Rd,SB 50th St & FS Ray Rd,33.3194500000001,-111.976269,ALEX,0,stop_id,,0,0,,,unknown
7836,13012,Tatum Bl & Deer Valley Rd,SB Tatum Bl & FS Deer Valley Rd,33.679897,-111.9775,"SR51, 44",24,stop_id,,0,0,,,unknown
8290,16429,Greenway Rd & 42nd St,WB Greenway Rd & FS 42nd St,33.62647,-111.991327,154,2,stop_id,,0,0,,,unknown
7837,13013,Tatum Bl & Rose Garden Ln,SB Tatum Bl & FS Rose Garden Ln,33.6762590000001,-111.977594,44,46,stop_id,,0,0,,,unknown
8291,16428,Greenway Rd & 44th St,WB Greenway Rd & FS 44th St,33.6264190000001,-111.987158,154,3,stop_id,,0,0,,,unknown
7838,16877,3rd St & Taylor St,SB 3rd St & FS Taylor St,33.4531210000001,-112.070083,"SMW, I17, I10E, 542, 535, 533, 531, 522, 521, 514",0,stop_id,,0,0,,,unknown
8292,16427,Greenway Rd & 46th St,WB Greenway Rd & FS 46th St,33.626312,-111.982622,154,1,stop_id,,0,0,,,unknown
784,16325,Thunderbird Rd & Pointe Golf Club Dr,EB Thunderbird Rd & NS Pointe Golf Club Dr,33.6051570000001,-112.055213,138,2,stop_id,,0,0,,,unknown
8293,16425,Greenway Rd & 50th Pl,WB Greenway Rd & FS 50th Pl,33.6262520000001,-111.973045,154,1,stop_id,,0,0,,,unknown
7841,16869,Washington St & 7th Av,WB Washington St & FS 7th Av,33.44832,-112.082943,"SR51, SMW, SME, I17, I10W, I10E",23,stop_id,,0,0,,,unknown
7843,16871,Washington St & 15th Av,WB Washington St & FS 15th Av,33.448267,-112.092062,"SR51, SMW, SME, I17, I10W, I10E",29,stop_id,,0,0,,,unknown
8294,16424,Greenway Rd & 52nd St,WB Greenway Rd & FS 52nd St,33.6262600000001,-111.969567,154,2,stop_id,,0,0,,,unknown
7844,16879,Adams St & 17th Av,WB Adams St & FS 17th Av,33.4493130000001,-112.096615,"SR51, SMW, SME, I17, I10W, I10E",49,stop_id,,0,0,,,unknown
8295,16423,Greenway Rd & 54th Wy,WB Greenway Rd & FS 54th Wy,33.6261660000001,-111.963025,154,1,stop_id,,0,0,,,unknown
7845,16855,Jefferson St & 18th Av,EB Jefferson St & FS 18th Av,33.4469,-112.097859,"SR51, SMW, SME, I17, I10W, I10E",130,stop_id,,0,0,,,unknown
8296,16422,Greenway Rd & 56th St,WB Greenway Rd & FS 56th St,33.626135,-111.960961,154,16,stop_id,,0,0,,,unknown
7846,16856,Jefferson St & 15th Av,EB Jefferson St & NS 15th Av,33.446946,-112.091716,"SR51, SMW, SME, I17, I10W, I10E",43,stop_id,,0,0,,,unknown
8297,16421,Greenway Rd & 58th Pl,WB Greenway Rd & FS 58th Pl,33.626112,-111.9552,154,0,stop_id,,0,0,,,unknown
896,14864,Van Buren St & 7th St,EB Van Buren St & FS 7th St,33.4512570000001,-112.064694,3,25,stop_id,,0,,,,unknown
7847,19020,Jefferson St & 7th Av,EB Jefferson St & FS 7th Av,33.4469950000001,-112.082138,"SR51, SMW, SME, I17, I10W, I10E",48,stop_id,,,,,,unknown
8298,16420,Greenway Rd & 60th St,WB Greenway Rd & FS 60th St,33.62611,-111.952256,154,4,stop_id,,0,0,,,unknown
7849,16873,5th St & Van Buren St,NB 5th St & FS Van Buren St,33.451674,-112.067363,"SMW, I17, I10E, 542, 535, 533, 531, 522, 521, 514",128,stop_id,,0,0,,,unknown
8299,16419,Greenway Rd & 62nd St,WB Greenway Rd & FS 62nd St,33.6260950000001,-111.947754,154,1,stop_id,,0,0,,,unknown
785,16326,Thunderbird Rd & 32nd St,EB Thunderbird Rd & FS 32nd St,33.6114010000001,-112.012503,138,19,stop_id,,0,0,,,unknown
7852,16864,Bell Rd/SR51 PNR,Bell Rd/SR51 PNR (on-ramp side),33.639011,-112.004254,SR51,,unmatched,,0,0,,,unknown
7853,17995,43rd Av & Butler Dr,NB 43rd Av & FS Butler Dr,33.560259,-112.151471,43,0,stop_id,,0,,,,unknown
8300,16418,Greenway Rd & 64th St,WB Greenway Rd & FS 64th St,33.6261280000001,-111.943446,154,27,stop_id,,0,0,,,unknown
8301,16426,Greenway Rd & Tatum Bl,WB Greenway Rd & FS Tatum Bl,33.6262780000001,-111.978527,154,52,stop_id,,0,0,,,unknown
7854,10546,12th St & Devonshire Av,SB 12th St & FS Devonshire Av,33.4968210000001,-112.056399,12,0,stop_id,,0,,,,unknown
8302,16449,Greenway Pkwy & 11th Av,WB Greenway Pkwy & FS 11th Av,33.6314800000001,-112.086746,154,0,stop_id,,0,0,,,unknown
7855,10963,Indian School Rd & 107th Av,WB Indian School Rd & FS 107th Av,33.4937350000001,-112.29066,41,0,stop_id,,0,0,,,unknown
8303,16451,Greenway Pkwy & 14th Av,WB Greenway Pkwy & FS 14th Av,33.6267340000001,-112.090716,154,0,stop_id,,0,0,,,unknown
7858,12837,Indian School Rd & 83rd Av,WB Indian School Rd & FS 83rd Av,33.4943900000001,-112.238372,41,59,stop_id,,0,0,,,unknown
8304,16452,Greenway Pkwy & 17th Av,WB Greenway Pkwy & FS 17th Av,33.6258330000001,-112.096202,154,0,stop_id,,0,0,,,unknown
7859,12838,Indian School Rd & 85th Av,WB Indian School Rd & FS 85th Av,33.4943920000001,-112.24274,41,1,stop_id,,0,0,,,unknown
8305,16446,Greenway Pkwy & 1st Dr,WB Greenway Pkwy & FS 1st Dr,33.633404,-112.076074,154,1,stop_id,,0,0,,,unknown
786,16327,Thunderbird Rd & 36th St,EB Thunderbird Rd & FS 36th St,33.613192,-112.004043,138,4,stop_id,,0,0,,,unknown
8306,16447,Greenway Pkwy & 3rd Av,WB Greenway Pkwy & FS 3rd Av,33.6331020000001,-112.078897,154,0,stop_id,,0,0,,,unknown
7860,12839,Indian School Rd & 87th Av,WB Indian School Rd & FS 87th Av,33.4943720000001,-112.247021,41,3,stop_id,,0,0,,,unknown
8307,16448,Greenway Pkwy & 7th Av,WB Greenway Pkwy & FS 7th Av,33.6330800000001,-112.083344,154,1,stop_id,,0,0,,,unknown
897,10344,Van Buren St & 9th St,EB Van Buren St & FS 9th St,33.451262,-112.061492,3,6,stop_id,,0,0,,,unknown
7861,12840,Indian School Rd & 89th Av,WB Indian School Rd & FS 89th Av,33.494362,-112.251222,41,0,stop_id,,0,0,,,unknown
8308,16450,Greenway Pkwy & Tierra Buena Ln,WB Greenway Pkwy & FS Tierra Buena Ln,33.628503,-112.088095,154,1,stop_id,,0,0,,,unknown
7862,18657,Indian School Rd & 91st Av,WB Indian School Rd & FS 91st Av,33.4943950000001,-112.255739,41,3,stop_id,,0,0,,,unknown
95,17493,Bell Rd & 36th St,EB Bell Rd & NS 36th St,33.6404600000001,-112.005316,170,6,stop_id,,0,0,,,unknown
8309,16453,Greenway Rd & 19th Av,WB Greenway Rd & FS 19th Av,33.625727,-112.100342,154,38,stop_id,,0,0,,,unknown
7863,12656,Indian School Rd & 99th Av,WB Indian School Rd & FS 99th Av,33.4939210000001,-112.273272,41,1,stop_id,,0,0,,,unknown
7864,12668,Indian School Rd & 85th Av,EB Indian School Rd & FS 85th Av,33.4941600000001,-112.241871,41,3,stop_id,,0,0,,,unknown
8310,17495,Greenway Rd & 23rd Av,WB Greenway Rd & FS 23rd Av,33.625418,-112.108292,154,2,stop_id,,0,0,,,unknown
8311,17496,Greenway Rd & 25th Av,WB Greenway Rd & FS 25th Av,33.625388,-112.113967,154,10,stop_id,,0,0,,,unknown
8312,16455,Greenway Rd & 29th Av,WB Greenway Rd & FS 29th Av,33.6253780000001,-112.120912,154,9,stop_id,,0,0,,,unknown
8313,16456,Greenway Rd & 31st Av,WB Greenway Rd & FS 31st Av,33.625371,-112.123977,154,0,stop_id,,0,0,,,unknown
8314,16457,Greenway Rd & 32nd Dr,WB Greenway Rd & FS 32nd Dr,33.6253620000001,-112.129745,154,1,stop_id,,0,0,,,unknown
8315,16458,Greenway Rd & 35th Av,WB Greenway Rd & FS 35th Av,33.6253970000001,-112.134468,154,9,stop_id,,0,0,,,unknown
8316,16459,Greenway Rd & 37th Dr,WB Greenway Rd & FS 37th Dr,33.625303,-112.138928,154,0,stop_id,,0,0,,,unknown
8317,16460,Greenway Rd & 39th Av,WB Greenway Rd & FS 39th Av,33.62528,-112.14287,154,1,stop_id,,0,0,,,unknown
8318,16461,Greenway Rd & 41st Av,WB Greenway Rd & FS 41st Av,33.6252670000001,-112.147166,154,0,stop_id,,0,0,,,unknown
8319,16462,Greenway Rd & 43rd Av,WB Greenway Rd & FS 43rd Av,33.6252940000001,-112.15173,154,1,stop_id,,0,0,,,unknown
8320,16463,Greenway Rd & 45th Av,WB Greenway Rd & FS 45th Av,33.6252690000001,-112.155829,154,0,stop_id,,0,0,,,unknown
8321,16464,Greenway Rd & 47th Av,WB Greenway Rd & FS 47th Av,33.6252650000001,-112.160395,154,0,stop_id,,0,0,,,unknown
8322,16465,Greenway Rd & 49th Av,WB Greenway Rd & FS 49th Av,33.6252620000001,-112.16437,154,0,stop_id,,0,0,,,unknown
8323,16454,Greenway Rd & 2046 West,WB Greenway Rd & AT 2046 West,33.625566,-112.103997,154,0,stop_id,,0,0,,,unknown
8326,17224,51st Av & Greenway Rd,NB 51st Av & FS Greenway Rd,33.625891,-112.168165,154,0,stop_id,,0,0,,,unknown
8363,11583,19th Av & Deer Valley Rd,NB 19th Av & FS Deer Valley Rd,33.684422,-112.099645,19,6,stop_id,,0,0,,,unknown
8364,11585,19th Av & Adobe Dr,NB 19th Av & FS Adobe Dr,33.687866,-112.099753,19,0,stop_id,,0,0,,,unknown
8365,11586,19th Av & Williams Dr,NB 19th Av & FS Williams Dr,33.691519,-112.099762,19,0,stop_id,,0,0,,,unknown
8366,11587,19th Av & Parkside Ln,NB 19th Av & FS Parkside Ln,33.6951960000001,-112.09977,19,0,stop_id,,0,0,,,unknown
8367,11588,Pinnacle Peak Rd & 19th Av,WB Pinnacle Peak Rd & FS 19th Av,33.6984590000001,-112.100401,19,0,stop_id,,0,0,,,unknown
8368,11584,Pinnacle Peak Rd & 23rd Av,EB Pinnacle Peak Rd & FS 23rd Av,33.700408,-112.108203,19,19,stop_id,,0,0,,,unknown
8369,11589,Pinnacle Peak Rd & 21st Wy,EB Pinnacle Peak Rd & FS 21st Wy,33.6989760000001,-112.103898,19,2,stop_id,,0,0,,,unknown
8370,11590,19th Av & Pinnacle Peak Rd,SB 19th Av & FS Pinnacle Peak Rd,33.697726,-112.100119,19,22,stop_id,,0,0,,,unknown
8371,15701,19th Av & Parkside Ln,SB 19th Av & FS Parkside Ln,33.6954010000001,-112.10007,19,5,stop_id,,0,0,,,unknown
8372,11592,19th Av & Williams Dr,SB 19th Av & FS Williams Dr,33.6904030000001,-112.100052,19,12,stop_id,,0,0,,,unknown
8373,11593,19th Av & Adobe Dr,SB 19th Av & FS Adobe Dr,33.68699,-112.100034,19,1,stop_id,,0,0,,,unknown
8403,18502,Mayo Bl & Scottsdale Rd,WB Mayo Bl & FS Scottsdale Rd,33.655355,-111.926166,186,26,stop_id,,0,0,,,unknown
8410,14758,Scottsdale Rd & Chauncey Ln,SB Scottsdale Rd & FS Chauncey Ln,33.65085,-111.925549,72,5,stop_id,,0,0,,,unknown
8412,17334,91st Av & Cheery Lynn Rd,SB 91st Av & FS Cheery Lynn Rd,33.4835430000001,-112.255328,MARY,0,stop_id,,0,0,,,unknown
8413,17333,91st Av & Osborn Rd,SB 91st Av & FS Osborn Rd,33.486544,-112.255277,MARY,0,stop_id,,0,0,,,unknown
8414,17303,91st Av & Cheery Lynn Rd,NB 91st Av & FS Cheery Lynn Rd,33.4841920000001,-112.255094,MARY,0,stop_id,,0,0,,,unknown
8415,17302,91st Av & Thomas Rd,NB 91st Av & FS Thomas Rd,33.480129,-112.255009,MARY,0,stop_id,,0,0,,,unknown
8416,10283,75th Av & Thomas Rd,SB 75th Av & FS Thomas Rd,33.479697,-112.220853,75,51,stop_id,,0,0,,,unknown
8418,17317,75th Av & Osborn Rd,SB 75th Av & FS Osborn Rd,33.487044,-112.220653,"MARY, 75",2,stop_id,,0,0,,,unknown
8419,17450,75th Av & Weldon Av,SB 75th Av & FS Weldon Av,33.4909900000001,-112.220652,"MARY, 75",4,stop_id,,0,0,,,unknown
8420,17315,75th Av & Indian School Rd,SB 75th Av & FS Indian School Rd,33.493999,-112.220701,"MARY, 75",72,stop_id,,0,0,,,unknown
8421,11040,75th Av & Heatherbrae Dr,SB 75th Av & FS Heatherbrae Dr,33.497916,-112.220601,"MARY, 75",7,stop_id,,0,0,,,unknown
8422,10200,75th Av & Sells Dr,SB 75th Av & NS Sells Dr,33.5020740000001,-112.220576,75,12,stop_id,,0,0,,,unknown
8424,17463,75th Av & Glenrosa Av,NB 75th Av & FS Glenrosa Av,33.499422,-112.220355,"MARY, 75",0,stop_id,,0,0,,,unknown
8425,17323,75th Av & Indian School Rd,NB 75th Av & FS Indian School Rd,33.495234,-112.220436,"MARY, 75",20,stop_id,,0,0,,,unknown
8426,17456,75th Av & Weldon Av,NB 75th Av & FS Weldon Av,33.491653,-112.220415,"MARY, 75",2,stop_id,,0,0,,,unknown
8427,17321,75th Av & Osborn Rd,NB 75th Av & FS Osborn Rd,33.4878160000001,-112.220414,"MARY, 75",2,stop_id,,0,0,,,unknown
8428,17320,75th Av & Cheery Lynn Rd,NB 75th Av & FS Cheery Lynn Rd,33.484941,-112.220455,"MARY, 75",14,stop_id,,0,0,,,unknown
8429,17461,75th Av & Thomas Rd,NB 75th Av & FS Thomas Rd,33.4805890000001,-112.220457,"MARY, 75",39,stop_id,,0,0,,,unknown
8441,16443,Greenway Pkwy & 9th St,WB Greenway Pkwy & FS 9th St,33.6377660000001,-112.062121,154,4,stop_id,,0,0,,,unknown
8443,10370,51st Av & Roosevelt St,SB 51st Av & FS Roosevelt St,33.4581860000001,-112.169296,51,6,stop_id,,0,0,,,unknown
8444,10372,51st Av & Fillmore St,SB 51st Av & FS Fillmore St,33.4546260000001,-112.169255,51,1,stop_id,,0,0,,,unknown
8445,10452,51st Av & Van Buren St,NB 51st Av & FS Van Buren St,33.4517940000001,-112.168942,51,56,stop_id,,0,0,,,unknown
8446,10455,51st Av & Fillmore St,NB 51st Av & FS Fillmore St,33.4554450000001,-112.169006,51,22,stop_id,,0,0,,,unknown
8447,14938,Baseline Rd & 30th Wy,EB Baseline Rd & FS 30th Wy,33.3778280000001,-112.016773,77,1,stop_id,,0,0,,,unknown
8448,14940,Baseline Rd & 34th St,EB Baseline Rd & FS 34th St,33.377863,-112.009432,77,3,stop_id,,0,0,,,unknown
8449,14997,Baseline Rd & 34th St,WB Baseline Rd & FS 34th St,33.3782190000001,-112.009727,77,4,stop_id,,0,0,,,unknown
8472,17365,Deer Valley Rd & Marriott Dr,WB Deer Valley Rd & FS Marriott Dr,33.6784870000001,-111.969527,"SR51, 44",7,stop_id,,0,0,,,unknown
849,12045,University Dr & 38th St,EB University Dr & FS 38th St,33.421858,-111.999142,30,2,stop_id,,0,0,,,unknown
85,16604,Bell Rd & 12th St,EB Bell Rd & FS 12th St,33.6401900000001,-112.056321,170,12,stop_id,,0,0,,,unknown
850,11403,University Dr & 40th St,EB University Dr & FS 40th St,33.4217840000001,-111.994295,"32, 30",25,stop_id,,0,0,,,unknown
8501,16863,Deer Valley Rd & Marriott Dr,EB Deer Valley Rd & FS Marriott Dr,33.6776310000001,-111.967999,SR51,0,stop_id,,0,0,,,unknown
8504,18223,27th Av & 26th Av,NB 27th Av & NS 26th Av,33.670846,-112.117106,27,0,stop_id,,0,0,,,unknown
8505,18224,27th Av & Runion Dr,NB 27th Av & FS Runion Dr,33.6732630000001,-112.117109,27,0,stop_id,,0,0,,,unknown
851,12047,University Dr & 42nd St,EB University Dr & FS 42nd St,33.4217870000001,-111.990749,"32, 30",29,stop_id,,0,0,,,unknown
852,12048,University Dr & 44th St,EB University Dr & FS 44th St,33.4217610000001,-111.986425,30,10,stop_id,,0,0,,,unknown
853,12049,University Dr & 48th St,EB University Dr & FS 48th St,33.4217420000001,-111.98066,30,20,stop_id,,0,0,,,unknown
8559,18225,27th Av & Runion Dr,SB 27th Av & FS Runion Dr,33.6724400000001,-112.117487,27,11,stop_id,,0,0,,,unknown
8560,18310,27th Av & Beardsley Rd,SB 27th Av & FS Beardsley Rd,33.666889,-112.11747,27,9,stop_id,,0,0,,,unknown
8561,18220,27th Av & Behrend Rd,SB 27th Av & FS Behrend Rd,33.6646630000001,-112.11742,27,4,stop_id,,0,0,,,unknown
86,16605,Bell Rd & 14th St,EB Bell Rd & FS 14th St,33.6402140000001,-112.052157,170,16,stop_id,,0,0,,,unknown
8635,16725,McDowell Rd & 95th Av,WB McDowell Rd & FS 95th Av,33.464976,-112.264326,17,2,stop_id,,0,0,,,unknown
8636,16722,McDowell Rd & 91st Av,WB McDowell Rd & FS 91st Av,33.465153,-112.255844,17,6,stop_id,,0,0,,,unknown
8637,16724,McDowell Rd & 93rd Ln,WB McDowell Rd & FS 93rd Ln,33.46502,-112.261673,17,0,stop_id,,0,0,,,unknown
8638,16723,McDowell Rd & 92nd Av,WB McDowell Rd & FS 92nd Av,33.465088,-112.258402,17,1,stop_id,,0,0,,,unknown
865,12043,University Dr & 3439 West,EB University Dr & AT 3439 West,33.41742,-112.006086,30,7,stop_id,,0,0,,,unknown
87,16606,Bell Rd & 16th St,EB Bell Rd & FS 16th St,33.6402110000001,-112.047581,170,21,stop_id,,0,0,,,unknown
874,10358,Van Buren St & 36th St,EB Van Buren St & FS 36th St,33.4511800000001,-112.003586,3,6,stop_id,,0,0,,,unknown
875,10359,Van Buren St & 38th St,EB Van Buren St & FS 38th St,33.451171,-111.999521,3,5,stop_id,,0,0,,,unknown
8759,11078,Montebello/19th Av TC,Montebello/19th Av TC (Bay 2),33.519478,-112.098633,15,,unmatched,,0,0,,,unknown
876,10362,Van Buren St & 41st Pl,EB Van Buren St & FS 41st Pl,33.451084,-111.991543,3,1,stop_id,,0,0,,,unknown
877,10366,Van Buren St & 53rd St,EB Van Buren St & FS 53rd St,33.450837,-111.966979,3,4,stop_id,,0,0,,,unknown
878,10345,Van Buren St & 11th St,EB Van Buren St & FS 11th St,33.451264,-112.058379,"3, 12",54,stop_id,,0,0,,,unknown
8780,14524,24th St & Fremont Rd,SB 24th St & FS Fremont Rd,33.3813040000001,-112.030389,"77, 70, 30",5,stop_id,,0,0,,,unknown
8783,11053,McDowell Rd & 5th Av,EB McDowell Rd & FS 5th Av,33.465696,-112.079937,17,5,stop_id,,0,0,,,unknown
8785,18495,Lower Buckeye Rd & 75th Av,EB Lower Buckeye Rd & FS 75th Av,33.4228120000001,-112.220603,28,34,stop_id,,0,0,,,unknown
8788,11499,27th Av & Jefferson St,NB 27th Av & FS Jefferson St,33.447596,-112.117392,27,3,stop_id,,0,0,,,unknown
879,10346,Van Buren St & 14th St,EB Van Buren St & FS 14th St,33.4512980000001,-112.051533,3,8,stop_id,,0,0,,,unknown
8793,11052,McDowell Rd & 5th Av,WB McDowell Rd & FS 5th Av,33.4659150000001,-112.080758,17,4,stop_id,,0,0,,,unknown
8796,11673,Mayo Bl & 5100 East,EB Mayo Bl & AT 5100 East,33.668125,-111.971177,186,0,stop_id,,0,0,,,unknown
88,16607,Bell Rd & 18th St,EB Bell Rd & FS 18th St,33.640273,-112.043488,170,12,stop_id,,0,0,,,unknown
880,10347,Van Buren St & 16th St,EB Van Buren St & FS 16th St,33.451333,-112.047198,3,67,stop_id,,0,0,,,unknown
881,10348,Van Buren St & 18th St,EB Van Buren St & FS 18th St,33.451332,-112.042763,3,16,stop_id,,0,0,,,unknown
882,10349,Van Buren St & 19th St,EB Van Buren St & FS 19th St,33.451335,-112.040841,3,9,stop_id,,0,0,,,unknown
8825,13864,Southern Av & 25th Ln,WB Southern Av & FS 25th Ln,33.3923100000001,-112.114028,61,0,stop_id,,0,0,,,unknown
8828,18542,Southern Av & 33rd Av,WB Southern Av & FS 33rd Av,33.3922430000001,-112.129767,61,0,stop_id,,0,0,,,unknown
8834,12031,South Mountain CC North,South Mountain CC North,33.3835720000001,-112.033476,"77, 30",,unmatched,,0,0,,,unknown
884,10350,Van Buren St & 20th St,EB Van Buren St & FS 20th St,33.451327,-112.038431,3,13,stop_id,,0,0,,,unknown
8840,12659,Camelback Rd & 107th Av,EB Camelback Rd & FS 107th Av,33.5080340000001,-112.289398,50,33,stop_id,,0,0,,,unknown
8841,12660,Camelback Rd & 105th Av,EB Camelback Rd & FS 105th Av,33.508113,-112.285245,50,3,stop_id,,0,0,,,unknown
8842,12661,Camelback Rd & 103rd Av,EB Camelback Rd & FS 103rd Av,33.5081420000001,-112.280767,50,9,stop_id,,0,0,,,unknown
8845,12662,Camelback Rd & 101st Av,EB Camelback Rd & FS 101st Av,33.5081740000001,-112.276364,50,5,stop_id,,0,0,,,unknown
885,10351,Van Buren St & 22nd St,EB Van Buren St & FS 22nd St,33.451287,-112.033982,3,10,stop_id,,0,0,,,unknown
886,10352,Van Buren St & 24th St,EB Van Buren St & FS 24th St,33.4512500000001,-112.029342,3,51,stop_id,,0,0,,,unknown
887,10354,Van Buren St & 28th St,EB Van Buren St & FS 28th St,33.45122,-112.021197,3,10,stop_id,,0,0,,,unknown
888,10355,Van Buren St & 30th St,EB Van Buren St & FS 30th St,33.451215,-112.01685,3,7,stop_id,,0,0,,,unknown
889,10356,Van Buren St & 32nd St,EB Van Buren St & FS 32nd St,33.4511870000001,-112.012269,3,70,stop_id,,0,0,,,unknown
89,16608,Bell Rd & 20th St,EB Bell Rd & FS 20th St,33.6403060000001,-112.038957,170,8,stop_id,,0,0,,,unknown
890,10213,Van Buren St & 3rd St,EB Van Buren St & FS 3rd St,33.451288,-112.069235,"7, 3, 1",31,stop_id,,0,0,,,unknown
8902,16881,Happy Valley PNR,Happy Valley PNR (on-ramp side),33.710341,-112.118664,I17,,unmatched,,0,0,,,unknown
8904,18077,Washington St & Red Mountain Fwy,WB Washington St & FS Red Mountain Fwy,33.4464630000001,-111.969763,1,1,stop_id,,0,0,,,unknown
891,10361,Van Buren St & 40th St,EB Van Buren St & FS 40th St,33.451149,-111.99482,3,3,stop_id,,0,0,,,unknown
892,10363,Van Buren St & 44th St,EB Van Buren St & FS 44th St,33.4510680000001,-111.986527,3,28,stop_id,,0,0,,,unknown
893,10364,Van Buren St & 48th St,EB Van Buren St & FS 48th St,33.4509590000001,-111.977868,3,3,stop_id,,0,0,,,unknown
7865,12667,Indian School Rd & 87th Av,EB Indian School Rd & FS 87th Av,33.494154,-112.245928,41,14,stop_id,,0,0,,,unknown
7866,12666,Indian School Rd & 89th Av,EB Indian School Rd & FS 89th Av,33.4941650000001,-112.250349,41,7,stop_id,,0,0,,,unknown
7867,12665,Indian School Rd & 91st Av,EB Indian School Rd & FS 91st Av,33.4941170000001,-112.254419,41,24,stop_id,,0,0,,,unknown
7869,11406,Encanto Bl & 21st Av,EB Encanto Bl & FS 21st Av,33.4731370000001,-112.103925,GAL,0,stop_id,,0,0,,,unknown
898,18199,Van Buren St & Central Av,EB Van Buren St & FS Central Av,33.4512970000001,-112.073147,"7, 3, 10, 1",319,stop_id,,0,0,,,unknown
787,16328,Thunderbird Rd & 37th Pl,EB Thunderbird Rd & FS 37th Pl,33.612395,-112.000891,138,4,stop_id,,0,0,,,unknown
7870,11405,Encanto Bl & 21st Av,WB Encanto Bl & FS 21st Av,33.473301,-112.104651,GAL,0,stop_id,,0,0,,,unknown
7871,10453,51st Av & Roosevelt St,NB 51st Av & FS Roosevelt St,33.4590710000001,-112.169049,51,22,stop_id,,0,0,,,unknown
7872,13447,51st Av & 1525 North,NB 51st Av & AT 1525 North,33.464523,-112.168936,51,2,stop_id,,0,0,,,unknown
8984,16248,Central Av & Polk St,NB Central Av & NS Polk St,33.4522010000001,-112.07373,8,0,stop_id,,0,,,,unknown
7873,13528,51st Av & McDowell Rd,SB 51st Av & FS McDowell Rd,33.465223,-112.169313,51,77,stop_id,,0,0,,,unknown
7874,13529,51st Av & 1230 North,SB 51st Av & AT 1230 North,33.4616580000001,-112.169316,51,11,stop_id,,0,0,,,unknown
7875,11574,Deer Valley Rd & 18th Av,EB Deer Valley Rd & FS 18th Av,33.683616,-112.096107,7,1,stop_id,,0,0,,,unknown
7878,11671,Deer Valley Rd & 18th Av,WB Deer Valley Rd & FS 18th Av,33.683905,-112.097362,7,0,stop_id,,0,0,,,unknown
7879,15700,Baseline Rd & 39th Av,EB Baseline Rd & FS 39th Av,33.3775200000001,-112.141721,77,40,stop_id,,0,0,,,unknown
788,16323,Thunderbird Rd & 3rd St,EB Thunderbird Rd & FS 3rd St,33.6074610000001,-112.069223,138,0,stop_id,,0,0,,,unknown
7880,11667,Baseline Rd & 39th Av,WB Baseline Rd & FS 39th Av,33.377752,-112.142906,77,7,stop_id,,0,0,,,unknown
952,10228,Washington St & 27th St,EB Washington St & FS 27th St,33.4480590000001,-112.023123,1,3,stop_id,,0,0,,,unknown
9526,10047,12th St & Washington St,SB 12th St & NS Washington St,33.4485710000001,-112.056514,12,1,stop_id,,0,0,,,unknown
789,12468,Thunderbird Rd & 40th St,EB Thunderbird Rd & FS 40th St,33.6117120000001,-111.995304,138,17,stop_id,,0,0,,,unknown
9,10080,Sunnyslope TC,Sunnyslope TC (Bay 4 north side),33.567123,-112.068585,8,,unmatched,,0,,,,unknown
90,16610,Bell Rd & 26th St,EB Bell Rd & FS 26th St,33.6403780000001,-112.026212,170,20,stop_id,,0,0,,,unknown
900,10353,Van Buren St & 2547 East,EB Van Buren St & AT 2547 East,33.451242,-112.025523,3,2,stop_id,,0,0,,,unknown
953,10229,Washington St & 28th St,EB Washington St & FS 28th St,33.4480780000001,-112.021083,1,2,stop_id,,0,0,,,unknown
901,10357,Van Buren St & 3425 East,EB Van Buren St & AT 3425 East,33.4511890000001,-112.008146,3,18,stop_id,,0,0,,,unknown
902,18309,Van Buren St & 3901 East,EB Van Buren St & AT 3901 East,33.451124,-111.997505,3,6,stop_id,,0,0,,,unknown
903,10365,Van Buren St & 50th St,EB Van Buren St & NS 50th St,33.450858,-111.974242,3,0,stop_id,,0,0,,,unknown
904,10368,Van Buren St & Galvin Pkwy,EB Van Buren St & NS Galvin Pkwy,33.450899,-111.957833,3,0,stop_id,,0,0,,,unknown
9056,11506,51st Av & Baseline Rd,SB 51st Av & FS Baseline Rd,33.37694,-112.168522,51,126,stop_id,,0,0,,,unknown
9057,15915,51st Av & Beverly Rd,SB 51st Av & FS Beverly Rd,33.3738000000001,-112.169104,51,17,stop_id,,0,0,,,unknown
9058,17407,51st Av & Dobbins Rd,SB 51st Av & FS Dobbins Rd,33.362375,-112.169362,51,0,stop_id,,0,0,,,unknown
79,14942,Baseline Rd & 38th Pl,EB Baseline Rd & FS 38th Pl,33.377908,-112.000317,77,11,stop_id,,0,0,,,unknown
9059,16927,51st Av & Dobbins Rd,NB 51st Av & FS Dobbins Rd,33.3634960000001,-112.168986,51,4,stop_id,,0,0,,,unknown
790,12470,Thunderbird Rd & 44th St,EB Thunderbird Rd & FS 44th St,33.611585,-111.986061,138,5,stop_id,,0,0,,,unknown
9060,17372,51st Av & South Mountain Av,NB 51st Av & FS South Mountain Av,33.370666,-112.168909,51,6,stop_id,,0,0,,,unknown
9061,15322,51st Av & Beverly Rd,NB 51st Av & FS Beverly Rd,33.3743860000001,-112.168581,51,2,stop_id,,0,0,,,unknown
9062,10043,Baseline Rd & 41st Av,WB Baseline Rd & FS 41st Av,33.377735,-112.148114,77,5,stop_id,,0,0,,,unknown
954,10230,Washington St & 30th St,EB Washington St & FS 30th St,33.4480510000001,-112.01645,1,3,stop_id,,0,0,,,unknown
9063,12516,Baseline Rd & 43rd Av,WB Baseline Rd & FS 43rd Av,33.377755,-112.152444,77,5,stop_id,,0,0,,,unknown
9064,12514,Baseline Rd & 45th Av,WB Baseline Rd & FS 45th Av,33.377715,-112.156242,77,2,stop_id,,0,0,,,unknown
9065,14710,Baseline Rd & 47th Av,WB Baseline Rd & FS 47th Av,33.3776810000001,-112.160279,77,1,stop_id,,0,0,,,unknown
9066,15398,Baseline Rd & 48th Ln,WB Baseline Rd & FS 48th Ln,33.3776590000001,-112.164418,77,1,stop_id,,0,0,,,unknown
9067,15611,Baseline Rd & 51st Av,WB Baseline Rd & FS 51st Av,33.377752,-112.16901,"77, 51",34,stop_id,,0,0,,,unknown
9068,17123,Baseline Rd & 53rd Ln,WB Baseline Rd & FS 53rd Ln,33.3776250000001,-112.175,77,3,stop_id,,0,0,,,unknown
791,12471,Thunderbird Rd & 46th St,EB Thunderbird Rd & FS 46th St,33.6115080000001,-111.981904,138,0,stop_id,,0,0,,,unknown
9069,17373,Baseline Rd & 57th Av,WB Baseline Rd & FS 57th Av,33.3776,-112.181607,77,0,stop_id,,0,0,,,unknown
955,10231,Washington St & 32nd St,EB Washington St & FS 32nd St,33.4480320000001,-112.012473,"32, 1",6,stop_id,,0,0,,,unknown
9070,10333,Baseline Rd & 59th Av,WB Baseline Rd & NS 59th Av,33.3776590000001,-112.186078,77,1,stop_id,,0,0,,,unknown
9071,17374,Baseline Rd & 71st Av,WB Baseline Rd & FS 71st Av,33.3774790000001,-112.211543,77,0,stop_id,,0,0,,,unknown
9072,17375,Baseline Rd & Meadows Lp West,WB Baseline Rd & FS Meadows Lp West,33.3774740000001,-112.216141,77,11,stop_id,,0,0,,,unknown
9074,17444,Baseline Rd & 75th Av,EB Baseline Rd & FS 75th Av,33.3772040000001,-112.219133,77,28,stop_id,,0,0,,,unknown
9075,17395,Baseline Rd & Meadows Lp West,EB Baseline Rd & FS Meadows Lp West,33.3771820000001,-112.214786,77,29,stop_id,,0,0,,,unknown
956,10232,Washington St & 34th St,EB Washington St & FS 34th St,33.4480090000001,-112.006712,"32, 1",2,stop_id,,0,0,,,unknown
9076,15716,Baseline Rd & 71st Av,EB Baseline Rd & FS 71st Av,33.3772500000001,-112.210665,77,38,stop_id,,0,0,,,unknown
9560,10661,24th St & Baseline PNR,NB 24th St & AT Baseline PNR,33.379762,-112.030111,SME,38,stop_id,,0,,,,unknown
9077,15400,Baseline Rd & 68th Dr,EB Baseline Rd & NS 68th Dr,33.377219,-112.206301,77,3,stop_id,,0,0,,,unknown
9561,18355,24th St/Baseline PNR,24th St/Baseline PNR (Bay 4),33.3794050000001,-112.02967,70,,unmatched,,0,0,,,unknown
9078,12647,Baseline Rd & 67th Av,EB Baseline Rd & FS 67th Av,33.3771750000001,-112.201761,77,14,stop_id,,0,0,,,unknown
792,16324,Thunderbird Rd & 7th St,EB Thunderbird Rd & FS 7th St,33.607446,-112.064414,138,31,stop_id,,0,0,,,unknown
9562,17401,Union Hills Dr & 24th Dr,WB Union Hills Dr & FS 24th Dr,33.65486,-112.111614,186,4,stop_id,,0,0,,,unknown
9079,12520,Baseline Rd & 65th Dr,EB Baseline Rd & FS 65th Dr,33.377211,-112.198601,77,17,stop_id,,0,0,,,unknown
9080,17092,Baseline Rd & 59th Av,EB Baseline Rd & FS 59th Av,33.3772890000001,-112.184367,77,13,stop_id,,0,0,,,unknown
9081,12522,Baseline Rd & 55th Av,EB Baseline Rd & FS 55th Av,33.377354,-112.176019,77,13,stop_id,,0,0,,,unknown
9082,16152,Baseline Rd & 53rd Ln,EB Baseline Rd & FS 53rd Ln,33.3773600000001,-112.174312,77,10,stop_id,,0,0,,,unknown
7925,13458,51st Av & Campbell Av,NB 51st Av & FS Campbell Av,33.502505,-112.168695,51,16,stop_id,,0,0,,,unknown
9083,16153,Baseline Rd & 51st Av,EB Baseline Rd & FS 51st Av,33.3773590000001,-112.167534,77,148,stop_id,,0,0,,,unknown
7926,13459,51st Av & Coolidge St,NB 51st Av & FS Coolidge St,33.5059190000001,-112.168683,51,3,stop_id,,0,0,,,unknown
9084,16155,Baseline Rd & 48th Ln,EB Baseline Rd & FS 48th Ln,33.3774230000001,-112.163608,77,16,stop_id,,0,0,,,unknown
7927,12214,35th Av & Vineyard Rd,NB 35th Av & FS Vineyard Rd,33.3853070000001,-112.133525,35,11,stop_id,,0,0,,,unknown
9085,16151,Baseline Rd & 45th Glen,EB Baseline Rd & FS 45th Glen,33.377464,-112.156956,77,17,stop_id,,0,0,,,unknown
7928,12339,35th Av & Brown St,SB 35th Av & FS Brown St,33.577386,-112.134329,35,22,stop_id,,0,0,,,unknown
793,16322,Thunderbird Rd & Central Av,EB Thunderbird Rd & FS Central Av,33.607451,-112.074154,138,2,stop_id,,0,0,,,unknown
9086,10042,Baseline Rd & 41st Av,EB Baseline Rd & FS 41st Av,33.377504,-112.147214,77,42,stop_id,,0,0,,,unknown
957,10234,Washington St & 38th St,EB Washington St & FS 38th St,33.4479160000001,-111.998452,"32, 1",19,stop_id,,0,0,,,unknown
7935,17137,Liberty Ln & 27th Pl,EB Liberty Ln & FS 27th Pl,33.2929560000001,-112.022979,ALEX,0,stop_id,,0,0,,,unknown
7936,17182,Liberty Ln & 28th Pl,WB Liberty Ln & FS 28th Pl,33.2930870000001,-112.023043,ALEX,0,stop_id,,0,0,,,unknown
7937,11002,36th St & Verdin Rd,SB 36th St & FS Verdin Rd,33.3233430000001,-112.005959,ALEX,0,stop_id,,0,0,,,unknown
7938,11019,36th St & Verdin Rd,NB 36th St & FS Verdin Rd,33.323941,-112.005741,ALEX,0,stop_id,,0,0,,,unknown
7940,11666,Baseline Rd & 37th Ln,WB Baseline Rd & FS 37th Ln,33.3777680000001,-112.140211,77,3,stop_id,,0,0,,,unknown
7942,11504,Baseline Rd & 31st Av,EB Baseline Rd & FS 31st Av,33.3775630000001,-112.124705,"77, 35",5,stop_id,,0,0,,,unknown
9093,17483,McDowell Rd & Center Rd,WB McDowell Rd & FS Center Rd,33.4657130000001,-112.225356,17,12,stop_id,,0,0,,,unknown
9094,12515,McDowell Rd & 81st Av,WB McDowell Rd & FS 81st Av,33.465536,-112.234168,17,1,stop_id,,0,0,,,unknown
9095,17485,McDowell Rd & 85th Av,WB McDowell Rd & FS 85th Av,33.46538,-112.243043,17,2,stop_id,,0,0,,,unknown
7946,16857,Jefferson St & 11th Av,EB Jefferson St & FS 11th Av,33.4469770000001,-112.086574,"SR51, SMW, SME, I17, I10W, I10E",10,stop_id,,0,0,,,unknown
958,10235,Washington St & 40th St,EB Washington St & FS 40th St,33.4479670000001,-111.994692,"32, 1",4,stop_id,,0,0,,,unknown
7947,16870,Washington St & 12th Av,WB Washington St & NS 12th Av,33.4482800000001,-112.087499,"SR51, SMW, SME, I17, I10W, I10E",7,stop_id,,0,0,,,unknown
9580,10662,Thomas Rd & Desert Sky TC,EB Thomas Rd & AT Desert Sky TC,33.479831,-112.228542,29,,unmatched,,0,0,,,unknown
7948,17148,48th St & Frye Rd,SB 48th St & FS Frye Rd,33.2975650000001,-111.980455,ALEX,0,stop_id,,0,0,,,unknown
9581,18612,Desert Sky TC,Desert Sky TC (Bay 8 west side),33.4795280000001,-112.2288,75,,unmatched,,0,0,,,unknown
7949,17149,48th St & Pecos Park,NB 48th St & AT Pecos Park,33.2920090000001,-111.98035,ALEX,0,stop_id,,0,0,,,unknown
91,16611,Bell Rd & 28th St,EB Bell Rd & FS 28th St,33.6404160000001,-112.021625,170,9,stop_id,,0,0,,,unknown
9582,18611,Desert Sky TC,Desert Sky TC (Bay 2 east side),33.4791070000001,-112.228476,83,,unmatched,,0,0,,,unknown
795,12443,Union Hills Dr & 45th Wy,EB Union Hills Dr & FS 45th Wy,33.6551030000001,-111.982149,186,0,stop_id,,0,0,,,unknown
9583,10155,Lower Buckeye Rd & 43rd Av,EB Lower Buckeye Rd & FS 43rd Av,33.4223920000001,-112.151169,28,2,stop_id,,0,0,,,unknown
7950,12388,35th Av & Vineyard Rd,SB 35th Av & FS Vineyard Rd,33.3845400000001,-112.133832,35,3,stop_id,,0,0,,,unknown
9584,10444,Lower Buckeye Rd & 43rd Av,WB Lower Buckeye Rd & FS 43rd Av,33.4226400000001,-112.152582,"43, 28",0,stop_id,,0,0,,,unknown
7953,18656,Indian School Rd & 99th Av,EB Indian School Rd & FS 99th Av,33.4937,-112.272008,41,12,stop_id,,0,0,,,unknown
9104,16716,McDowell Rd & 83rd Av,EB McDowell Rd & FS 83rd Av,33.4651880000001,-112.236962,17,140,stop_id,,0,0,,,unknown
7955,18109,Southern Av & 9th Dr,EB Southern Av & FS 9th Dr,33.392099,-112.083951,61,40,stop_id,,0,0,,,unknown
959,18369,Washington St & 41st Pl,EB Washington St & FS 41st Pl,33.4480070000001,-111.991217,"32, 1",2,stop_id,,0,0,,,unknown
9105,12518,McDowell Rd & 81st Av,EB McDowell Rd & FS 81st Av,33.465273,-112.233055,17,4,stop_id,,0,0,,,unknown
7956,14106,Southern Av & 9th Av,WB Southern Av & FS 9th Av,33.3923140000001,-112.084944,61,13,stop_id,,0,0,,,unknown
9106,17481,McDowell Rd & 79th Av,EB McDowell Rd & FS 79th Av,33.465354,-112.228731,17,21,stop_id,,0,0,,,unknown
7957,14107,Southern Av & 11th Dr,WB Southern Av & FS 11th Dr,33.3923300000001,-112.087083,61,3,stop_id,,0,0,,,unknown
9107,17480,McDowell Rd & Center Rd,EB McDowell Rd & FS Center Rd,33.465449,-112.224464,17,13,stop_id,,0,0,,,unknown
7958,13926,Southern Av & 11th Av,EB Southern Av & FS 11th Av,33.392122,-112.085846,61,9,stop_id,,0,0,,,unknown
9108,10964,67th Av & Durango St,NB 67th Av & FS Durango St,33.4304320000001,-112.203715,67,9,stop_id,,0,0,,,unknown
7959,13531,Roeser Rd & 17th Av,EB Roeser Rd & FS 17th Av,33.3994890000001,-112.094383,52,6,stop_id,,0,0,,,unknown
9109,11467,67th Av & Pima St,NB 67th Av & FS Pima St,33.434045,-112.20365,67,4,stop_id,,0,0,,,unknown
7961,11301,16th St & Beverly Rd,SB 16th St & FS Beverly Rd,33.3738220000001,-112.048856,"16s, 16",1,stop_id,,0,0,,,unknown
96,16616,Bell Rd & 38th St,EB Bell Rd & FS 38th St,33.6404870000001,-111.999763,170,5,stop_id,,0,0,,,unknown
7962,11306,Dobbins Rd & 12th Wy,WB Dobbins Rd & FS 12th Wy,33.3633560000001,-112.056248,"16s, 16",0,stop_id,,0,0,,,unknown
9111,10120,16th St & Pima St,NB 16th St & FS Pima St,33.4333820000001,-112.047611,16,0,stop_id,,0,,,,unknown
960,10237,Washington St & 44th St,EB Washington St & FS 44th St,33.4479460000001,-111.986557,1,21,stop_id,,0,0,,,unknown
7963,11307,Dobbins Rd & 10th Wy,WB Dobbins Rd & FS 10th Wy,33.3633840000001,-112.060315,"16s, 16",0,stop_id,,0,0,,,unknown
9112,10089,16th St & Pima St,SB 16th St & FS Pima St,33.432888,-112.047905,"16s, 16",3,stop_id,,0,0,,,unknown
961,10238,Washington St & 48th St,EB Washington St & FS 48th St,33.4471720000001,-111.977939,1,5,stop_id,,0,0,,,unknown
7964,10630,7th St & Jesse Owens Pkwy,SB 7th St & FS Jesse Owens Pkwy,33.3736700000001,-112.066067,"7s, 7",1,stop_id,,0,0,,,unknown
9115,16932,Old 27th Av & Baseline PNR,NB Old 27th Av & AT Baseline PNR,33.377348,-112.117372,"SMW, 19",37,stop_id,,0,0,,,unknown
797,16796,Union Hills Dr & 12th St,EB Union Hills Dr & FS 12th St,33.654707,-112.056561,186,3,stop_id,,0,0,,,unknown
7978,11856,Thomas Rd & 93rd Av,EB Thomas Rd & FS 93rd Av,33.4794590000001,-112.259013,29,19,stop_id,,0,0,,,unknown
9118,12642,Scottsdale Rd & Pima Fwy,SB Scottsdale Rd & FS Pima Fwy,33.657006,-111.925558,72,1,stop_id,,0,0,,,unknown
962,10239,Washington St & 5025 East,EB Washington St & AT 5025 East,33.4466150000001,-111.973355,1,4,stop_id,,0,0,,,unknown
798,16797,Union Hills Dr & 16th St,EB Union Hills Dr & FS 16th St,33.654813,-112.04783,186,5,stop_id,,0,0,,,unknown
9119,12643,Scottsdale Rd & Princess Dr,SB Scottsdale Rd & FS Princess Dr,33.6460230000001,-111.925543,72,7,stop_id,,0,0,,,unknown
963,10240,Washington St & 54th Pl,EB Washington St & NS 54th Pl,33.4457180000001,-111.96576,1,6,stop_id,,0,0,,,unknown
7989,18523,Lower Buckeye Rd & 73rd Dr,EB Lower Buckeye Rd & FS 73rd Dr,33.4228160000001,-112.217441,28,1,stop_id,,0,0,,,unknown
799,16799,Union Hills Dr & 20th St,EB Union Hills Dr & FS 20th St,33.6548500000001,-112.038905,186,1,stop_id,,0,0,,,unknown
7991,15697,67th Av & Lower Buckeye Rd,NB 67th Av & FS Lower Buckeye Rd,33.423464,-112.203786,67,21,stop_id,,0,0,,,unknown
7992,18552,67th Av & Hughes Dr,NB 67th Av & FS Hughes Dr,33.4263550000001,-112.203792,67,2,stop_id,,0,0,,,unknown
964,10233,Washington St & 36th St,EB Washington St & FS 36th St,33.4480110000001,-112.003013,"32, 1",1,stop_id,,0,0,,,unknown
9137,10598,24th St/Baseline PNR,24th St/Baseline PNR (Bay 3),33.379397,-112.029404,30,,unmatched,,0,0,,,unknown
7998,12657,Indian School Rd & 103rd Av,WB Indian School Rd & NS 103rd Av,33.4938250000001,-112.2807,41,11,stop_id,,0,0,,,unknown
7999,11141,Dobbins Rd & 7th St,EB Dobbins Rd & FS 7th St,33.363235,-112.065573,16,12,stop_id,,0,0,,,unknown
800,16800,Union Hills Dr & 22nd St,EB Union Hills Dr & FS 22nd St,33.654884,-112.035081,186,4,stop_id,,0,0,,,unknown
8000,11142,Dobbins Rd & 10th Wy,EB Dobbins Rd & FS 10th Wy,33.363237,-112.059172,16,0,stop_id,,0,0,,,unknown
8001,11143,Dobbins Rd & 12th Wy,EB Dobbins Rd & FS 12th Wy,33.363211,-112.055192,16,0,stop_id,,0,0,,,unknown
8002,11144,Dobbins Rd & 14th St,EB Dobbins Rd & FS 14th St,33.3632030000001,-112.052495,16,3,stop_id,,0,0,,,unknown
8003,11145,16th St & Dobbins Rd,NB 16th St & FS Dobbins Rd,33.3636010000001,-112.048715,16,2,stop_id,,0,0,,,unknown
8004,11146,16th St & Euclid Av,NB 16th St & FS Euclid Av,33.367352,-112.048713,16,3,stop_id,,0,0,,,unknown
8005,18182,16th St & South Mountain Av,NB 16th St & FS South Mountain Av,33.371022,-112.048639,16,19,stop_id,,0,0,,,unknown
8006,11148,16th St & Beverly Rd,NB 16th St & FS Beverly Rd,33.3745470000001,-112.048669,16,3,stop_id,,0,0,,,unknown
801,16802,Union Hills Dr & 26th St,EB Union Hills Dr & FS 26th St,33.6549430000001,-112.025136,186,1,stop_id,,0,0,,,unknown
8014,17252,32nd St & Wier Av,SB 32nd St & FS Wier Av,33.403129,-112.012749,30,0,stop_id,,0,,,,unknown
802,16803,Union Hills Dr & 28th St,EB Union Hills Dr & FS 28th St,33.6549650000001,-112.02171,186,1,stop_id,,0,0,,,unknown
9150,18087,Camelback Rd & 99th Av,WB Camelback Rd & FS 99th Av,33.508456,-112.273144,50,1,stop_id,,0,0,,,unknown
9151,18088,Camelback Rd & 101st Av,WB Camelback Rd & FS 101st Av,33.508388,-112.277676,50,0,stop_id,,0,0,,,unknown
8027,11853,23rd Av & Beardsley Rd,SB 23rd Av & FS Beardsley Rd,33.667606,-112.108721,27,5,stop_id,,0,0,,,unknown
9152,18089,Camelback Rd & 103rd Av,WB Camelback Rd & FS 103rd Av,33.5083530000001,-112.281936,50,0,stop_id,,0,0,,,unknown
9153,18119,Camelback Rd & 105th Av,WB Camelback Rd & FS 105th Av,33.5083220000001,-112.286137,50,0,stop_id,,0,0,,,unknown
803,16804,Union Hills Dr & 31st St,EB Union Hills Dr & FS 31st St,33.6549880000001,-112.015943,186,0,stop_id,,0,0,,,unknown
9154,18117,Camelback Rd & 99th Av,EB Camelback Rd & FS 99th Av,33.508201,-112.271825,50,38,stop_id,,0,0,,,unknown
9156,18116,Camelback Rd & 95th Av,EB Camelback Rd & FS 95th Av,33.508456,-112.263353,50,37,stop_id,,0,0,,,unknown
8030,11759,23rd Av & Rose Garden Ln,NB 23rd Av & FS Rose Garden Ln,33.676876,-112.108516,27,0,stop_id,,0,0,,,unknown
8033,11762,27th Av & Deer Valley Rd,SB 27th Av & FS Deer Valley Rd,33.683343,-112.117516,27,22,stop_id,,0,0,,,unknown
9157,18115,Camelback Rd & 93rd Av,EB Camelback Rd & FS 93rd Av,33.50856,-112.259708,50,4,stop_id,,0,0,,,unknown
8034,11763,27th Av & Lone Cactus Dr,SB 27th Av & FS Lone Cactus Dr,33.6792820000001,-112.117484,27,6,stop_id,,0,0,,,unknown
9158,18114,Camelback Rd & 91st Av,EB Camelback Rd & FS 91st Av,33.508699,-112.254334,50,59,stop_id,,0,0,,,unknown
8035,11768,27th Av & Rose Garden Ln,NB 27th Av & FS Rose Garden Ln,33.6769360000001,-112.117247,27,0,stop_id,,0,0,,,unknown
9159,18113,Camelback Rd & 89th Av,EB Camelback Rd & FS 89th Av,33.5086880000001,-112.250406,50,11,stop_id,,0,0,,,unknown
8036,11769,27th Av & Lone Cactus Dr,NB 27th Av & FS Lone Cactus Dr,33.680218,-112.117239,27,3,stop_id,,0,0,,,unknown
9160,18112,Camelback Rd & 87th Av,EB Camelback Rd & FS 87th Av,33.5086920000001,-112.245887,50,4,stop_id,,0,0,,,unknown
8037,18371,Deer Valley Rd & 27th Av,EB Deer Valley Rd & FS 27th Av,33.683661,-112.116944,27,2,stop_id,,0,0,,,unknown
9161,18111,Camelback Rd & 85th Av,EB Camelback Rd & FS 85th Av,33.5086890000001,-112.242079,50,4,stop_id,,0,0,,,unknown
97,16601,Bell Rd & 3rd St,EB Bell Rd & FS 3rd St,33.6401210000001,-112.069511,170,18,stop_id,,0,0,,,unknown
804,18550,Union Hills Dr & 32nd St,EB Union Hills Dr & FS 32nd St,33.654956,-112.013075,186,10,stop_id,,0,0,,,unknown
9162,18110,Camelback Rd & 83rd Av,EB Camelback Rd & FS 83rd Av,33.508671,-112.23715,"83, 50",69,stop_id,,0,0,,,unknown
8043,13530,Roeser Rd & 19th Av,EB Roeser Rd & FS 19th Av,33.3994720000001,-112.098805,52,35,stop_id,,0,0,,,unknown
9163,18130,Camelback Rd & 81st Dr,EB Camelback Rd & FS 81st Dr,33.5087270000001,-112.234316,50,2,stop_id,,0,0,,,unknown
9164,18131,Camelback Rd & 79th Av,EB Camelback Rd & FS 79th Av,33.508793,-112.228206,50,22,stop_id,,0,0,,,unknown
9165,18132,Camelback Rd & 76th Dr,EB Camelback Rd & FS 76th Dr,33.5088430000001,-112.224325,50,6,stop_id,,0,0,,,unknown
8045,12033,Baseline Rd & 28th St,EB Baseline Rd & FS 28th St,33.377756,-112.022448,"77, 30",4,stop_id,,0,0,,,unknown
9166,18133,Camelback Rd & 75th Av,EB Camelback Rd & FS 75th Av,33.5088900000001,-112.219142,"75, 50",62,stop_id,,0,0,,,unknown
9167,18613,Camelback Rd & 73rd Av,EB Camelback Rd & FS 73rd Av,33.5089820000001,-112.216134,50,4,stop_id,,0,0,,,unknown
9168,18135,Camelback Rd & 71st Av,EB Camelback Rd & NS 71st Av,33.509054,-112.212379,50,18,stop_id,,0,0,,,unknown
8048,12208,Baseline Rd & 30th St,WB Baseline Rd & FS 30th St,33.378133,-112.017848,"77, 30",1,stop_id,,0,0,,,unknown
9169,18136,Camelback Rd & 69th Av,EB Camelback Rd & FS 69th Av,33.509167,-112.207307,50,2,stop_id,,0,0,,,unknown
8049,12210,Baseline Rd & 27th St,WB Baseline Rd & FS 27th St,33.3780170000001,-112.025916,"77, 30",1,stop_id,,0,0,,,unknown
9170,18137,Camelback Rd & 67th Av,EB Camelback Rd & FS 67th Av,33.5092280000001,-112.202691,"67, 50",156,stop_id,,0,0,,,unknown
805,16805,Union Hills Dr & 34th St,EB Union Hills Dr & FS 34th St,33.6550270000001,-112.008743,"39, 186",8,stop_id,,0,0,,,unknown
8050,15000,Baseline Rd & 18th Pl,WB Baseline Rd & FS 18th Pl,33.3779260000001,-112.044107,77,3,stop_id,,0,0,,,unknown
8051,11660,Baseline Rd & 21st Dr,WB Baseline Rd & FS 21st Dr,33.3778590000001,-112.105128,"77, 19",2,stop_id,,0,0,,,unknown
9175,18129,67th Av & Buckeye Rd,NB 67th Av & FS Buckeye Rd,33.437984,-112.203545,67,69,stop_id,,0,0,,,unknown
8053,11674,27th Av & Durango St,NB 27th Av & FS Durango St,33.4301390000001,-112.117125,27,14,stop_id,,0,0,,,unknown
9178,18239,Central Av & Dobbins Rd,SB Central Av & FS Dobbins Rd,33.362845,-112.073342,16,15,stop_id,,0,0,,,unknown
8054,11675,27th Av & Pima St,NB 27th Av & FS Pima St,33.4334720000001,-112.117147,27,4,stop_id,,0,0,,,unknown
9181,11772,Lower Buckeye Rd & 35th Av,EB Lower Buckeye Rd & FS 35th Av,33.4223050000001,-112.133675,"35, 28, 27",7,stop_id,,0,0,,,unknown
8055,11676,27th Av & Buckeye Rd,NB 27th Av & FS Buckeye Rd,33.4372510000001,-112.117191,27,60,stop_id,,0,0,,,unknown
9182,18655,Lower Buckeye Rd & 35th Av,WB Lower Buckeye Rd & FS 35th Av,33.422621,-112.135173,28,22,stop_id,,0,0,,,unknown
8056,11677,27th Av & Lincoln St,NB 27th Av & FS Lincoln St,33.442624,-112.117349,27,12,stop_id,,0,0,,,unknown
9183,18127,Lower Buckeye Rd & 27th Av,WB Lower Buckeye Rd & NS 27th Av,33.4224630000001,-112.116788,"28, 27",20,stop_id,,0,0,,,unknown
8057,11848,27th Av & Lincoln St,SB 27th Av & FS Lincoln St,33.441759,-112.11756,27,1,stop_id,,0,0,,,unknown
9184,18128,Lower Buckeye Rd & 27th Av,EB Lower Buckeye Rd & FS 27th Av,33.422262,-112.116651,"28, 27",2,stop_id,,0,0,,,unknown
8058,11849,27th Av & Buckeye Rd,SB 27th Av & FS Buckeye Rd,33.4363740000001,-112.117409,27,3,stop_id,,0,0,,,unknown
8059,11850,27th Av & Pima St,SB 27th Av & FS Pima St,33.4329000000001,-112.117317,27,0,stop_id,,0,0,,,unknown
9185,18121,Greenway Rd & 51st Av,EB Greenway Rd & FS 51st Av,33.625035,-112.167587,154,15,stop_id,,0,0,,,unknown
806,16806,Union Hills Dr & 36th St,EB Union Hills Dr & FS 36th St,33.655066,-112.004481,"39, 186",2,stop_id,,0,0,,,unknown
9186,18122,Greenway Rd & 49th Av,EB Greenway Rd & FS 49th Av,33.6250380000001,-112.163695,154,2,stop_id,,0,0,,,unknown
8061,11508,Baseline Rd & 21st Dr,EB Baseline Rd & FS 21st Dr,33.3776270000001,-112.104021,"77, 19",7,stop_id,,0,0,,,unknown
9187,18123,Greenway Rd & 47th Av,EB Greenway Rd & FS 47th Av,33.6250370000001,-112.159257,154,1,stop_id,,0,0,,,unknown
8062,14935,Baseline Rd & 18th Pl,EB Baseline Rd & FS 18th Pl,33.3775840000001,-112.043204,77,2,stop_id,,0,0,,,unknown
9188,17222,Greenway Rd & 45th Av,EB Greenway Rd & FS 45th Av,33.6250370000001,-112.154976,154,0,stop_id,,0,0,,,unknown
8063,18279,Baseline Rd & 24th St,EB Baseline Rd & FS 24th St,33.3775870000001,-112.029734,"77, 30",112,stop_id,,0,0,,,unknown
9189,18124,43rd Av & Grovers Av,NB 43rd Av & FS Grovers Av,33.64773,-112.151729,43,0,stop_id,,0,0,,,unknown
9190,18125,43rd Av & Michigan Av,NB 43rd Av & FS Michigan Av,33.6505760000001,-112.151756,43,0,stop_id,,0,0,,,unknown
9191,18138,7th St & Union Hills Dr,SB 7th St & FS Union Hills Dr,33.6543950000001,-112.065747,7,68,stop_id,,0,0,,,unknown
9192,18120,7th St & Michigan Av,SB 7th St & FS Michigan Av,33.6503470000001,-112.065727,7,4,stop_id,,0,0,,,unknown
973,12675,83rd Av & Cheery Lynn Rd,NB 83rd Av & FS Cheery Lynn Rd,33.4840590000001,-112.237663,83,1,stop_id,,,,,,unknown
9193,18221,27th Av & Yorkshire Dr,NB 27th Av & FS Yorkshire Dr,33.6630040000001,-112.117023,27,2,stop_id,,0,0,,,unknown
807,12440,Union Hills Dr & 40th St,EB Union Hills Dr & FS 40th St,33.6550960000001,-111.995552,186,9,stop_id,,0,0,,,unknown
9194,18222,27th Av & Behrend Dr,NB 27th Av & FS Behrend Dr,33.666212,-112.117046,27,1,stop_id,,0,0,,,unknown
8071,10769,Lower Buckeye Rd & 32nd Av,EB Lower Buckeye Rd & FS 32nd Av,33.4223030000001,-112.130581,"28, 27",1,stop_id,,0,0,,,unknown
9195,18020,Buckeye Rd & 69th Av,EB Buckeye Rd & FS 69th Av,33.4370900000001,-112.207401,13,17,stop_id,,0,0,,,unknown
8072,10770,Lower Buckeye Rd & 31st Av,EB Lower Buckeye Rd & FS 31st Av,33.422271,-112.128066,"28, 27",0,stop_id,,0,0,,,unknown
9196,18139,Buckeye Rd & 75th Av,EB Buckeye Rd & FS 75th Av,33.4370060000001,-112.220379,13,64,stop_id,,0,0,,,unknown
8073,10865,Lower Buckeye Rd & 31st Av,WB Lower Buckeye Rd & FS 31st Av,33.422492,-112.12896,"28, 27",0,stop_id,,0,0,,,unknown
9197,18024,Atlanta Av & 15th Av,EB Atlanta Av & FS 15th Av,33.400044,-112.089922,52,11,stop_id,,0,0,,,unknown
8074,10866,Lower Buckeye Rd & 32nd Av,WB Lower Buckeye Rd & FS 32nd Av,33.4225230000001,-112.131423,"28, 27",0,stop_id,,0,0,,,unknown
8075,11847,27th Av & Jefferson St,SB 27th Av & FS Jefferson St,33.4469990000001,-112.117625,27,0,stop_id,,0,0,,,unknown
8079,15259,Dobbins Rd & 7th St,WB Dobbins Rd & FS 7th St,33.3634520000001,-112.06656,"7s, 7, 16s, 16",1,stop_id,,0,0,,,unknown
92,16612,Bell Rd & 30th St,EB Bell Rd & FS 30th St,33.6404240000001,-112.017265,170,32,stop_id,,0,0,,,unknown
808,12442,Union Hills Dr & 44th St,EB Union Hills Dr & FS 44th St,33.655087,-111.985711,186,1,stop_id,,0,0,,,unknown
8080,10635,Dobbins Rd & 4th St,WB Dobbins Rd & FS 4th St,33.363386,-112.069766,"16s, 16",0,stop_id,,0,0,,,unknown
8082,13917,Southern Av & 33rd Av,EB Southern Av & FS 33rd Av,33.392026,-112.128849,61,23,stop_id,,0,0,,,unknown
8083,10431,Van Buren St & 67th Av,WB Van Buren St & FS 67th Av,33.451719,-112.203891,3,36,stop_id,,0,0,,,unknown
8084,10432,Van Buren St & 69th Av,WB Van Buren St & FS 69th Av,33.451715,-112.207288,3,1,stop_id,,0,0,,,unknown
8085,10433,Van Buren St & 71st Av,WB Van Buren St & FS 71st Av,33.4517750000001,-112.213016,3,2,stop_id,,0,0,,,unknown
8086,11399,Van Buren St & 73rd Av,WB Van Buren St & FS 73rd Av,33.4518200000001,-112.217684,3,0,stop_id,,0,0,,,unknown
9207,18021,67th Av & Buckeye Rd,SB 67th Av & FS Buckeye Rd,33.436676,-112.203908,67,8,stop_id,,0,0,,,unknown
8087,10869,Van Buren St & 75th Av,WB Van Buren St & FS 75th Av,33.4518380000001,-112.22191,3,14,stop_id,,0,0,,,unknown
9208,18022,67th Av & Pioneer St,SB 67th Av & FS Pioneer St,33.4180610000001,-112.204154,67,22,stop_id,,0,0,,,unknown
8088,10436,Van Buren St & 7680 West,WB Van Buren St & AT 7680 West,33.451871,-112.227016,3,0,stop_id,,0,0,,,unknown
9209,18023,67th Av & Pioneer St,NB 67th Av & FS Pioneer St,33.4188360000001,-112.203896,67,30,stop_id,,0,0,,,unknown
8089,10962,Van Buren St & 79th Av,WB Van Buren St & FS 79th Av,33.4518620000001,-112.230069,3,0,stop_id,,0,0,,,unknown
809,16794,Union Hills Dr & 4th St,EB Union Hills Dr & FS 4th St,33.654661,-112.068804,186,1,stop_id,,0,0,,,unknown
9779,18945,51st Av & Greenway Rd,SB 51st Av & FS Greenway Rd,33.6248190000001,-112.168547,154,,unmatched,,,,,,unknown
8090,10438,Van Buren St & 8062 West,WB Van Buren St & AT 8062 West,33.4518850000001,-112.234042,3,0,stop_id,,0,0,,,unknown
9798,18967,24th St PHX Sky Train Station,24th St PHX Sky Train Station (Northwest Bay),33.4353750000001,-112.032748,13,,unmatched,,,,,,unknown
98,16617,Bell Rd & 40th St,EB Bell Rd & FS 40th St,33.640519,-111.995757,170,23,stop_id,,,,,,unknown
983,10119,Sunnyslope TC,Sunnyslope TC (Bay 2 north side),33.567127,-112.069078,"12, 0",,unmatched,,,,,,unknown
8095,10305,Van Buren St & 75th Av,EB Van Buren St & FS 75th Av,33.451607,-112.220475,3,54,stop_id,,0,0,,,unknown
8096,10306,Van Buren St & 73rd Av,EB Van Buren St & FS 73rd Av,33.4515850000001,-112.216247,3,2,stop_id,,0,0,,,unknown
99,16618,Bell Rd & 41st St,EB Bell Rd & FS 41st St,33.640524,-111.992625,170,2,stop_id,,,,,,unknown
8097,10307,Van Buren St & 71st Av,EB Van Buren St & FS 71st Av,33.4515480000001,-112.211752,3,3,stop_id,,0,0,,,unknown
8098,10308,Van Buren St & 69th Av,EB Van Buren St & FS 69th Av,33.4514960000001,-112.206427,3,1,stop_id,,0,0,,,unknown
810,10551,Union Hills Dr & 7th St,EB Union Hills Dr & FS 7th St,33.654658,-112.06501,186,34,stop_id,,0,0,,,unknown
8103,17131,Chandler Bl & Marketplace Wy SE,EB Chandler Bl & FS Marketplace Wy SE,33.3048610000001,-112.051842,ALEX,0,stop_id,,0,0,,,unknown
9281,18258,16th St & Winter Dr,NB 16th St & FS Winter Dr,33.5527680000001,-112.047801,16,5,stop_id,,0,0,,,unknown
9282,12028,35th Av & Lydia Ln,NB 35th Av & FS Lydia Ln,33.387666,-112.133509,35,3,stop_id,,0,0,,,unknown
812,16795,Union Hills Dr & 9th St,EB Union Hills Dr & FS 9th St,33.6546910000001,-112.060879,186,7,stop_id,,0,0,,,unknown
8124,16656,Bell Rd & 50th Pl,WB Bell Rd & FS 50th Pl,33.6406660000001,-111.972528,170,2,stop_id,,0,0,,,unknown
8125,16622,Bell Rd & 50th Pl,EB Bell Rd & FS 50th Pl,33.640406,-111.971464,170,1,stop_id,,0,0,,,unknown
929,17025,Warner Elliot Lp & Ahwatukee Dr,EB Warner Elliot Lp & FS Ahwatukee Dr,33.3348320000001,-111.992017,ALEX,0,stop_id,,0,0,,,unknown
8126,16335,Thunderbird Rd & 18th St,WB Thunderbird Rd & FS 18th St,33.598595,-112.044092,138,3,stop_id,,0,0,,,unknown
9290,18372,44th St PHX Sky Train Station,44th St PHX Sky Train Station (North Bays),33.447193,-111.990026,44,,unmatched,,0,,,,unknown
8127,12301,Happy Valley Rd & 25th Av,EB Happy Valley Rd & FS 25th Av,33.7126950000001,-112.11114,35,0,stop_id,,0,0,,,unknown
8128,12302,Happy Valley Rd & 23rd Av,EB Happy Valley Rd & FS 23rd Av,33.7126670000001,-112.108092,35,44,stop_id,,0,0,,,unknown
8129,12296,Pinnacle Peak Rd & 35th Av,EB Pinnacle Peak Rd & FS 35th Av,33.6981740000001,-112.13442,35,3,stop_id,,0,0,,,unknown
9295,13056,44th St & Washington St,SB 44th St & FS Washington St,33.4476310000001,-111.987333,"44, 32",112,stop_id,,0,0,,,unknown
813,16801,Union Hills Dr & Cave Creek Rd,EB Union Hills Dr & FS Cave Creek Rd,33.654857,-112.030198,186,29,stop_id,,0,0,,,unknown
9299,13857,Montebello Av & 17th Av,EB Montebello Av & FS 17th Av,33.5195400000001,-112.095126,15,11,stop_id,,0,0,,,unknown
8130,12297,Pinnacle Peak Rd & Hance Bl,EB Pinnacle Peak Rd & FS Hance Bl,33.6984110000001,-112.130368,35,0,stop_id,,0,0,,,unknown
93,16613,Bell Rd & 32nd St,EB Bell Rd & FS 32nd St,33.640428,-112.012778,170,37,stop_id,,0,0,,,unknown
8131,12299,29th Av & 24601 North,NB 29th Av & AT 24601 North,33.707747,-112.121824,35,0,stop_id,,0,0,,,unknown
9300,12638,Northern Av & 29th Av,WB Northern Av & NS 29th Av,33.5531970000001,-112.120848,80,5,stop_id,,0,0,,,unknown
8132,12300,29th Av & Happy Valley Rd,NB 29th Av & NS Happy Valley Rd,33.7104430000001,-112.121762,35,1,stop_id,,0,0,,,unknown
8133,12289,35th Av & Beardsley Rd,NB 35th Av & FS Beardsley Rd,33.670981,-112.134506,35,1,stop_id,,0,0,,,unknown
8134,12288,35th Av & Behrend Dr,NB 35th Av & FS Behrend Dr,33.6660650000001,-112.134475,35,1,stop_id,,0,0,,,unknown
8135,12293,35th Av & Deer Valley Rd,NB 35th Av & FS Deer Valley Rd,33.684516,-112.134559,35,5,stop_id,,0,0,,,unknown
8136,12290,35th Av & Irma Ln,NB 35th Av & FS Irma Ln,33.6751560000001,-112.134553,35,0,stop_id,,0,0,,,unknown
8137,12292,35th Av & Lone Cactus Dr,NB 35th Av & FS Lone Cactus Dr,33.680823,-112.134591,35,1,stop_id,,0,0,,,unknown
8138,12291,35th Av & Rose Garden Ln,NB 35th Av & FS Rose Garden Ln,33.679267,-112.134586,35,1,stop_id,,0,0,,,unknown
8139,12294,35th Av & Williams Dr,NB 35th Av & FS Williams Dr,33.691272,-112.134674,35,0,stop_id,,0,0,,,unknown
814,16793,Union Hills Dr & Central Av,EB Union Hills Dr & FS Central Av,33.65461,-112.07373,186,4,stop_id,,0,0,,,unknown
8140,12287,35th Av & Yorkshire Dr,NB 35th Av & FS Yorkshire Dr,33.6625960000001,-112.134439,35,3,stop_id,,0,0,,,unknown
8141,12295,35th Av & Parkside Ln,NB 35th Av & FS Parkside Ln,33.694289,-112.134707,35,0,stop_id,,0,0,,,unknown
931,17024,Warner Elliot Lp & Equestrian Trl,SB Warner Elliot Lp & FS Equestrian Trl,33.3381010000001,-111.993841,ALEX,0,stop_id,,0,0,,,unknown
8142,12298,29th Av & Pinnacle Peak Rd,NB 29th Av & FS Pinnacle Peak Rd,33.7011460000001,-112.121762,35,0,stop_id,,0,0,,,unknown
8143,12304,29th Av & Happy Valley Rd,SB 29th Av & FS Happy Valley Rd,33.7105500000001,-112.122001,35,4,stop_id,,0,0,,,unknown
8144,12305,29th Av & 24601 North,SB 29th Av & AT 24601 North,33.7076750000001,-112.121959,35,1,stop_id,,0,0,,,unknown
8145,12315,35th Av & Beardsley Rd,SB 35th Av & FS Beardsley Rd,33.6680160000001,-112.134787,35,4,stop_id,,0,0,,,unknown
8146,12316,35th Av & Behrend Dr,SB 35th Av & FS Behrend Dr,33.665154,-112.134744,35,5,stop_id,,0,0,,,unknown
8147,12311,35th Av & Deer Valley Rd,SB 35th Av & FS Deer Valley Rd,33.6833810000001,-112.134903,35,20,stop_id,,0,0,,,unknown
8148,12312,35th Av & Lone Cactus Dr,SB 35th Av & FS Lone Cactus Dr,33.6800620000001,-112.134866,35,5,stop_id,,0,0,,,unknown
932,17020,Warner Elliot Lp & Jicarilla St,EB Warner Elliot Lp & FS Jicarilla St,33.3471220000001,-111.990584,ALEX,0,stop_id,,0,0,,,unknown
8149,12309,35th Av & Parkside Ln,SB 35th Av & FS Parkside Ln,33.6934220000001,-112.134978,35,1,stop_id,,0,0,,,unknown
815,16798,Union Hills Dr & 1700 East,EB Union Hills Dr & AT 1700 East,33.654843,-112.043907,186,12,stop_id,,0,0,,,unknown
8150,12308,35th Av & Pinnacle Peak Rd,SB 35th Av & FS Pinnacle Peak Rd,33.697972,-112.13507,35,20,stop_id,,0,0,,,unknown
9326,17486,McDowell Rd & 89th Av,WB McDowell Rd & FS 89th Av,33.4652310000001,-112.251464,17,1,stop_id,,0,0,,,unknown
8151,12313,35th Av & Rose Garden Ln,SB 35th Av & FS Rose Garden Ln,33.6782690000001,-112.134849,35,8,stop_id,,0,0,,,unknown
9327,14715,Van Buren St & 52nd St,EB Van Buren St & NS 52nd St,33.450841,-111.970862,3,2,stop_id,,0,0,,,unknown
8152,12310,35th Av & Williams Dr,SB 35th Av & FS Williams Dr,33.6903800000001,-112.134948,35,1,stop_id,,0,0,,,unknown
8153,12314,35th Av & Mohawk Ln,SB 35th Av & NS Mohawk Ln,33.6731540000001,-112.134812,35,6,stop_id,,0,0,,,unknown
8154,12303,Happy Valley Rd & 23rd Av,WB Happy Valley Rd & FS 23rd Av,33.7130750000001,-112.109517,"35, 19",54,stop_id,,0,0,,,unknown
933,17022,Warner Elliot Lp & Kiowa St,EB Warner Elliot Lp & FS Kiowa St,33.343376,-111.993686,ALEX,0,stop_id,,0,0,,,unknown
8155,12306,Pinnacle Peak Rd & 29th Av,WB Pinnacle Peak Rd & FS 29th Av,33.7009140000001,-112.122411,35,0,stop_id,,0,0,,,unknown
8156,12307,Pinnacle Peak Rd & Hance Bl,WB Pinnacle Peak Rd & FS Hance Bl,33.698468,-112.131317,35,0,stop_id,,0,0,,,unknown
8157,11744,27th Av & Grovers Av,NB 27th Av & FS Grovers Av,33.6479410000001,-112.117014,27,2,stop_id,,0,0,,,unknown
8158,11745,27th Av & Villa Maria Dr,NB 27th Av & FS Villa Maria Dr,33.652337,-112.117024,27,1,stop_id,,0,0,,,unknown
934,17021,Warner Elliot Lp & Walatowa St,EB Warner Elliot Lp & FS Walatowa St,33.3457730000001,-111.992153,ALEX,0,stop_id,,0,0,,,unknown
935,17026,Warner Elliot Lp & 44th St,EB Warner Elliot Lp & NS 44th St,33.33185,-111.987996,ALEX,0,stop_id,,0,0,,,unknown
936,17023,Warner Elliot Lp & Mandan St,EB Warner Elliot Lp & NS Mandan St,33.341704,-111.994154,ALEX,0,stop_id,,0,0,,,unknown
9365,18370,Missouri Av & 15th Av,WB Missouri Av & FS 15th Av,33.5168400000001,-112.091684,15,5,stop_id,,0,0,,,unknown
9366,18118,107th Av & Camelback Rd,SB 107th Av & FS Camelback Rd,33.507617,-112.290183,50,1,stop_id,,0,0,,,unknown
9367,18456,Galvin Pkwy & Van Buren St,NB Galvin Pkwy & NS Van Buren St,33.450436,-111.955704,56,1,stop_id,,0,0,,,unknown
8200,15285,Cave Creek Rd & Union Hills Dr,NB Cave Creek Rd & FS Union Hills Dr,33.655717,-112.030699,90,7,stop_id,,0,0,,,unknown
8201,15286,Cave Creek Rd & Siesta Ln,NB Cave Creek Rd & FS Siesta Ln,33.659049,-112.030697,90,0,stop_id,,0,0,,,unknown
8202,15287,Cave Creek Rd & Utopia Rd,NB Cave Creek Rd & FS Utopia Rd,33.6627090000001,-112.030586,90,1,stop_id,,0,0,,,unknown
9377,18290,Washington St & 51st St,WB Washington St & FS 51st St,33.4466770000001,-111.971598,1,4,stop_id,,0,0,,,unknown
8203,15288,Cave Creek Rd & Marco Polo Rd,NB Cave Creek Rd & FS Marco Polo Rd,33.667249,-112.029973,90,0,stop_id,,0,0,,,unknown
9378,18503,40th St & Thunderbird Rd,SB 40th St & FS Thunderbird Rd,33.611453,-111.996047,39,6,stop_id,,0,0,,,unknown
8204,15289,Cave Creek Rd & Beardsley Rd,NB Cave Creek Rd & FS Beardsley Rd,33.6700240000001,-112.030656,90,1,stop_id,,0,0,,,unknown
9379,18504,40th St & Willow Av,SB 40th St & FS Willow Av,33.6077450000001,-111.996016,39,1,stop_id,,0,0,,,unknown
8205,15290,Cave Creek Rd & Rose Garden Ln,SB Cave Creek Rd & FS Rose Garden Ln,33.676404,-112.031229,90,30,stop_id,,0,0,,,unknown
9380,18506,40th St & Sweetwater Av,SB 40th St & FS Sweetwater Av,33.604052,-111.995999,39,1,stop_id,,0,0,,,unknown
8206,15292,Cave Creek Rd & Pima Fwy,SB Cave Creek Rd & FS Pima Fwy,33.67137,-112.031151,90,1,stop_id,1,0,0,,,unknown
9381,18505,40th St & Larkspur Dr,SB 40th St & FS Larkspur Dr,33.60047,-111.99597,39,0,stop_id,,0,0,,,unknown
8207,15293,Cave Creek Rd & Beardsley Rd,SB Cave Creek Rd & FS Beardsley Rd,33.6686250000001,-112.030814,90,42,stop_id,,0,0,,,unknown
9382,18508,40th St & Cactus Rd,SB 40th St & FS Cactus Rd,33.596643,-111.995937,39,2,stop_id,,0,0,,,unknown
8208,15294,Cave Creek Rd & Marco Polo Rd,SB Cave Creek Rd & FS Marco Polo Rd,33.666324,-112.030127,90,2,stop_id,,0,0,,,unknown
9384,18507,40th St & Cholla St,SB 40th St & FS Cholla St,33.58962,-111.995879,39,0,stop_id,,0,0,,,unknown
8209,15295,Cave Creek Rd & Utopia Rd,SB Cave Creek Rd & NS Utopia Rd,33.6630260000001,-112.030876,90,5,stop_id,,0,0,,,unknown
9385,18510,40th St & Desert Cove Av,SB 40th St & FS Desert Cove Av,33.5860410000001,-111.995891,39,0,stop_id,,0,0,,,unknown
9386,18509,40th St & Shea Bl,NB 40th St & FS Shea Bl,33.5832100000001,-111.995592,39,10,stop_id,,0,0,,,unknown
8210,18107,Cave Creek Rd & Morrow Dr,SB Cave Creek Rd & FS Morrow Dr,33.65761,-112.031053,90,2,stop_id,,0,0,,,unknown
9387,18512,40th St & Desert Cove Av,NB 40th St & FS Desert Cove Av,33.58673,-111.995611,39,1,stop_id,,0,0,,,unknown
8211,10490,32nd St & Washington St,NB 32nd St & FS Washington St,33.4487560000001,-112.012776,32,8,stop_id,,0,0,,,unknown
9388,18511,40th St & Cholla St,NB 40th St & FS Cholla St,33.5904420000001,-111.995644,39,2,stop_id,,0,0,,,unknown
8213,10813,32nd St & Campbell Av,NB 32nd St & FS Campbell Av,33.5028840000001,-112.012867,"32s, 32",1,stop_id,,0,0,,,unknown
9389,18514,40th St & Sunnyside Dr,NB 40th St & FS Sunnyside Dr,33.5943820000001,-111.995678,39,0,stop_id,,0,0,,,unknown
8214,10814,32nd St & Highland Av,NB 32nd St & FS Highland Av,33.5067700000001,-112.012878,"32s, 32",0,stop_id,,0,0,,,unknown
9390,10875,40th St & Cactus Rd,NB 40th St & FS Cactus Rd,33.5978680000001,-111.995701,39,7,stop_id,,0,0,,,unknown
8217,17441,32nd St & Van Buren St,SB 32nd St & FS Van Buren St,33.4506950000001,-112.013021,32,29,stop_id,,0,0,,,unknown
9391,18513,40th St & Columbine Dr,NB 40th St & FS Columbine Dr,33.6004960000001,-111.99573,39,1,stop_id,,0,0,,,unknown
9392,18516,40th St & Sweetwater Av,NB 40th St & FS Sweetwater Av,33.6048230000001,-111.995755,39,3,stop_id,,0,0,,,unknown
9393,18515,40th St & Willow Av,NB 40th St & FS Willow Av,33.6083980000001,-111.995781,39,2,stop_id,,0,0,,,unknown
9394,18500,Mayo Bl & Allied Wy,EB Mayo Bl & FS Allied Wy,33.655017,-111.929136,186,14,stop_id,,0,0,,,unknown
8220,16384,Greenway Pkwy & 12th St,EB Greenway Pkwy & FS 12th St,33.636984,-112.056552,154,3,stop_id,,0,0,,,unknown
9395,18501,Mayo Bl & Allied Wy,WB Mayo Bl & FS Allied Wy,33.655337,-111.930241,186,0,stop_id,,0,0,,,unknown
8221,16385,Greenway Pkwy & 14th St,EB Greenway Pkwy & FS 14th St,33.6362260000001,-112.052031,154,1,stop_id,,0,0,,,unknown
9396,10599,Lower Buckeye Rd & 37th Av,WB Lower Buckeye Rd & FS 37th Av,33.422631,-112.139062,28,0,stop_id,,0,0,,,unknown
8222,16386,Greenway Pkwy & 16th St,EB Greenway Pkwy & FS 16th St,33.636125,-112.047643,154,5,stop_id,,0,0,,,unknown
9397,18410,Lower Buckeye Rd & 39th Av,WB Lower Buckeye Rd & FS 39th Av,33.4227000000001,-112.143682,28,0,stop_id,,0,0,,,unknown
8223,16387,Greenway Pkwy & 18th St,EB Greenway Pkwy & FS 18th St,33.6341600000001,-112.043799,154,0,stop_id,,0,0,,,unknown
8224,16380,Greenway Pkwy & 1st Dr,EB Greenway Pkwy & FS 1st Dr,33.6334180000001,-112.075125,154,1,stop_id,,0,0,,,unknown
9398,18518,Lower Buckeye Rd & 45th Av,WB Lower Buckeye Rd & FS 45th Av,33.4225480000001,-112.156355,28,0,stop_id,,0,0,,,unknown
8225,16388,Greenway Pkwy & 20th St,EB Greenway Pkwy & FS 20th St,33.6325870000001,-112.03898,154,3,stop_id,,0,0,,,unknown
9399,18517,Lower Buckeye Rd & 49th Av,WB Lower Buckeye Rd & FS 49th Av,33.422399,-112.165451,28,0,stop_id,,0,0,,,unknown
8226,16381,Greenway Pkwy & 3rd St,EB Greenway Pkwy & FS 3rd St,33.636877,-112.069161,154,5,stop_id,,0,0,,,unknown
94,16614,Bell Rd & 34th Wy,EB Bell Rd & FS 34th Wy,33.640476,-112.007198,170,11,stop_id,,0,0,,,unknown
8227,16408,Greenway Pkwy & 64th St,EB Greenway Pkwy & FS 64th St,33.6257570000001,-111.94249,154,2,stop_id,,0,0,,,unknown
8228,16409,Greenway Pkwy & 66th St,EB Greenway Pkwy & FS 66th St,33.624155,-111.938761,154,0,stop_id,,0,0,,,unknown
9400,18519,Lower Buckeye Rd & 51st Av,WB Lower Buckeye Rd & FS 51st Av,33.4223880000001,-112.169993,28,17,stop_id,,0,0,,,unknown
8229,16382,Greenway Pkwy & 7th St,EB Greenway Pkwy & FS 7th St,33.6374650000001,-112.064837,154,39,stop_id,,0,0,,,unknown
9401,18420,Lower Buckeye Rd & 53rd Av,WB Lower Buckeye Rd & FS 53rd Av,33.422422,-112.174118,28,0,stop_id,,0,0,,,unknown
9402,18421,Lower Buckeye Rd & 55th Av,WB Lower Buckeye Rd & FS 55th Av,33.4225070000001,-112.178559,28,3,stop_id,,0,0,,,unknown
8230,16383,Greenway Pkwy & 9th St,EB Greenway Pkwy & FS 9th St,33.6374980000001,-112.06068,154,5,stop_id,,0,0,,,unknown
9403,18423,Lower Buckeye Rd & 63rd Av,WB Lower Buckeye Rd & FS 63rd Av,33.422788,-112.195875,28,2,stop_id,,0,0,,,unknown
8231,16389,Greenway Pkwy & Cave Creek Rd,EB Greenway Pkwy & FS Cave Creek Rd,33.63161,-112.030285,154,59,stop_id,,0,0,,,unknown
9404,18424,Lower Buckeye Rd & 65th Dr,WB Lower Buckeye Rd & FS 65th Dr,33.422869,-112.200687,28,2,stop_id,,0,0,,,unknown
8232,16410,Greenway Pkwy & Kierland Bl,EB Greenway Pkwy & FS Kierland Bl,33.6226310000001,-111.930356,154,0,stop_id,,0,0,,,unknown
9405,18425,Lower Buckeye Rd & 65th Dr,EB Lower Buckeye Rd & FS 65th Dr,33.422647,-112.199618,28,10,stop_id,,0,0,,,unknown
8233,16390,Greenway Pkwy & Waltann Ln,EB Greenway Pkwy & FS Waltann Ln,33.6281320000001,-112.025331,154,76,stop_id,,0,0,,,unknown
9407,18426,Lower Buckeye Rd & 57th Av,EB Lower Buckeye Rd & FS 57th Av,33.422328,-112.181516,28,4,stop_id,,0,0,,,unknown
8234,16391,Greenway Rd & 29th St,EB Greenway Rd & FS 29th St,33.626175,-112.019172,154,39,stop_id,,0,0,,,unknown
9408,18427,Lower Buckeye Rd & 55th Av,EB Lower Buckeye Rd & FS 55th Av,33.422222,-112.177232,28,9,stop_id,,0,0,,,unknown
8235,16392,Greenway Rd & 32nd St,EB Greenway Rd & FS 32nd St,33.6261500000001,-112.012814,154,39,stop_id,,0,0,,,unknown
9409,18428,Lower Buckeye Rd & 53rd Av,EB Lower Buckeye Rd & FS 53rd Av,33.422193,-112.173555,28,0,stop_id,,0,0,,,unknown
8236,16393,Greenway Rd & 33rd Pl,EB Greenway Rd & FS 33rd Pl,33.626176,-112.009233,154,0,stop_id,,0,0,,,unknown
9410,18619,Lower Buckeye Rd & 51st Av,EB Lower Buckeye Rd & FS 51st Av,33.422109,-112.168505,28,15,stop_id,,0,0,,,unknown
8237,16394,Greenway Rd & 36th St,EB Greenway Rd & FS 36th St,33.6261850000001,-112.00419,154,9,stop_id,,0,0,,,unknown
9411,18430,Lower Buckeye Rd & 49th Av,EB Lower Buckeye Rd & FS 49th Av,33.422199,-112.165465,28,0,stop_id,1,0,0,,,unknown
8238,16395,Greenway Rd & 38th St,EB Greenway Rd & FS 38th St,33.626226,-111.999926,154,1,stop_id,,0,0,,,unknown
9412,18431,Lower Buckeye Rd & 39th Av,EB Lower Buckeye Rd & FS 39th Av,33.422489,-112.142735,28,0,stop_id,,0,0,,,unknown
8239,16396,Greenway Rd & 40th St,EB Greenway Rd & FS 40th St,33.6262300000001,-111.995442,154,35,stop_id,,0,0,,,unknown
9413,10182,Lower Buckeye Rd & 37th Av,EB Lower Buckeye Rd & FS 37th Av,33.422424,-112.139012,28,1,stop_id,,0,0,,,unknown
824,12044,University Dr & 36th St,EB University Dr & FS 36th St,33.420848,-112.002835,30,7,stop_id,,0,0,,,unknown
8240,16397,Greenway Rd & 42nd St,EB Greenway Rd & FS 42nd St,33.626174,-111.990566,154,0,stop_id,,0,0,,,unknown
8241,16398,Greenway Rd & 44th St,EB Greenway Rd & FS 44th St,33.626092,-111.985983,154,0,stop_id,,0,0,,,unknown
9417,14757,Scottsdale Rd & Mayo Bl,SB Scottsdale Rd & FS Mayo Bl,33.654633,-111.925537,"72, 186",28,stop_id,,0,0,,,unknown
8242,16399,Greenway Rd & 46th St,EB Greenway Rd & FS 46th St,33.626023,-111.981773,154,1,stop_id,,0,0,,,unknown
8243,16401,Greenway Rd & 50th Pl,EB Greenway Rd & FS 50th Pl,33.625974,-111.972243,154,0,stop_id,,0,0,,,unknown
8244,16402,Greenway Rd & 52nd St,EB Greenway Rd & FS 52nd St,33.625977,-111.968562,154,0,stop_id,,0,0,,,unknown
8245,16403,Greenway Rd & 54th Wy,EB Greenway Rd & FS 54th Wy,33.6258720000001,-111.962107,154,0,stop_id,,0,0,,,unknown
8246,16404,Greenway Rd & 56th St,EB Greenway Rd & FS 56th St,33.625819,-111.959663,154,3,stop_id,,0,0,,,unknown
8247,16405,Greenway Rd & 58th Pl,EB Greenway Rd & FS 58th Pl,33.6258320000001,-111.954326,154,0,stop_id,,0,0,,,unknown
8248,16406,Greenway Rd & 60th St,EB Greenway Rd & FS 60th St,33.62582,-111.951241,154,0,stop_id,1,0,0,,,unknown
8249,16407,Greenway Rd & 62nd St,EB Greenway Rd & FS 62nd St,33.625815,-111.946875,154,1,stop_id,,0,0,,,unknown
8250,16400,Greenway Rd & Tatum Bl,EB Greenway Rd & FS Tatum Bl,33.6259160000001,-111.97679,154,18,stop_id,,0,0,,,unknown
8251,16377,Greenway Pkwy & 11th Av,EB Greenway Pkwy & FS 11th Av,33.6319340000001,-112.085824,154,1,stop_id,,0,0,,,unknown
8252,16375,Greenway Pkwy & 14th Av,EB Greenway Pkwy & FS 14th Av,33.626723,-112.089791,154,0,stop_id,,0,0,,,unknown
8253,16374,Greenway Pkwy & 17th Av,EB Greenway Pkwy & FS 17th Av,33.6255630000001,-112.096119,154,2,stop_id,,0,0,,,unknown
8254,16373,Greenway Pkwy & 19th Av,EB Greenway Pkwy & FS 19th Av,33.6254220000001,-112.098956,154,75,stop_id,,0,0,,,unknown
8255,16379,Greenway Pkwy & 3rd Av,EB Greenway Pkwy & FS 3rd Av,33.6328290000001,-112.078023,154,1,stop_id,,0,0,,,unknown
8256,16378,Greenway Pkwy & 7th Av,EB Greenway Pkwy & FS 7th Av,33.632802,-112.082443,154,8,stop_id,,0,0,,,unknown
8257,16376,Greenway Pkwy & Tierra Buena Ln,EB Greenway Pkwy & FS Tierra Buena Ln,33.6292050000001,-112.087427,154,1,stop_id,,0,0,,,unknown
8258,16371,Greenway Rd & 23rd Av,EB Greenway Rd & FS 23rd Av,33.6252420000001,-112.107352,154,6,stop_id,,0,0,,,unknown
8259,16370,Greenway Rd & 25th Av,EB Greenway Rd & FS 25th Av,33.625189,-112.113088,154,20,stop_id,,0,0,,,unknown
8260,16369,Greenway Rd & 29th Av,EB Greenway Rd & FS 29th Av,33.6251720000001,-112.119941,154,28,stop_id,,0,0,,,unknown
8261,16368,Greenway Rd & 31st Av,EB Greenway Rd & FS 31st Av,33.62517,-112.124597,154,1,stop_id,,0,0,,,unknown
8262,16367,Greenway Rd & 32nd Dr,EB Greenway Rd & FS 32nd Dr,33.6251580000001,-112.128421,154,5,stop_id,,0,0,,,unknown
8263,16366,Greenway Rd & 35th Av,EB Greenway Rd & FS 35th Av,33.6251040000001,-112.133069,154,57,stop_id,,0,0,,,unknown
8264,16365,Greenway Rd & 37th Dr,EB Greenway Rd & FS 37th Dr,33.6251090000001,-112.138064,154,0,stop_id,,0,0,,,unknown
8265,16364,Greenway Rd & 39th Av,EB Greenway Rd & FS 39th Av,33.6250890000001,-112.141858,154,20,stop_id,,0,0,,,unknown
8266,16363,Greenway Rd & 41st Av,EB Greenway Rd & FS 41st Av,33.6250700000001,-112.146311,154,0,stop_id,,0,0,,,unknown
8267,16362,Greenway Rd & 43rd Av,EB Greenway Rd & FS 43rd Av,33.624983,-112.150452,154,16,stop_id,,0,0,,,unknown
8268,16372,Greenway Rd & 2221 West,EB Greenway Rd & AT 2221 West,33.625369,-112.103744,154,0,stop_id,,0,0,,,unknown
8272,16442,Greenway Pkwy & 12th St,WB Greenway Pkwy & FS 12th St,33.6376040000001,-112.057444,154,3,stop_id,,0,0,,,unknown
8273,16441,Greenway Pkwy & 14th St,WB Greenway Pkwy & FS 14th St,33.6365000000001,-112.052939,154,2,stop_id,,0,0,,,unknown
9454,18455,Galvin Pkwy & Van Buren St,SB Galvin Pkwy & FS Van Buren St,33.4504220000001,-111.956109,56,4,stop_id,,0,0,,,unknown
8274,16440,Greenway Pkwy & 16th St,WB Greenway Pkwy & FS 16th St,33.636535,-112.048752,154,4,stop_id,,0,0,,,unknown
9455,18422,Lower Buckeye Rd & 57th Av,WB Lower Buckeye Rd & FS 57th Av,33.4225710000001,-112.182373,28,1,stop_id,,0,0,,,unknown
8275,16439,Greenway Pkwy & 18th St,WB Greenway Pkwy & FS 18th St,33.6347880000001,-112.044322,154,2,stop_id,,0,0,,,unknown
9457,18458,Northern Av & 17th St,WB Northern Av & FS 17th St,33.5552910000001,-112.046187,80,3,stop_id,,0,0,,,unknown
8276,16438,Greenway Pkwy & 20th St,WB Greenway Pkwy & FS 20th St,33.6330760000001,-112.040054,154,3,stop_id,,0,0,,,unknown
9458,18457,Northern Av & 17th St,EB Northern Av & FS 17th St,33.55503,-112.045092,"80, 16",7,stop_id,,0,0,,,unknown
8277,16445,Greenway Pkwy & 3rd St,WB Greenway Pkwy & FS 3rd St,33.6366150000001,-112.070423,154,10,stop_id,,0,0,,,unknown
8278,16444,Greenway Pkwy & 7th St,WB Greenway Pkwy & FS 7th St,33.6377810000001,-112.066189,154,26,stop_id,,0,0,,,unknown
8279,16437,Greenway Pkwy & Cave Creek Rd,WB Greenway Pkwy & FS Cave Creek Rd,33.632147,-112.031369,154,33,stop_id,,0,0,,,unknown
8280,16417,Greenway Pkwy & Clubgate Dr,WB Greenway Pkwy & FS Clubgate Dr,33.625078,-111.939255,154,7,stop_id,,0,0,,,unknown
8281,16416,Greenway Pkwy & Kierland Bl,WB Greenway Pkwy & FS Kierland Bl,33.6229530000001,-111.931599,154,24,stop_id,,0,0,,,unknown
8282,16415,Greenway Pkwy & Scottsdale Rd,WB Greenway Pkwy & FS Scottsdale Rd,33.6229070000001,-111.926552,154,104,stop_id,,0,0,,,unknown
